video_path,reference_path,method,is_fake,c_lip_sync,c_blinking,c_facial_boundary,c_texture,c_identity,c_lighting
FaceForensics/original/000.mp4,FaceForensics/original/000.mp4,original,0,0.0,0.0,0.0,0.0,0.0,0.0
FaceForensics/Deepfakes/000_003.mp4,FaceForensics/original/000.mp4,deepfakes,1,0.1547,0.0786,0.0803,0.087,0.063,0.0571
FaceForensics/Face2Face/000_003.mp4,FaceForensics/original/000.mp4,face2face,1,0.059,0.0,0.0,0.0,0.0,0.0
FaceForensics/FaceShifter/000_003.mp4,FaceForensics/original/000.mp4,faceshifter,1,0.2592,0.1596,0.0885,0.1102,0.0974,0.096
FaceForensics/FaceSwap/000_003.mp4,FaceForensics/original/000.mp4,faceswap,1,0.4108,0.2573,0.0476,0.094,0.042,0.0546
FaceForensics/NeuralTextures/000_003.mp4,FaceForensics/original/000.mp4,neuraltextures,1,0.053,0.0,0.0,0.0,0.0,0.0
FaceForensics/original/001.mp4,FaceForensics/original/001.mp4,original,0,0.0,0.0,0.0,0.0,0.0,0.0
FaceForensics/Deepfakes/001_870.mp4,FaceForensics/original/001.mp4,deepfakes,1,0.0537,0.0608,0.0,0.0761,0.0939,0.0
FaceForensics/Face2Face/001_870.mp4,FaceForensics/original/001.mp4,face2face,1,0.0,0.0,0.0661,0.068,0.0,0.0407
FaceForensics/FaceShifter/001_870.mp4,FaceForensics/original/001.mp4,faceshifter,1,0.0698,0.0,0.0517,0.0,0.0,0.0
FaceForensics/FaceSwap/001_870.mp4,FaceForensics/original/001.mp4,faceswap,1,0.0546,0.0573,0.0401,0.0,0.0,0.0
FaceForensics/NeuralTextures/001_870.mp4,FaceForensics/original/001.mp4,neuraltextures,1,0.0,0.0,0.0,0.0494,0.0,0.0
FaceForensics/original/002.mp4,FaceForensics/original/002.mp4,original,0,0.0,0.0,0.0,0.0,0.0,0.0
FaceForensics/Deepfakes/002_006.mp4,FaceForensics/original/002.mp4,deepfakes,1,0.0,0.0,0.0,0.0504,0.0413,0.0
FaceForensics/Face2Face/002_006.mp4,FaceForensics/original/002.mp4,face2face,1,0.0507,0.0418,0.0416,0.0,0.0,0.0
FaceForensics/FaceShifter/002_006.mp4,FaceForensics/original/002.mp4,faceshifter,1,0.0,0.0,0.0,0.0,0.0,0.0
FaceForensics/FaceSwap/002_006.mp4,FaceForensics/original/002.mp4,faceswap,1,0.0829,0.0,0.0,0.0,0.0469,0.0
FaceForensics/NeuralTextures/002_006.mp4,FaceForensics/original/002.mp4,neuraltextures,1,0.0624,0.0,0.0,0.0,0.0,0.0
FaceForensics/original/003.mp4,FaceForensics/original/003.mp4,original,0,0.0,0.0,0.0,0.0,0.0,0.0
FaceForensics/Deepfakes/003_000.mp4,FaceForensics/original/003.mp4,deepfakes,1,0.0889,0.0,0.0,0.0,0.0,0.0982
FaceForensics/Face2Face/003_000.mp4,FaceForensics/original/003.mp4,face2face,1,0.0,0.0,0.0,0.0,0.0,0.0
FaceForensics/FaceShifter/003_000.mp4,FaceForensics/original/003.mp4,faceshifter,1,0.0,0.0,0.0,0.0,0.0,0.0
FaceForensics/FaceSwap/003_000.mp4,FaceForensics/original/003.mp4,faceswap,1,0.0,0.372,0.223,0.3344,0.2094,0.2014
FaceForensics/NeuralTextures/003_000.mp4,FaceForensics/original/003.mp4,neuraltextures,1,0.0,0.0,0.0,0.0,0.0,0.0
FaceForensics/original/004.mp4,FaceForensics/original/004.mp4,original,0,0.0,0.0,0.0,0.0,0.0,0.0
FaceForensics/Deepfakes/004_982.mp4,FaceForensics/original/004.mp4,deepfakes,1,0.0,0.0968,0.0,0.0,0.0,0.0
FaceForensics/Face2Face/004_982.mp4,FaceForensics/original/004.mp4,face2face,1,0.0,0.0,0.0,0.0,0.0,0.0
FaceForensics/FaceShifter/004_982.mp4,FaceForensics/original/004.mp4,faceshifter,1,0.0,0.0,0.0,0.0,0.0,0.0
FaceForensics/FaceSwap/004_982.mp4,FaceForensics/original/004.mp4,faceswap,1,0.0,0.0,0.0,0.0,0.0,0.0
FaceForensics/NeuralTextures/004_982.mp4,FaceForensics/original/004.mp4,neuraltextures,1,0.0,0.0,0.0,0.0,0.0,0.0
FaceForensics/original/005.mp4,FaceForensics/original/005.mp4,original,0,0.0,0.0,0.0,0.0,0.0,0.0
FaceForensics/Deepfakes/005_010.mp4,FaceForensics/original/005.mp4,deepfakes,1,0.0,0.044,0.0,0.0,0.0,0.0
FaceForensics/Face2Face/005_010.mp4,FaceForensics/original/005.mp4,face2face,1,0.0495,0.0,0.0,0.0,0.0,0.0
FaceForensics/FaceShifter/005_010.mp4,FaceForensics/original/005.mp4,faceshifter,1,0.0,0.0,0.0,0.0,0.0,0.0
FaceForensics/FaceSwap/005_010.mp4,FaceForensics/original/005.mp4,faceswap,1,0.1754,0.0757,0.0,0.0,0.0512,0.0
FaceForensics/NeuralTextures/005_010.mp4,FaceForensics/original/005.mp4,neuraltextures,1,0.1185,0.0,0.0438,0.0,0.0,0.0
FaceForensics/original/006.mp4,FaceForensics/original/006.mp4,original,0,0.0,0.0,0.0,0.0,0.0,0.0
FaceForensics/Deepfakes/006_002.mp4,FaceForensics/original/006.mp4,deepfakes,1,0.1388,0.0954,0.0,0.082,0.0,0.0474
FaceForensics/Face2Face/006_002.mp4,FaceForensics/original/006.mp4,face2face,1,0.0,0.0,0.0,0.0,0.0,0.0
FaceForensics/FaceShifter/006_002.mp4,FaceForensics/original/006.mp4,faceshifter,1,0.088,0.1004,0.0591,0.0938,0.0,0.0685
FaceForensics/FaceSwap/006_002.mp4,FaceForensics/original/006.mp4,faceswap,1,0.287,0.2059,0.0494,0.1118,0.0525,0.0958
FaceForensics/NeuralTextures/006_002.mp4,FaceForensics/original/006.mp4,neuraltextures,1,0.0501,0.0,0.0,0.0407,0.0,0.0
FaceForensics/original/007.mp4,FaceForensics/original/007.mp4,original,0,0.0,0.0,0.0,0.0,0.0,0.0
FaceForensics/Deepfakes/007_132.mp4,FaceForensics/original/007.mp4,deepfakes,1,0.1041,0.0,0.0619,0.0,0.0,0.058
FaceForensics/Face2Face/007_132.mp4,FaceForensics/original/007.mp4,face2face,1,0.0,0.0,0.0435,0.0,0.0,0.0
FaceForensics/FaceShifter/007_132.mp4,FaceForensics/original/007.mp4,faceshifter,1,0.0449,0.0,0.0,0.0,0.0,0.0
FaceForensics/FaceSwap/007_132.mp4,FaceForensics/original/007.mp4,faceswap,1,0.0,0.0,0.0,0.0,0.0,0.0
FaceForensics/NeuralTextures/007_132.mp4,FaceForensics/original/007.mp4,neuraltextures,1,0.0,0.0,0.0,0.0,0.0,0.0
FaceForensics/original/008.mp4,FaceForensics/original/008.mp4,original,0,0.0,0.0,0.0,0.0,0.0,0.0
FaceForensics/Deepfakes/008_990.mp4,FaceForensics/original/008.mp4,deepfakes,1,0.1125,0.0977,0.161,0.1122,0.0472,0.0737
FaceForensics/Face2Face/008_990.mp4,FaceForensics/original/008.mp4,face2face,1,0.0,0.0,0.0,0.0,0.0,0.0
FaceForensics/FaceShifter/008_990.mp4,FaceForensics/original/008.mp4,faceshifter,1,0.0,0.0,0.0408,0.0518,0.0,0.0
FaceForensics/FaceSwap/008_990.mp4,FaceForensics/original/008.mp4,faceswap,1,0.0,0.0,0.0,0.0,0.0,0.0
FaceForensics/NeuralTextures/008_990.mp4,FaceForensics/original/008.mp4,neuraltextures,1,0.0,0.0,0.0,0.0,0.0,0.0
FaceForensics/original/009.mp4,FaceForensics/original/009.mp4,original,0,0.0,0.0,0.0,0.0,0.0,0.0
FaceForensics/Deepfakes/009_027.mp4,FaceForensics/original/009.mp4,deepfakes,1,0.0768,0.0,0.0811,0.0,0.0,0.0
FaceForensics/Face2Face/009_027.mp4,FaceForensics/original/009.mp4,face2face,1,0.0,0.0,0.0515,0.0,0.0,0.0
FaceForensics/FaceShifter/009_027.mp4,FaceForensics/original/009.mp4,faceshifter,1,0.0,0.0,0.0452,0.0,0.0,0.0
FaceForensics/FaceSwap/009_027.mp4,FaceForensics/original/009.mp4,faceswap,1,0.0,0.0,0.0677,0.0,0.0,0.0
FaceForensics/NeuralTextures/009_027.mp4,FaceForensics/original/009.mp4,neuraltextures,1,0.0,0.0,0.0,0.0,0.0,0.0
FaceForensics/original/010.mp4,FaceForensics/original/010.mp4,original,0,0.0,0.0,0.0,0.0,0.0,0.0
FaceForensics/Deepfakes/010_005.mp4,FaceForensics/original/010.mp4,deepfakes,1,0.0969,0.0609,0.0522,0.0,0.0489,0.0
FaceForensics/Face2Face/010_005.mp4,FaceForensics/original/010.mp4,face2face,1,0.0,0.0,0.0,0.0,0.0,0.0
FaceForensics/FaceShifter/010_005.mp4,FaceForensics/original/010.mp4,faceshifter,1,0.0,0.0,0.0,0.0,0.0,0.0
FaceForensics/FaceSwap/010_005.mp4,FaceForensics/original/010.mp4,faceswap,1,0.0563,0.0,0.0438,0.0,0.0,0.0
FaceForensics/NeuralTextures/010_005.mp4,FaceForensics/original/010.mp4,neuraltextures,1,0.0,0.0,0.0,0.0,0.0,0.0
FaceForensics/original/011.mp4,FaceForensics/original/011.mp4,original,0,0.0,0.0,0.0,0.0,0.0,0.0
FaceForensics/Deepfakes/011_805.mp4,FaceForensics/original/011.mp4,deepfakes,1,0.0,0.0,0.0,0.0,0.0,0.0
FaceForensics/Face2Face/011_805.mp4,FaceForensics/original/011.mp4,face2face,1,0.0561,0.0,0.0,0.0,0.0,0.0437
FaceForensics/FaceShifter/011_805.mp4,FaceForensics/original/011.mp4,faceshifter,1,0.0,0.0,0.0,0.0,0.0,0.0
FaceForensics/FaceSwap/011_805.mp4,FaceForensics/original/011.mp4,faceswap,1,0.0985,0.1078,0.1056,0.1401,0.1048,0.0845
FaceForensics/NeuralTextures/011_805.mp4,FaceForensics/original/011.mp4,neuraltextures,1,0.0,0.0,0.0,0.0,0.0,0.0
FaceForensics/original/012.mp4,FaceForensics/original/012.mp4,original,0,0.0,0.0,0.0,0.0,0.0,0.0
FaceForensics/Deepfakes/012_026.mp4,FaceForensics/original/012.mp4,deepfakes,1,0.0713,0.0,0.0661,0.0,0.0,0.0
FaceForensics/Face2Face/012_026.mp4,FaceForensics/original/012.mp4,face2face,1,0.0,0.0,0.0,0.0,0.0,0.0
FaceForensics/FaceShifter/012_026.mp4,FaceForensics/original/012.mp4,faceshifter,1,0.1718,0.1428,0.2075,0.0753,0.0781,0.0507
FaceForensics/FaceSwap/012_026.mp4,FaceForensics/original/012.mp4,faceswap,1,0.1489,0.0898,0.0759,0.0933,0.087,0.0653
FaceForensics/NeuralTextures/012_026.mp4,FaceForensics/original/012.mp4,neuraltextures,1,0.0,0.0509,0.0,0.0,0.0,0.0
FaceForensics/original/013.mp4,FaceForensics/original/013.mp4,original,0,0.0,0.0,0.0,0.0,0.0,0.0
FaceForensics/Deepfakes/013_883.mp4,FaceForensics/original/013.mp4,deepfakes,1,0.0414,0.0658,0.0499,0.0,0.0628,0.0
FaceForensics/Face2Face/013_883.mp4,FaceForensics/original/013.mp4,face2face,1,0.0522,0.0,0.0,0.0,0.0,0.0
FaceForensics/FaceShifter/013_883.mp4,FaceForensics/original/013.mp4,faceshifter,1,0.0,0.0,0.0,0.0,0.0578,0.0
FaceForensics/FaceSwap/013_883.mp4,FaceForensics/original/013.mp4,faceswap,1,0.1471,0.1996,0.0587,0.0,0.0906,0.0
FaceForensics/NeuralTextures/013_883.mp4,FaceForensics/original/013.mp4,neuraltextures,1,0.0,0.0,0.0,0.0,0.0,0.0
FaceForensics/original/014.mp4,FaceForensics/original/014.mp4,original,0,0.0,0.0,0.0,0.0,0.0,0.0404
FaceForensics/Deepfakes/014_790.mp4,FaceForensics/original/014.mp4,deepfakes,1,0.0805,0.0,0.0481,0.0822,0.0,0.0
FaceForensics/Face2Face/014_790.mp4,FaceForensics/original/014.mp4,face2face,1,0.0,0.0,0.0743,0.0617,0.0,0.0807
FaceForensics/FaceShifter/014_790.mp4,FaceForensics/original/014.mp4,faceshifter,1,0.055,0.0,0.1129,0.0854,0.0,0.0
FaceForensics/FaceSwap/014_790.mp4,FaceForensics/original/014.mp4,faceswap,1,0.0601,0.0,0.1349,0.0591,0.0,0.0
FaceForensics/NeuralTextures/014_790.mp4,FaceForensics/original/014.mp4,neuraltextures,1,0.0,0.0,0.0,0.0,0.0,0.0
FaceForensics/original/015.mp4,FaceForensics/original/015.mp4,original,0,0.0,0.0,0.0,0.0,0.0,0.0
FaceForensics/Deepfakes/015_919.mp4,FaceForensics/original/015.mp4,deepfakes,1,0.0623,0.0,0.0,0.0,0.0,0.0
FaceForensics/Face2Face/015_919.mp4,FaceForensics/original/015.mp4,face2face,1,0.0,0.0,0.0,0.0,0.0,0.0
FaceForensics/FaceShifter/015_919.mp4,FaceForensics/original/015.mp4,faceshifter,1,0.0436,0.0,0.0,0.0,0.0507,0.0458
FaceForensics/FaceSwap/015_919.mp4,FaceForensics/original/015.mp4,faceswap,1,0.0908,0.0899,0.0,0.0452,0.0403,0.0
FaceForensics/NeuralTextures/015_919.mp4,FaceForensics/original/015.mp4,neuraltextures,1,0.0,0.0,0.0,0.0,0.0,0.0
FaceForensics/original/016.mp4,FaceForensics/original/016.mp4,original,0,0.0,0.0,0.0,0.0,0.0,0.0
FaceForensics/Deepfakes/016_209.mp4,FaceForensics/original/016.mp4,deepfakes,1,0.0,0.0,0.0603,0.0,0.0,0.0
FaceForensics/Face2Face/016_209.mp4,FaceForensics/original/016.mp4,face2face,1,0.0498,0.0,0.0,0.0444,0.0,0.0
FaceForensics/FaceShifter/016_209.mp4,FaceForensics/original/016.mp4,faceshifter,1,0.0838,0.0,0.0756,0.0596,0.0,0.0
FaceForensics/FaceSwap/016_209.mp4,FaceForensics/original/016.mp4,faceswap,1,0.1749,0.1297,0.065,0.1081,0.0596,0.0
FaceForensics/NeuralTextures/016_209.mp4,FaceForensics/original/016.mp4,neuraltextures,1,0.0873,0.042,0.0,0.0445,0.0,0.0
FaceForensics/original/017.mp4,FaceForensics/original/017.mp4,original,0,0.0,0.0,0.0,0.0,0.0,0.0
FaceForensics/Deepfakes/017_803.mp4,FaceForensics/original/017.mp4,deepfakes,1,0.1636,0.0928,0.0987,0.1325,0.1343,0.0715
FaceForensics/Face2Face/017_803.mp4,FaceForensics/original/017.mp4,face2face,1,0.1367,0.0,0.0428,0.045,0.0428,0.0
FaceForensics/FaceShifter/017_803.mp4,FaceForensics/original/017.mp4,faceshifter,1,0.0,0.0,0.0,0.0,0.0,0.0
FaceForensics/FaceSwap/017_803.mp4,FaceForensics/original/017.mp4,faceswap,1,0.155,0.0507,0.047,0.0449,0.0428,0.0
FaceForensics/NeuralTextures/017_803.mp4,FaceForensics/original/017.mp4,neuraltextures,1,0.1744,0.043,0.0423,0.0,0.0474,0.0547
FaceForensics/original/018.mp4,FaceForensics/original/018.mp4,original,0,0.0,0.0,0.0,0.0,0.0,0.0
FaceForensics/Deepfakes/018_019.mp4,FaceForensics/original/018.mp4,deepfakes,1,0.1575,0.0548,0.0551,0.0605,0.045,0.0
FaceForensics/Face2Face/018_019.mp4,FaceForensics/original/018.mp4,face2face,1,0.0,0.0,0.0,0.0,0.0,0.0
FaceForensics/FaceShifter/018_019.mp4,FaceForensics/original/018.mp4,faceshifter,1,0.0,0.0,0.0,0.0,0.0,0.0
FaceForensics/FaceSwap/018_019.mp4,FaceForensics/original/018.mp4,faceswap,1,0.0,0.0,0.0,0.0,0.0,0.0
FaceForensics/NeuralTextures/018_019.mp4,FaceForensics/original/018.mp4,neuraltextures,1,0.0974,0.0,0.0558,0.0,0.0,0.0
FaceForensics/original/019.mp4,FaceForensics/original/019.mp4,original,0,0.0,0.0,0.0,0.0,0.0,0.0
FaceForensics/Deepfakes/019_018.mp4,FaceForensics/original/019.mp4,deepfakes,1,0.0,0.0,0.0,0.0,0.0,0.0
FaceForensics/Face2Face/019_018.mp4,FaceForensics/original/019.mp4,face2face,1,0.0,0.0546,0.0,0.0491,0.0456,0.0
FaceForensics/FaceShifter/019_018.mp4,FaceForensics/original/019.mp4,faceshifter,1,0.0,0.0568,0.0,0.0,0.0,0.0617
FaceForensics/FaceSwap/019_018.mp4,FaceForensics/original/019.mp4,faceswap,1,0.0,0.0,0.0624,0.0434,0.0,0.0
FaceForensics/NeuralTextures/019_018.mp4,FaceForensics/original/019.mp4,neuraltextures,1,0.0,0.0,0.0,0.0528,0.0,0.0
FaceForensics/original/020.mp4,FaceForensics/original/020.mp4,original,0,0.0,0.0,0.0,0.0,0.0,0.0
FaceForensics/Deepfakes/020_344.mp4,FaceForensics/original/020.mp4,deepfakes,1,0.0,0.1146,0.1335,0.0857,0.0,0.0616
FaceForensics/Face2Face/020_344.mp4,FaceForensics/original/020.mp4,face2face,1,0.0,0.0,0.0,0.0,0.0,0.0
FaceForensics/FaceShifter/020_344.mp4,FaceForensics/original/020.mp4,faceshifter,1,0.0,0.0,0.0,0.0,0.0,0.0
FaceForensics/FaceSwap/020_344.mp4,FaceForensics/original/020.mp4,faceswap,1,0.0801,0.147,0.0698,0.0,0.0,0.0507
FaceForensics/NeuralTextures/020_344.mp4,FaceForensics/original/020.mp4,neuraltextures,1,0.0,0.0,0.0,0.0,0.0,0.0
FaceForensics/original/021.mp4,FaceForensics/original/021.mp4,original,0,0.0,0.0,0.0,0.0,0.0,0.0
FaceForensics/Deepfakes/021_312.mp4,FaceForensics/original/021.mp4,deepfakes,1,0.0,0.0,0.0,0.0,0.0,0.0
FaceForensics/Face2Face/021_312.mp4,FaceForensics/original/021.mp4,face2face,1,0.1388,0.0822,0.1557,0.0999,0.0542,0.0781
FaceForensics/FaceShifter/021_312.mp4,FaceForensics/original/021.mp4,faceshifter,1,0.0,0.0,0.0485,0.0,0.0,0.0
FaceForensics/FaceSwap/021_312.mp4,FaceForensics/original/021.mp4,faceswap,1,0.0,0.0,0.0407,0.0607,0.0,0.0
FaceForensics/NeuralTextures/021_312.mp4,FaceForensics/original/021.mp4,neuraltextures,1,0.0,0.0,0.06,0.0,0.0,0.0
FaceForensics/original/022.mp4,FaceForensics/original/022.mp4,original,0,0.0,0.0,0.0,0.0,0.0,0.0
FaceForensics/Deepfakes/022_489.mp4,FaceForensics/original/022.mp4,deepfakes,1,0.05,0.0,0.0,0.0464,0.0,0.0
FaceForensics/Face2Face/022_489.mp4,FaceForensics/original/022.mp4,face2face,1,0.0,0.0,0.0,0.0,0.0,0.0
FaceForensics/FaceShifter/022_489.mp4,FaceForensics/original/022.mp4,faceshifter,1,0.069,0.0,0.0689,0.064,0.0,0.0
FaceForensics/FaceSwap/022_489.mp4,FaceForensics/original/022.mp4,faceswap,1,0.0,0.0,0.0,0.0,0.0,0.0
FaceForensics/NeuralTextures/022_489.mp4,FaceForensics/original/022.mp4,neuraltextures,1,0.0,0.0,0.0,0.0,0.0,0.0
FaceForensics/original/023.mp4,FaceForensics/original/023.mp4,original,0,0.0,0.0,0.0,0.0,0.0,0.0
FaceForensics/Deepfakes/023_923.mp4,FaceForensics/original/023.mp4,deepfakes,1,0.0455,0.0574,0.0,0.0,0.0,0.0
FaceForensics/Face2Face/023_923.mp4,FaceForensics/original/023.mp4,face2face,1,0.1092,0.0,0.1449,0.0845,0.0697,0.0
FaceForensics/FaceShifter/023_923.mp4,FaceForensics/original/023.mp4,faceshifter,1,0.0777,0.0405,0.0,0.0,0.0,0.0
FaceForensics/FaceSwap/023_923.mp4,FaceForensics/original/023.mp4,faceswap,1,0.0775,0.0842,0.0,0.0,0.041,0.0
FaceForensics/NeuralTextures/023_923.mp4,FaceForensics/original/023.mp4,neuraltextures,1,0.1817,0.0782,0.1722,0.1252,0.0748,0.0689
FaceForensics/original/024.mp4,FaceForensics/original/024.mp4,original,0,0.0,0.0,0.0,0.0,0.0,0.0
FaceForensics/Deepfakes/024_073.mp4,FaceForensics/original/024.mp4,deepfakes,1,0.4189,0.1274,0.1025,0.1216,0.0,0.1005
FaceForensics/Face2Face/024_073.mp4,FaceForensics/original/024.mp4,face2face,1,0.0,0.0,0.0,0.0,0.0,0.0
FaceForensics/FaceShifter/024_073.mp4,FaceForensics/original/024.mp4,faceshifter,1,0.0917,0.0,0.0,0.0,0.0,0.0545
FaceForensics/FaceSwap/024_073.mp4,FaceForensics/original/024.mp4,faceswap,1,0.3755,0.0,0.0406,0.0652,0.0,0.0697
FaceForensics/NeuralTextures/024_073.mp4,FaceForensics/original/024.mp4,neuraltextures,1,0.0764,0.0661,0.0,0.0,0.0,0.0
FaceForensics/original/025.mp4,FaceForensics/original/025.mp4,original,0,0.0,0.0,0.0,0.0,0.0,0.0
FaceForensics/Deepfakes/025_067.mp4,FaceForensics/original/025.mp4,deepfakes,1,0.0,0.0,0.0,0.0,0.0,0.0
FaceForensics/Face2Face/025_067.mp4,FaceForensics/original/025.mp4,face2face,1,0.0,0.0,0.0,0.0,0.0,0.0
FaceForensics/FaceShifter/025_067.mp4,FaceForensics/original/025.mp4,faceshifter,1,0.0,0.0,0.0,0.0,0.0,0.0
FaceForensics/FaceSwap/025_067.mp4,FaceForensics/original/025.mp4,faceswap,1,0.1222,0.0537,0.0668,0.0731,0.0457,0.0454
FaceForensics/NeuralTextures/025_067.mp4,FaceForensics/original/025.mp4,neuraltextures,1,0.0,0.0,0.0,0.0,0.0,0.0
FaceForensics/original/026.mp4,FaceForensics/original/026.mp4,original,0,0.0,0.0,0.0,0.0,0.0,0.0
FaceForensics/Deepfakes/026_012.mp4,FaceForensics/original/026.mp4,deepfakes,1,0.0,0.0,0.0,0.0,0.0,0.0
FaceForensics/Face2Face/026_012.mp4,FaceForensics/original/026.mp4,face2face,1,0.0704,0.0,0.0,0.0,0.0,0.0
FaceForensics/FaceShifter/026_012.mp4,FaceForensics/original/026.mp4,faceshifter,1,0.0,0.0,0.1305,0.0,0.0,0.0
FaceForensics/FaceSwap/026_012.mp4,FaceForensics/original/026.mp4,faceswap,1,0.0,0.0,0.0,0.0,0.0,0.0
FaceForensics/NeuralTextures/026_012.mp4,FaceForensics/original/026.mp4,neuraltextures,1,0.0767,0.0,0.0,0.0,0.0,0.0
FaceForensics/original/027.mp4,FaceForensics/original/027.mp4,original,0,0.0,0.0,0.0,0.0,0.0,0.0
FaceForensics/Deepfakes/027_009.mp4,FaceForensics/original/027.mp4,deepfakes,1,0.2368,0.0762,0.1282,0.1303,0.0,0.0
FaceForensics/Face2Face/027_009.mp4,FaceForensics/original/027.mp4,face2face,1,0.0,0.0,0.0936,0.0,0.0,0.0
FaceForensics/FaceShifter/027_009.mp4,FaceForensics/original/027.mp4,faceshifter,1,0.0,0.0,0.0,0.0,0.0,0.0
FaceForensics/FaceSwap/027_009.mp4,FaceForensics/original/027.mp4,faceswap,1,0.1918,0.0,0.142,0.0803,0.0,0.0566
FaceForensics/NeuralTextures/027_009.mp4,FaceForensics/original/027.mp4,neuraltextures,1,0.0,0.0,0.0983,0.0,0.0,0.0
FaceForensics/original/028.mp4,FaceForensics/original/028.mp4,original,0,0.0,0.0,0.0,0.0,0.0,0.0
FaceForensics/Deepfakes/028_068.mp4,FaceForensics/original/028.mp4,deepfakes,1,0.0,0.0967,0.0,0.0,0.0958,0.0
FaceForensics/Face2Face/028_068.mp4,FaceForensics/original/028.mp4,face2face,1,0.0,0.0,0.0,0.0,0.0,0.0
FaceForensics/FaceShifter/028_068.mp4,FaceForensics/original/028.mp4,faceshifter,1,0.0,0.0,0.0,0.0,0.0409,0.0
FaceForensics/FaceSwap/028_068.mp4,FaceForensics/original/028.mp4,faceswap,1,0.0,0.0631,0.0,0.0,0.0,0.0
FaceForensics/NeuralTextures/028_068.mp4,FaceForensics/original/028.mp4,neuraltextures,1,0.0,0.0,0.0446,0.0,0.0,0.0
FaceForensics/original/029.mp4,FaceForensics/original/029.mp4,original,0,0.0,0.0,0.0,0.0,0.0,0.0
FaceForensics/Deepfakes/029_048.mp4,FaceForensics/original/029.mp4,deepfakes,1,0.146,0.0596,0.0,0.0728,0.0934,0.1023
FaceForensics/Face2Face/029_048.mp4,FaceForensics/original/029.mp4,face2face,1,0.0,0.0,0.0,0.0,0.0,0.0
FaceForensics/FaceShifter/029_048.mp4,FaceForensics/original/029.mp4,faceshifter,1,0.1496,0.0512,0.0,0.0712,0.0866,0.0714
FaceForensics/FaceSwap/029_048.mp4,FaceForensics/original/029.mp4,faceswap,1,0.1696,0.1544,0.0495,0.0,0.0828,0.0619
FaceForensics/NeuralTextures/029_048.mp4,FaceForensics/original/029.mp4,neuraltextures,1,0.0,0.0,0.0,0.0,0.0,0.0
FaceForensics/original/030.mp4,FaceForensics/original/030.mp4,original,0,0.0,0.0,0.0,0.0,0.0,0.0
FaceForensics/Deepfakes/030_193.mp4,FaceForensics/original/030.mp4,deepfakes,1,0.0,0.0412,0.1725,0.2405,0.0441,0.1466
FaceForensics/Face2Face/030_193.mp4,FaceForensics/original/030.mp4,face2face,1,0.184,0.0,0.0,0.0,0.0,0.0
FaceForensics/FaceShifter/030_193.mp4,FaceForensics/original/030.mp4,faceshifter,1,0.0,0.0578,0.0,0.0,0.0,0.0
FaceForensics/FaceSwap/030_193.mp4,FaceForensics/original/030.mp4,faceswap,1,0.0,0.0934,0.0658,0.1189,0.0534,0.0684
FaceForensics/NeuralTextures/030_193.mp4,FaceForensics/original/030.mp4,neuraltextures,1,0.0,0.0,0.0,0.0,0.0,0.0
FaceForensics/original/031.mp4,FaceForensics/original/031.mp4,original,0,0.0,0.0,0.0,0.0,0.0,0.0
FaceForensics/Deepfakes/031_163.mp4,FaceForensics/original/031.mp4,deepfakes,1,0.0,0.0,0.0,0.0,0.0,0.0
FaceForensics/Face2Face/031_163.mp4,FaceForensics/original/031.mp4,face2face,1,0.0,0.0,0.0,0.0,0.0,0.0
FaceForensics/FaceShifter/031_163.mp4,FaceForensics/original/031.mp4,faceshifter,1,0.0,0.0,0.0,0.0562,0.0,0.0
FaceForensics/FaceSwap/031_163.mp4,FaceForensics/original/031.mp4,faceswap,1,0.0,0.0,0.0,0.0,0.0,0.0
FaceForensics/NeuralTextures/031_163.mp4,FaceForensics/original/031.mp4,neuraltextures,1,0.0,0.0,0.0,0.0,0.0,0.0
FaceForensics/original/032.mp4,FaceForensics/original/032.mp4,original,0,0.0,0.0,0.0,0.0,0.0,0.0
FaceForensics/Deepfakes/032_944.mp4,FaceForensics/original/032.mp4,deepfakes,1,0.135,0.0766,0.1087,0.0721,0.0673,0.2171
FaceForensics/Face2Face/032_944.mp4,FaceForensics/original/032.mp4,face2face,1,0.387,0.0,0.0652,0.0967,0.0474,0.1
FaceForensics/FaceShifter/032_944.mp4,FaceForensics/original/032.mp4,faceshifter,1,0.0459,0.0,0.0,0.0,0.0429,0.0
FaceForensics/FaceSwap/032_944.mp4,FaceForensics/original/032.mp4,faceswap,1,0.1396,0.121,0.0787,0.0965,0.0673,0.1444
FaceForensics/NeuralTextures/032_944.mp4,FaceForensics/original/032.mp4,neuraltextures,1,0.0406,0.0,0.0,0.0429,0.0,0.0
FaceForensics/original/033.mp4,FaceForensics/original/033.mp4,original,0,0.0,0.0,0.0,0.0,0.0,0.0
FaceForensics/Deepfakes/033_097.mp4,FaceForensics/original/033.mp4,deepfakes,1,0.0,0.0,0.0,0.0,0.0,0.0
FaceForensics/Face2Face/033_097.mp4,FaceForensics/original/033.mp4,face2face,1,0.0706,0.0544,0.0,0.0448,0.0,0.0
FaceForensics/FaceShifter/033_097.mp4,FaceForensics/original/033.mp4,faceshifter,1,0.0,0.0,0.0,0.0,0.0,0.0
FaceForensics/FaceSwap/033_097.mp4,FaceForensics/original/033.mp4,faceswap,1,0.0,0.0,0.0,0.0,0.0,0.0
FaceForensics/NeuralTextures/033_097.mp4,FaceForensics/original/033.mp4,neuraltextures,1,0.0,0.0,0.0,0.0,0.0,0.0
FaceForensics/original/034.mp4,FaceForensics/original/034.mp4,original,0,0.0,0.0,0.0,0.0,0.0,0.0
FaceForensics/Deepfakes/034_590.mp4,FaceForensics/original/034.mp4,deepfakes,1,0.0,0.0539,0.0464,0.0429,0.0,0.0
FaceForensics/Face2Face/034_590.mp4,FaceForensics/original/034.mp4,face2face,1,0.0437,0.0,0.0,0.0,0.0,0.0
FaceForensics/FaceShifter/034_590.mp4,FaceForensics/original/034.mp4,faceshifter,1,0.0492,0.0,0.0,0.0543,0.0485,0.078
FaceForensics/FaceSwap/034_590.mp4,FaceForensics/original/034.mp4,faceswap,1,0.0438,0.0,0.0753,0.0,0.0,0.0
FaceForensics/NeuralTextures/034_590.mp4,FaceForensics/original/034.mp4,neuraltextures,1,0.077,0.0,0.0449,0.0402,0.0,0.0421
FaceForensics/original/035.mp4,FaceForensics/original/035.mp4,original,0,0.0,0.0,0.0,0.0,0.0,0.0
FaceForensics/Deepfakes/035_036.mp4,FaceForensics/original/035.mp4,deepfakes,1,0.0,0.0,0.0,0.0,0.0,0.0
FaceForensics/Face2Face/035_036.mp4,FaceForensics/original/035.mp4,face2face,1,0.0454,0.0,0.0,0.0,0.0,0.0
FaceForensics/FaceShifter/035_036.mp4,FaceForensics/original/035.mp4,faceshifter,1,0.073,0.087,0.0475,0.0527,0.0418,0.0
FaceForensics/FaceSwap/035_036.mp4,FaceForensics/original/035.mp4,faceswap,1,0.0,0.0,0.0,0.0,0.0,0.0
FaceForensics/NeuralTextures/035_036.mp4,FaceForensics/original/035.mp4,neuraltextures,1,0.0,0.0,0.0,0.0,0.0,0.0
FaceForensics/original/036.mp4,FaceForensics/original/036.mp4,original,0,0.0,0.0,0.0,0.0,0.0,0.0
FaceForensics/Deepfakes/036_035.mp4,FaceForensics/original/036.mp4,deepfakes,1,0.0,0.1378,0.2449,0.1595,0.1275,0.0971
FaceForensics/Face2Face/036_035.mp4,FaceForensics/original/036.mp4,face2face,1,0.0,0.0,0.0423,0.0639,0.0663,0.0
FaceForensics/FaceShifter/036_035.mp4,FaceForensics/original/036.mp4,faceshifter,1,0.0,0.059,0.0532,0.0588,0.0468,0.0
FaceForensics/FaceSwap/036_035.mp4,FaceForensics/original/036.mp4,faceswap,1,0.0,0.0687,0.0,0.0526,0.0458,0.0
FaceForensics/NeuralTextures/036_035.mp4,FaceForensics/original/036.mp4,neuraltextures,1,0.0,0.0,0.0,0.0408,0.0,0.0
FaceForensics/original/037.mp4,FaceForensics/original/037.mp4,original,0,0.0,0.0,0.0,0.0,0.0,0.0
FaceForensics/Deepfakes/037_072.mp4,FaceForensics/original/037.mp4,deepfakes,1,0.0,0.0,0.0,0.0,0.0,0.0
FaceForensics/Face2Face/037_072.mp4,FaceForensics/original/037.mp4,face2face,1,0.0,0.0,0.0406,0.0,0.0,0.0
FaceForensics/FaceShifter/037_072.mp4,FaceForensics/original/037.mp4,faceshifter,1,0.0645,0.0,0.0,0.0,0.0,0.0
FaceForensics/FaceSwap/037_072.mp4,FaceForensics/original/037.mp4,faceswap,1,0.0,0.0,0.0,0.0,0.0,0.0
FaceForensics/NeuralTextures/037_072.mp4,FaceForensics/original/037.mp4,neuraltextures,1,0.0,0.0,0.0,0.0,0.0,0.0
FaceForensics/original/038.mp4,FaceForensics/original/038.mp4,original,0,0.0,0.0,0.0,0.0,0.0,0.0
FaceForensics/Deepfakes/038_125.mp4,FaceForensics/original/038.mp4,deepfakes,1,0.2049,0.0829,0.0455,0.0814,0.0,0.0667
FaceForensics/Face2Face/038_125.mp4,FaceForensics/original/038.mp4,face2face,1,0.0,0.0,0.0,0.0,0.0,0.0
FaceForensics/FaceShifter/038_125.mp4,FaceForensics/original/038.mp4,faceshifter,1,0.1141,0.0835,0.0,0.0528,0.0,0.0
FaceForensics/FaceSwap/038_125.mp4,FaceForensics/original/038.mp4,faceswap,1,0.2623,0.1466,0.1041,0.1578,0.0639,0.1024
FaceForensics/NeuralTextures/038_125.mp4,FaceForensics/original/038.mp4,neuraltextures,1,0.0,0.0,0.0,0.0,0.0,0.0
FaceForensics/original/039.mp4,FaceForensics/original/039.mp4,original,0,0.0,0.0,0.0,0.0,0.0,0.0
FaceForensics/Deepfakes/039_058.mp4,FaceForensics/original/039.mp4,deepfakes,1,0.0,0.1059,0.093,0.0497,0.0782,0.0
FaceForensics/Face2Face/039_058.mp4,FaceForensics/original/039.mp4,face2face,1,0.0741,0.0503,0.0456,0.0,0.0,0.05
FaceForensics/FaceShifter/039_058.mp4,FaceForensics/original/039.mp4,faceshifter,1,0.0,0.0,0.0,0.0,0.0,0.0
FaceForensics/FaceSwap/039_058.mp4,FaceForensics/original/039.mp4,faceswap,1,0.0,0.0,0.0,0.0,0.0,0.0
FaceForensics/NeuralTextures/039_058.mp4,FaceForensics/original/039.mp4,neuraltextures,1,0.0,0.0,0.0,0.0,0.0,0.0
FaceForensics/original/040.mp4,FaceForensics/original/040.mp4,original,0,0.0,0.0,0.0,0.0,0.0,0.0
FaceForensics/Deepfakes/040_997.mp4,FaceForensics/original/040.mp4,deepfakes,1,0.0,0.0567,0.0,0.0418,0.0488,0.0
FaceForensics/Face2Face/040_997.mp4,FaceForensics/original/040.mp4,face2face,1,0.0445,0.0,0.0,0.0,0.0,0.0
FaceForensics/FaceShifter/040_997.mp4,FaceForensics/original/040.mp4,faceshifter,1,0.0,0.0,0.0,0.0,0.0,0.0
FaceForensics/FaceSwap/040_997.mp4,FaceForensics/original/040.mp4,faceswap,1,0.0707,0.0,0.0479,0.0427,0.0,0.0
FaceForensics/NeuralTextures/040_997.mp4,FaceForensics/original/040.mp4,neuraltextures,1,0.0,0.0,0.0,0.0,0.0,0.0
FaceForensics/original/041.mp4,FaceForensics/original/041.mp4,original,0,0.0,0.0,0.0,0.0,0.0,0.0
FaceForensics/Deepfakes/041_063.mp4,FaceForensics/original/041.mp4,deepfakes,1,0.052,0.0553,0.0,0.0,0.0418,0.0
FaceForensics/Face2Face/041_063.mp4,FaceForensics/original/041.mp4,face2face,1,0.0646,0.0601,0.0,0.0,0.0,0.0
FaceForensics/FaceShifter/041_063.mp4,FaceForensics/original/041.mp4,faceshifter,1,0.0,0.0407,0.0,0.0,0.0,0.0
FaceForensics/FaceSwap/041_063.mp4,FaceForensics/original/041.mp4,faceswap,1,0.1294,0.1364,0.0675,0.043,0.0,0.0
FaceForensics/NeuralTextures/041_063.mp4,FaceForensics/original/041.mp4,neuraltextures,1,0.0516,0.0,0.0,0.0,0.0,0.0
FaceForensics/original/042.mp4,FaceForensics/original/042.mp4,original,0,0.0,0.0,0.0,0.0,0.0,0.0
FaceForensics/Deepfakes/042_084.mp4,FaceForensics/original/042.mp4,deepfakes,1,0.2979,0.076,0.0,0.0572,0.0,0.0874
FaceForensics/Face2Face/042_084.mp4,FaceForensics/original/042.mp4,face2face,1,0.1346,0.0,0.0522,0.0,0.0,0.0
FaceForensics/FaceShifter/042_084.mp4,FaceForensics/original/042.mp4,faceshifter,1,0.1978,0.0438,0.0,0.0433,0.0,0.0
FaceForensics/FaceSwap/042_084.mp4,FaceForensics/original/042.mp4,faceswap,1,0.3238,0.0691,0.0,0.062,0.0,0.0
FaceForensics/NeuralTextures/042_084.mp4,FaceForensics/original/042.mp4,neuraltextures,1,0.2142,0.0,0.0,0.0,0.0,0.0
FaceForensics/original/043.mp4,FaceForensics/original/043.mp4,original,0,0.0,0.0,0.0,0.0,0.0,0.0
FaceForensics/Deepfakes/043_110.mp4,FaceForensics/original/043.mp4,deepfakes,1,0.0966,0.082,0.0,0.0615,0.0,0.0
FaceForensics/Face2Face/043_110.mp4,FaceForensics/original/043.mp4,face2face,1,0.0,0.0,0.0,0.0521,0.0,0.0
FaceForensics/FaceShifter/043_110.mp4,FaceForensics/original/043.mp4,faceshifter,1,0.0513,0.0,0.0417,0.0806,0.0,0.0411
FaceForensics/FaceSwap/043_110.mp4,FaceForensics/original/043.mp4,faceswap,1,0.1355,0.1126,0.0,0.05,0.0564,0.0
FaceForensics/NeuralTextures/043_110.mp4,FaceForensics/original/043.mp4,neuraltextures,1,0.0,0.0,0.0,0.0738,0.0,0.0
FaceForensics/original/044.mp4,FaceForensics/original/044.mp4,original,0,0.0,0.0,0.0,0.0,0.0,0.0
FaceForensics/Deepfakes/044_945.mp4,FaceForensics/original/044.mp4,deepfakes,1,0.0657,0.0618,0.3415,0.1323,0.0,0.155
FaceForensics/Face2Face/044_945.mp4,FaceForensics/original/044.mp4,face2face,1,0.0,0.0,0.0,0.0,0.0,0.0
FaceForensics/FaceShifter/044_945.mp4,FaceForensics/original/044.mp4,faceshifter,1,0.0,0.0448,0.0,0.0,0.0,0.0
FaceForensics/FaceSwap/044_945.mp4,FaceForensics/original/044.mp4,faceswap,1,0.0,0.0845,0.3098,0.1066,0.06,0.1893
FaceForensics/NeuralTextures/044_945.mp4,FaceForensics/original/044.mp4,neuraltextures,1,0.0,0.0,0.0,0.0,0.0,0.0
FaceForensics/original/045.mp4,FaceForensics/original/045.mp4,original,0,0.0,0.0,0.0,0.0,0.0,0.0
FaceForensics/Deepfakes/045_889.mp4,FaceForensics/original/045.mp4,deepfakes,1,0.097,0.047,0.1577,0.1671,0.1328,0.1886
FaceForensics/Face2Face/045_889.mp4,FaceForensics/original/045.mp4,face2face,1,0.0986,0.0,0.0,0.0,0.0,0.0
FaceForensics/FaceShifter/045_889.mp4,FaceForensics/original/045.mp4,faceshifter,1,0.0,0.0428,0.0,0.0516,0.0,0.0466
FaceForensics/FaceSwap/045_889.mp4,FaceForensics/original/045.mp4,faceswap,1,0.2125,0.1336,0.0794,0.1948,0.1992,0.218
FaceForensics/NeuralTextures/045_889.mp4,FaceForensics/original/045.mp4,neuraltextures,1,0.0,0.0,0.0,0.0,0.0,0.0
FaceForensics/original/046.mp4,FaceForensics/original/046.mp4,original,0,0.0,0.0,0.0,0.0,0.0,0.0
FaceForensics/Deepfakes/046_904.mp4,FaceForensics/original/046.mp4,deepfakes,1,0.0,0.0,0.0,0.0468,0.0401,0.0
FaceForensics/Face2Face/046_904.mp4,FaceForensics/original/046.mp4,face2face,1,0.1462,0.0,0.1254,0.0523,0.0,0.1165
FaceForensics/FaceShifter/046_904.mp4,FaceForensics/original/046.mp4,faceshifter,1,0.0,0.0,0.0,0.0,0.0,0.0
FaceForensics/FaceSwap/046_904.mp4,FaceForensics/original/046.mp4,faceswap,1,0.0,0.0,0.0,0.0,0.0,0.0
FaceForensics/NeuralTextures/046_904.mp4,FaceForensics/original/046.mp4,neuraltextures,1,0.0,0.0,0.0,0.0,0.0,0.0
FaceForensics/original/047.mp4,FaceForensics/original/047.mp4,original,0,0.0,0.0,0.0,0.0,0.0,0.0
FaceForensics/Deepfakes/047_862.mp4,FaceForensics/original/047.mp4,deepfakes,1,0.0,0.0,0.0891,0.041,0.0505,0.0
FaceForensics/Face2Face/047_862.mp4,FaceForensics/original/047.mp4,face2face,1,0.0496,0.0,0.0538,0.0,0.0,0.0
FaceForensics/FaceShifter/047_862.mp4,FaceForensics/original/047.mp4,faceshifter,1,0.0,0.0,0.0489,0.0,0.0,0.0
FaceForensics/FaceSwap/047_862.mp4,FaceForensics/original/047.mp4,faceswap,1,0.0931,0.0529,0.0642,0.059,0.0547,0.0
FaceForensics/NeuralTextures/047_862.mp4,FaceForensics/original/047.mp4,neuraltextures,1,0.0,0.0,0.0,0.0,0.0,0.0
FaceForensics/original/048.mp4,FaceForensics/original/048.mp4,original,0,0.0,0.0,0.0,0.0,0.0,0.0
FaceForensics/Deepfakes/048_029.mp4,FaceForensics/original/048.mp4,deepfakes,1,0.0,0.0,0.0,0.0412,0.0,0.0
FaceForensics/Face2Face/048_029.mp4,FaceForensics/original/048.mp4,face2face,1,0.0,0.0,0.0,0.0,0.0,0.0
FaceForensics/FaceShifter/048_029.mp4,FaceForensics/original/048.mp4,faceshifter,1,0.0779,0.0,0.0,0.0,0.0,0.0
FaceForensics/FaceSwap/048_029.mp4,FaceForensics/original/048.mp4,faceswap,1,0.0,0.0422,0.0,0.0,0.0455,0.0
FaceForensics/NeuralTextures/048_029.mp4,FaceForensics/original/048.mp4,neuraltextures,1,0.0,0.0,0.0,0.0,0.0,0.0
FaceForensics/original/049.mp4,FaceForensics/original/049.mp4,original,0,0.0,0.0,0.0,0.0,0.0,0.0
FaceForensics/Deepfakes/049_946.mp4,FaceForensics/original/049.mp4,deepfakes,1,0.0,0.043,0.0,0.0,0.0,0.0
FaceForensics/Face2Face/049_946.mp4,FaceForensics/original/049.mp4,face2face,1,0.0,0.0,0.0,0.0,0.0,0.0
FaceForensics/FaceShifter/049_946.mp4,FaceForensics/original/049.mp4,faceshifter,1,0.0489,0.0406,0.0,0.0,0.0,0.0
FaceForensics/FaceSwap/049_946.mp4,FaceForensics/original/049.mp4,faceswap,1,0.0,0.0,0.0,0.0,0.0,0.0
FaceForensics/NeuralTextures/049_946.mp4,FaceForensics/original/049.mp4,neuraltextures,1,0.0,0.0,0.0,0.0,0.0,0.0
FaceForensics/original/050.mp4,FaceForensics/original/050.mp4,original,0,0.0,0.0,0.0,0.0,0.0,0.0
FaceForensics/Deepfakes/050_059.mp4,FaceForensics/original/050.mp4,deepfakes,1,0.2258,0.0912,0.0,0.0674,0.0,0.0
FaceForensics/Face2Face/050_059.mp4,FaceForensics/original/050.mp4,face2face,1,0.0,0.0,0.0,0.0,0.0,0.0
FaceForensics/FaceShifter/050_059.mp4,FaceForensics/original/050.mp4,faceshifter,1,0.0,0.0,0.0,0.0491,0.0,0.0
FaceForensics/FaceSwap/050_059.mp4,FaceForensics/original/050.mp4,faceswap,1,0.0,0.0,0.0867,0.0725,0.0,0.0
FaceForensics/NeuralTextures/050_059.mp4,FaceForensics/original/050.mp4,neuraltextures,1,0.0,0.0,0.0,0.0,0.0,0.0
FaceForensics/original/051.mp4,FaceForensics/original/051.mp4,original,0,0.0,0.0,0.0,0.0,0.0,0.0
FaceForensics/Deepfakes/051_332.mp4,FaceForensics/original/051.mp4,deepfakes,1,0.0842,0.077,0.0,0.0,0.0,0.0
FaceForensics/Face2Face/051_332.mp4,FaceForensics/original/051.mp4,face2face,1,0.0,0.0,0.0,0.0,0.0,0.0
FaceForensics/FaceShifter/051_332.mp4,FaceForensics/original/051.mp4,faceshifter,1,0.0,0.0,0.0,0.0,0.0,0.0
FaceForensics/FaceSwap/051_332.mp4,FaceForensics/original/051.mp4,faceswap,1,0.0505,0.0432,0.0,0.0565,0.0,0.0
FaceForensics/NeuralTextures/051_332.mp4,FaceForensics/original/051.mp4,neuraltextures,1,0.076,0.0,0.0,0.0559,0.0,0.0
FaceForensics/original/052.mp4,FaceForensics/original/052.mp4,original,0,0.0,0.0,0.0,0.0,0.0,0.0
FaceForensics/Deepfakes/052_108.mp4,FaceForensics/original/052.mp4,deepfakes,1,0.2391,0.185,0.0,0.115,0.0423,0.0433
FaceForensics/Face2Face/052_108.mp4,FaceForensics/original/052.mp4,face2face,1,0.202,0.0614,0.0,0.0,0.0,0.0
FaceForensics/FaceShifter/052_108.mp4,FaceForensics/original/052.mp4,faceshifter,1,0.0,0.0,0.0,0.0,0.0,0.0
FaceForensics/FaceSwap/052_108.mp4,FaceForensics/original/052.mp4,faceswap,1,0.1185,0.0766,0.0,0.0476,0.0,0.0
FaceForensics/NeuralTextures/052_108.mp4,FaceForensics/original/052.mp4,neuraltextures,1,0.0,0.0,0.0,0.0,0.0,0.0
FaceForensics/original/053.mp4,FaceForensics/original/053.mp4,original,0,0.0,0.0,0.0,0.0,0.0,0.0
FaceForensics/Deepfakes/053_095.mp4,FaceForensics/original/053.mp4,deepfakes,1,0.0,0.0,0.0,0.0,0.0,0.0
FaceForensics/Face2Face/053_095.mp4,FaceForensics/original/053.mp4,face2face,1,0.0819,0.0413,0.0867,0.0594,0.0,0.0
FaceForensics/FaceShifter/053_095.mp4,FaceForensics/original/053.mp4,faceshifter,1,0.0408,0.0465,0.0795,0.065,0.0,0.0
FaceForensics/FaceSwap/053_095.mp4,FaceForensics/original/053.mp4,faceswap,1,0.0,0.0,0.0,0.0,0.0,0.0
FaceForensics/NeuralTextures/053_095.mp4,FaceForensics/original/053.mp4,neuraltextures,1,0.0487,0.0,0.0624,0.0445,0.0,0.0
FaceForensics/original/054.mp4,FaceForensics/original/054.mp4,original,0,0.0,0.0,0.0,0.0,0.0,0.0
FaceForensics/Deepfakes/054_071.mp4,FaceForensics/original/054.mp4,deepfakes,1,0.0686,0.1175,0.0,0.0,0.0,0.0451
FaceForensics/Face2Face/054_071.mp4,FaceForensics/original/054.mp4,face2face,1,0.1067,0.0859,0.0597,0.059,0.0,0.0612
FaceForensics/FaceShifter/054_071.mp4,FaceForensics/original/054.mp4,faceshifter,1,0.0623,0.0413,0.0534,0.0445,0.0,0.0
FaceForensics/FaceSwap/054_071.mp4,FaceForensics/original/054.mp4,faceswap,1,0.076,0.0648,0.0469,0.0,0.0522,0.0
FaceForensics/NeuralTextures/054_071.mp4,FaceForensics/original/054.mp4,neuraltextures,1,0.0403,0.0,0.0,0.0,0.0,0.0
FaceForensics/original/055.mp4,FaceForensics/original/055.mp4,original,0,0.0,0.0,0.0,0.0,0.0,0.0
FaceForensics/Deepfakes/055_147.mp4,FaceForensics/original/055.mp4,deepfakes,1,0.1867,0.1891,0.0,0.0541,0.2477,0.1191
FaceForensics/Face2Face/055_147.mp4,FaceForensics/original/055.mp4,face2face,1,0.0,0.0,0.0515,0.0,0.0,0.0
FaceForensics/FaceShifter/055_147.mp4,FaceForensics/original/055.mp4,faceshifter,1,0.1403,0.0975,0.0436,0.1145,0.0967,0.0722
FaceForensics/FaceSwap/055_147.mp4,FaceForensics/original/055.mp4,faceswap,1,0.0,0.055,0.0466,0.0,0.0541,0.0
FaceForensics/NeuralTextures/055_147.mp4,FaceForensics/original/055.mp4,neuraltextures,1,0.0,0.0,0.0,0.0,0.0,0.0
FaceForensics/original/056.mp4,FaceForensics/original/056.mp4,original,0,0.0,0.0,0.0,0.0,0.0,0.0
FaceForensics/Deepfakes/056_996.mp4,FaceForensics/original/056.mp4,deepfakes,1,0.1745,0.1346,0.0,0.0885,0.0691,0.0613
FaceForensics/Face2Face/056_996.mp4,FaceForensics/original/056.mp4,face2face,1,0.0,0.0,0.0,0.0,0.0,0.0
FaceForensics/FaceShifter/056_996.mp4,FaceForensics/original/056.mp4,faceshifter,1,0.3693,0.3249,0.0418,0.1216,0.0782,0.0893
FaceForensics/FaceSwap/056_996.mp4,FaceForensics/original/056.mp4,faceswap,1,0.1738,0.1327,0.0,0.0,0.0,0.0
FaceForensics/NeuralTextures/056_996.mp4,FaceForensics/original/056.mp4,neuraltextures,1,0.0,0.0,0.0,0.0,0.0,0.0
FaceForensics/original/057.mp4,FaceForensics/original/057.mp4,original,0,0.0,0.0,0.0,0.0,0.0,0.0
FaceForensics/Deepfakes/057_070.mp4,FaceForensics/original/057.mp4,deepfakes,1,0.0,0.0505,0.1114,0.0,0.0,0.0
FaceForensics/Face2Face/057_070.mp4,FaceForensics/original/057.mp4,face2face,1,0.0625,0.0,0.0,0.0532,0.0,0.0
FaceForensics/FaceShifter/057_070.mp4,FaceForensics/original/057.mp4,faceshifter,1,0.1098,0.0,0.0,0.0,0.0,0.0
FaceForensics/FaceSwap/057_070.mp4,FaceForensics/original/057.mp4,faceswap,1,0.0,0.0439,0.0,0.0,0.0,0.0
FaceForensics/NeuralTextures/057_070.mp4,FaceForensics/original/057.mp4,neuraltextures,1,0.0,0.0,0.0,0.0,0.0,0.0
FaceForensics/original/058.mp4,FaceForensics/original/058.mp4,original,0,0.0,0.0,0.0,0.0,0.0,0.0
FaceForensics/Deepfakes/058_039.mp4,FaceForensics/original/058.mp4,deepfakes,1,0.0,0.0,0.0553,0.0,0.0622,0.0459
FaceForensics/Face2Face/058_039.mp4,FaceForensics/original/058.mp4,face2face,1,0.0,0.0491,0.0,0.0752,0.0666,0.0661
FaceForensics/FaceShifter/058_039.mp4,FaceForensics/original/058.mp4,faceshifter,1,0.0647,0.0458,0.0683,0.0817,0.0564,0.0466
FaceForensics/FaceSwap/058_039.mp4,FaceForensics/original/058.mp4,faceswap,1,0.0,0.0,0.0,0.0,0.0,0.0
FaceForensics/NeuralTextures/058_039.mp4,FaceForensics/original/058.mp4,neuraltextures,1,0.0906,0.0753,0.1127,0.0843,0.0845,0.073
FaceForensics/original/059.mp4,FaceForensics/original/059.mp4,original,0,0.0,0.0,0.0,0.0,0.0,0.0
FaceForensics/Deepfakes/059_050.mp4,FaceForensics/original/059.mp4,deepfakes,1,0.0,0.0,0.0,0.0,0.0,0.0
FaceForensics/Face2Face/059_050.mp4,FaceForensics/original/059.mp4,face2face,1,0.0,0.0,0.0,0.0,0.0,0.0
FaceForensics/FaceShifter/059_050.mp4,FaceForensics/original/059.mp4,faceshifter,1,0.0,0.0,0.0,0.0,0.0,0.0
FaceForensics/FaceSwap/059_050.mp4,FaceForensics/original/059.mp4,faceswap,1,0.1087,0.0,0.0,0.0,0.0,0.0
FaceForensics/NeuralTextures/059_050.mp4,FaceForensics/original/059.mp4,neuraltextures,1,0.0,0.0,0.0,0.0,0.0,0.0
FaceForensics/original/060.mp4,FaceForensics/original/060.mp4,original,0,0.0,0.0,0.0716,0.0,0.0,0.0
FaceForensics/Deepfakes/060_088.mp4,FaceForensics/original/060.mp4,deepfakes,1,0.0982,0.0485,0.0748,0.0824,0.0482,0.0784
FaceForensics/Face2Face/060_088.mp4,FaceForensics/original/060.mp4,face2face,1,0.0,0.0,0.0,0.046,0.0,0.0
FaceForensics/FaceShifter/060_088.mp4,FaceForensics/original/060.mp4,faceshifter,1,0.0675,0.0,0.0706,0.0,0.0768,0.0442
FaceForensics/FaceSwap/060_088.mp4,FaceForensics/original/060.mp4,faceswap,1,0.0761,0.0,0.09,0.0668,0.0,0.0713
FaceForensics/NeuralTextures/060_088.mp4,FaceForensics/original/060.mp4,neuraltextures,1,0.0441,0.0548,0.0861,0.0461,0.0473,0.0739
FaceForensics/original/061.mp4,FaceForensics/original/061.mp4,original,0,0.0,0.0,0.0,0.0,0.0,0.0
FaceForensics/Deepfakes/061_080.mp4,FaceForensics/original/061.mp4,deepfakes,1,0.0,0.0,0.0,0.0,0.0,0.0
FaceForensics/Face2Face/061_080.mp4,FaceForensics/original/061.mp4,face2face,1,0.0,0.0,0.0,0.0,0.0,0.0
FaceForensics/FaceShifter/061_080.mp4,FaceForensics/original/061.mp4,faceshifter,1,0.0711,0.0,0.0,0.0,0.0,0.0
FaceForensics/FaceSwap/061_080.mp4,FaceForensics/original/061.mp4,faceswap,1,0.1166,0.0607,0.0,0.0468,0.0495,0.0
FaceForensics/NeuralTextures/061_080.mp4,FaceForensics/original/061.mp4,neuraltextures,1,0.0,0.0,0.0,0.0,0.0,0.0
FaceForensics/original/062.mp4,FaceForensics/original/062.mp4,original,0,0.0,0.0,0.0,0.0,0.0,0.0
FaceForensics/Deepfakes/062_066.mp4,FaceForensics/original/062.mp4,deepfakes,1,0.0,0.0408,0.1866,0.0435,0.0,0.0
FaceForensics/Face2Face/062_066.mp4,FaceForensics/original/062.mp4,face2face,1,0.0,0.0,0.0,0.0,0.0,0.0
FaceForensics/FaceShifter/062_066.mp4,FaceForensics/original/062.mp4,faceshifter,1,0.0,0.0,0.0,0.0,0.0,0.0
FaceForensics/FaceSwap/062_066.mp4,FaceForensics/original/062.mp4,faceswap,1,0.0,0.0,0.179,0.0,0.0,0.0
FaceForensics/NeuralTextures/062_066.mp4,FaceForensics/original/062.mp4,neuraltextures,1,0.0,0.0,0.0,0.0,0.0,0.0
FaceForensics/original/063.mp4,FaceForensics/original/063.mp4,original,0,0.0,0.0,0.0,0.0,0.0,0.0
FaceForensics/Deepfakes/063_041.mp4,FaceForensics/original/063.mp4,deepfakes,1,0.1558,0.1244,0.1175,0.0911,0.0437,0.0609
FaceForensics/Face2Face/063_041.mp4,FaceForensics/original/063.mp4,face2face,1,0.3277,0.0837,0.0404,0.0828,0.0555,0.0509
FaceForensics/FaceShifter/063_041.mp4,FaceForensics/original/063.mp4,faceshifter,1,0.0,0.0603,0.0426,0.0,0.0684,0.0575
FaceForensics/FaceSwap/063_041.mp4,FaceForensics/original/063.mp4,faceswap,1,0.1466,0.0,0.0,0.0591,0.0514,0.0
FaceForensics/NeuralTextures/063_041.mp4,FaceForensics/original/063.mp4,neuraltextures,1,0.0627,0.0,0.0,0.0409,0.0,0.0
FaceForensics/original/064.mp4,FaceForensics/original/064.mp4,original,0,0.0,0.0,0.0,0.0,0.0,0.0
FaceForensics/Deepfakes/064_991.mp4,FaceForensics/original/064.mp4,deepfakes,1,0.3304,0.1757,0.0415,0.0747,0.0,0.0
FaceForensics/Face2Face/064_991.mp4,FaceForensics/original/064.mp4,face2face,1,0.1986,0.0918,0.066,0.0705,0.0798,0.0644
FaceForensics/FaceShifter/064_991.mp4,FaceForensics/original/064.mp4,faceshifter,1,0.1594,0.0982,0.0865,0.0949,0.0753,0.0725
FaceForensics/FaceSwap/064_991.mp4,FaceForensics/original/064.mp4,faceswap,1,0.1549,0.0617,0.0,0.0612,0.0,0.0
FaceForensics/NeuralTextures/064_991.mp4,FaceForensics/original/064.mp4,neuraltextures,1,0.0965,0.0,0.0,0.0,0.0,0.0
FaceForensics/original/065.mp4,FaceForensics/original/065.mp4,original,0,0.0,0.0,0.0,0.0,0.0,0.0
FaceForensics/Deepfakes/065_089.mp4,FaceForensics/original/065.mp4,deepfakes,1,0.1751,0.0948,0.1001,0.0,0.0,0.0
FaceForensics/Face2Face/065_089.mp4,FaceForensics/original/065.mp4,face2face,1,0.0,0.0,0.0,0.0,0.0,0.0
FaceForensics/FaceShifter/065_089.mp4,FaceForensics/original/065.mp4,faceshifter,1,0.0,0.0,0.0,0.0,0.0,0.0
FaceForensics/FaceSwap/065_089.mp4,FaceForensics/original/065.mp4,faceswap,1,0.1232,0.0,0.0557,0.0,0.0,0.0
FaceForensics/NeuralTextures/065_089.mp4,FaceForensics/original/065.mp4,neuraltextures,1,0.0,0.0,0.0,0.0403,0.0,0.0
FaceForensics/original/066.mp4,FaceForensics/original/066.mp4,original,0,0.0,0.0,0.0,0.0,0.0,0.0
FaceForensics/Deepfakes/066_062.mp4,FaceForensics/original/066.mp4,deepfakes,1,0.1572,0.1069,0.1083,0.1496,0.0803,0.0805
FaceForensics/Face2Face/066_062.mp4,FaceForensics/original/066.mp4,face2face,1,0.089,0.0,0.1199,0.0653,0.0,0.0
FaceForensics/FaceShifter/066_062.mp4,FaceForensics/original/066.mp4,faceshifter,1,0.0,0.0,0.0,0.0,0.0,0.0
FaceForensics/FaceSwap/066_062.mp4,FaceForensics/original/066.mp4,faceswap,1,0.1764,0.0542,0.086,0.0827,0.046,0.041
FaceForensics/NeuralTextures/066_062.mp4,FaceForensics/original/066.mp4,neuraltextures,1,0.0744,0.0,0.0653,0.0,0.0,0.0
FaceForensics/original/067.mp4,FaceForensics/original/067.mp4,original,0,0.0,0.0,0.0,0.0,0.0,0.0
FaceForensics/Deepfakes/067_025.mp4,FaceForensics/original/067.mp4,deepfakes,1,0.0,0.0,0.0,0.0,0.0,0.0
FaceForensics/Face2Face/067_025.mp4,FaceForensics/original/067.mp4,face2face,1,0.0,0.0,0.0,0.0451,0.0,0.0
FaceForensics/FaceShifter/067_025.mp4,FaceForensics/original/067.mp4,faceshifter,1,0.0,0.0,0.0,0.0,0.0,0.0
FaceForensics/FaceSwap/067_025.mp4,FaceForensics/original/067.mp4,faceswap,1,0.0,0.0,0.0,0.0,0.0,0.0
FaceForensics/NeuralTextures/067_025.mp4,FaceForensics/original/067.mp4,neuraltextures,1,0.0,0.0,0.0,0.0,0.0,0.0
FaceForensics/original/068.mp4,FaceForensics/original/068.mp4,original,0,0.0,0.0,0.0,0.0,0.0,0.0
FaceForensics/Deepfakes/068_028.mp4,FaceForensics/original/068.mp4,deepfakes,1,0.1456,0.0,0.0,0.0,0.0,0.0
FaceForensics/Face2Face/068_028.mp4,FaceForensics/original/068.mp4,face2face,1,0.0,0.0,0.0,0.0,0.0,0.0
FaceForensics/FaceShifter/068_028.mp4,FaceForensics/original/068.mp4,faceshifter,1,0.0477,0.0,0.0,0.0,0.0,0.0
FaceForensics/FaceSwap/068_028.mp4,FaceForensics/original/068.mp4,faceswap,1,0.0417,0.0,0.0,0.0,0.0,0.0
FaceForensics/NeuralTextures/068_028.mp4,FaceForensics/original/068.mp4,neuraltextures,1,0.0471,0.0,0.0,0.0,0.0,0.0
FaceForensics/original/069.mp4,FaceForensics/original/069.mp4,original,0,0.0,0.0,0.0,0.0,0.0,0.0
FaceForensics/Deepfakes/069_961.mp4,FaceForensics/original/069.mp4,deepfakes,1,0.0,0.0,0.0495,0.0,0.0,0.0
FaceForensics/Face2Face/069_961.mp4,FaceForensics/original/069.mp4,face2face,1,0.1637,0.0,0.0,0.0512,0.0,0.0
FaceForensics/FaceShifter/069_961.mp4,FaceForensics/original/069.mp4,faceshifter,1,0.0585,0.0,0.0,0.0,0.0,0.0
FaceForensics/FaceSwap/069_961.mp4,FaceForensics/original/069.mp4,faceswap,1,0.1172,0.0684,0.0626,0.0648,0.0755,0.121
FaceForensics/NeuralTextures/069_961.mp4,FaceForensics/original/069.mp4,neuraltextures,1,0.0,0.0,0.0,0.0,0.0,0.0
FaceForensics/original/070.mp4,FaceForensics/original/070.mp4,original,0,0.0,0.0,0.0,0.0,0.0,0.0
FaceForensics/Deepfakes/070_057.mp4,FaceForensics/original/070.mp4,deepfakes,1,0.0824,0.0472,0.0512,0.0654,0.0,0.0509
FaceForensics/Face2Face/070_057.mp4,FaceForensics/original/070.mp4,face2face,1,0.0,0.0,0.0732,0.0419,0.0,0.0
FaceForensics/FaceShifter/070_057.mp4,FaceForensics/original/070.mp4,faceshifter,1,0.1031,0.0474,0.0694,0.0752,0.0,0.0401
FaceForensics/FaceSwap/070_057.mp4,FaceForensics/original/070.mp4,faceswap,1,0.0519,0.0,0.0455,0.0,0.0,0.0
FaceForensics/NeuralTextures/070_057.mp4,FaceForensics/original/070.mp4,neuraltextures,1,0.0688,0.0482,0.0488,0.0,0.0537,0.0446
FaceForensics/original/071.mp4,FaceForensics/original/071.mp4,original,0,0.0,0.0,0.0,0.0,0.0,0.0
FaceForensics/Deepfakes/071_054.mp4,FaceForensics/original/071.mp4,deepfakes,1,0.058,0.0,0.0461,0.0,0.0,0.0
FaceForensics/Face2Face/071_054.mp4,FaceForensics/original/071.mp4,face2face,1,0.0,0.0,0.0,0.0,0.0,0.0
FaceForensics/FaceShifter/071_054.mp4,FaceForensics/original/071.mp4,faceshifter,1,0.0,0.0,0.0,0.0,0.0,0.0
FaceForensics/FaceSwap/071_054.mp4,FaceForensics/original/071.mp4,faceswap,1,0.0,0.0477,0.0,0.0,0.0417,0.0
FaceForensics/NeuralTextures/071_054.mp4,FaceForensics/original/071.mp4,neuraltextures,1,0.0,0.0,0.0,0.0,0.0,0.0
FaceForensics/original/072.mp4,FaceForensics/original/072.mp4,original,0,0.0,0.0,0.0,0.0,0.0,0.0
FaceForensics/Deepfakes/072_037.mp4,FaceForensics/original/072.mp4,deepfakes,1,0.0,0.0,0.0,0.0,0.0,0.0
FaceForensics/Face2Face/072_037.mp4,FaceForensics/original/072.mp4,face2face,1,0.0,0.0,0.0,0.0,0.0,0.0
FaceForensics/FaceShifter/072_037.mp4,FaceForensics/original/072.mp4,faceshifter,1,0.0,0.0,0.0,0.0,0.0,0.0
FaceForensics/FaceSwap/072_037.mp4,FaceForensics/original/072.mp4,faceswap,1,0.09,0.0735,0.0603,0.0618,0.0,0.0
FaceForensics/NeuralTextures/072_037.mp4,FaceForensics/original/072.mp4,neuraltextures,1,0.0,0.0,0.0,0.0,0.0,0.0
FaceForensics/original/073.mp4,FaceForensics/original/073.mp4,original,0,0.0,0.0,0.0,0.0,0.0,0.0
FaceForensics/Deepfakes/073_024.mp4,FaceForensics/original/073.mp4,deepfakes,1,0.0615,0.1353,0.0,0.0549,0.0418,0.0
FaceForensics/Face2Face/073_024.mp4,FaceForensics/original/073.mp4,face2face,1,0.0,0.0,0.0,0.0,0.0,0.0
FaceForensics/FaceShifter/073_024.mp4,FaceForensics/original/073.mp4,faceshifter,1,0.0,0.0,0.0,0.0,0.0,0.0
FaceForensics/FaceSwap/073_024.mp4,FaceForensics/original/073.mp4,faceswap,1,0.0759,0.1632,0.0,0.0,0.0,0.0
FaceForensics/NeuralTextures/073_024.mp4,FaceForensics/original/073.mp4,neuraltextures,1,0.0,0.0,0.0,0.0,0.0,0.0
FaceForensics/original/074.mp4,FaceForensics/original/074.mp4,original,0,0.0,0.0,0.0,0.0,0.0,0.0
FaceForensics/Deepfakes/074_825.mp4,FaceForensics/original/074.mp4,deepfakes,1,0.0571,0.0,0.0,0.0,0.0401,0.0
FaceForensics/Face2Face/074_825.mp4,FaceForensics/original/074.mp4,face2face,1,0.2061,0.0,0.0,0.0,0.0401,0.0
FaceForensics/FaceShifter/074_825.mp4,FaceForensics/original/074.mp4,faceshifter,1,0.0,0.0,0.0,0.0,0.0,0.0
FaceForensics/FaceSwap/074_825.mp4,FaceForensics/original/074.mp4,faceswap,1,0.0635,0.0,0.0,0.0,0.0,0.0
FaceForensics/NeuralTextures/074_825.mp4,FaceForensics/original/074.mp4,neuraltextures,1,0.1737,0.0,0.0,0.0,0.0,0.0
FaceForensics/original/075.mp4,FaceForensics/original/075.mp4,original,0,0.0,0.0,0.0,0.0,0.0,0.0
FaceForensics/Deepfakes/075_977.mp4,FaceForensics/original/075.mp4,deepfakes,1,0.0663,0.0,0.0,0.0,0.0,0.0
FaceForensics/Face2Face/075_977.mp4,FaceForensics/original/075.mp4,face2face,1,0.1087,0.0419,0.0,0.0,0.0,0.0
FaceForensics/FaceShifter/075_977.mp4,FaceForensics/original/075.mp4,faceshifter,1,0.0,0.0,0.0,0.0,0.0,0.0
FaceForensics/FaceSwap/075_977.mp4,FaceForensics/original/075.mp4,faceswap,1,0.0,0.0,0.0,0.0,0.0,0.0
FaceForensics/NeuralTextures/075_977.mp4,FaceForensics/original/075.mp4,neuraltextures,1,0.0466,0.0,0.0,0.0,0.0,0.0
FaceForensics/original/076.mp4,FaceForensics/original/076.mp4,original,0,0.0,0.0,0.0,0.0,0.0,0.0
FaceForensics/Deepfakes/076_079.mp4,FaceForensics/original/076.mp4,deepfakes,1,0.0,0.056,0.0,0.0,0.0,0.0
FaceForensics/Face2Face/076_079.mp4,FaceForensics/original/076.mp4,face2face,1,0.0,0.0,0.0,0.0,0.0,0.0
FaceForensics/FaceShifter/076_079.mp4,FaceForensics/original/076.mp4,faceshifter,1,0.1465,0.0,0.0,0.0,0.0,0.0496
FaceForensics/FaceSwap/076_079.mp4,FaceForensics/original/076.mp4,faceswap,1,0.0,0.0,0.0,0.0,0.0444,0.0451
FaceForensics/NeuralTextures/076_079.mp4,FaceForensics/original/076.mp4,neuraltextures,1,0.0,0.0,0.0,0.0,0.0,0.0
FaceForensics/original/077.mp4,FaceForensics/original/077.mp4,original,0,0.0,0.0,0.0,0.0,0.0,0.0
FaceForensics/Deepfakes/077_100.mp4,FaceForensics/original/077.mp4,deepfakes,1,0.0915,0.0715,0.0,0.0,0.0498,0.0484
FaceForensics/Face2Face/077_100.mp4,FaceForensics/original/077.mp4,face2face,1,0.0,0.0,0.0,0.0,0.0,0.0
FaceForensics/FaceShifter/077_100.mp4,FaceForensics/original/077.mp4,faceshifter,1,0.0,0.0,0.0,0.0,0.0,0.0
FaceForensics/FaceSwap/077_100.mp4,FaceForensics/original/077.mp4,faceswap,1,0.1743,0.1453,0.0,0.0,0.0522,0.0
FaceForensics/NeuralTextures/077_100.mp4,FaceForensics/original/077.mp4,neuraltextures,1,0.0424,0.0,0.0,0.0,0.0,0.0
FaceForensics/original/078.mp4,FaceForensics/original/078.mp4,original,0,0.0,0.0,0.0,0.0,0.0,0.0
FaceForensics/Deepfakes/078_955.mp4,FaceForensics/original/078.mp4,deepfakes,1,0.0666,0.0665,0.0,0.0677,0.0,0.0
FaceForensics/Face2Face/078_955.mp4,FaceForensics/original/078.mp4,face2face,1,0.0,0.0,0.0,0.0,0.0,0.0
FaceForensics/FaceShifter/078_955.mp4,FaceForensics/original/078.mp4,faceshifter,1,0.108,0.0,0.0,0.0802,0.0,0.0497
FaceForensics/FaceSwap/078_955.mp4,FaceForensics/original/078.mp4,faceswap,1,0.1574,0.0776,0.0,0.0,0.0,0.0
FaceForensics/NeuralTextures/078_955.mp4,FaceForensics/original/078.mp4,neuraltextures,1,0.0,0.0,0.0,0.0,0.0,0.0
FaceForensics/original/079.mp4,FaceForensics/original/079.mp4,original,0,0.0,0.0,0.0,0.0,0.0,0.0
FaceForensics/Deepfakes/079_076.mp4,FaceForensics/original/079.mp4,deepfakes,1,0.0,0.0,0.0,0.0,0.0,0.0
FaceForensics/Face2Face/079_076.mp4,FaceForensics/original/079.mp4,face2face,1,0.1193,0.0462,0.0,0.0,0.0517,0.0
FaceForensics/FaceShifter/079_076.mp4,FaceForensics/original/079.mp4,faceshifter,1,0.0,0.0,0.0,0.0,0.0437,0.0
FaceForensics/FaceSwap/079_076.mp4,FaceForensics/original/079.mp4,faceswap,1,0.0427,0.0,0.0,0.0,0.0,0.0
FaceForensics/NeuralTextures/079_076.mp4,FaceForensics/original/079.mp4,neuraltextures,1,0.0584,0.0,0.0,0.0,0.0,0.0
FaceForensics/original/080.mp4,FaceForensics/original/080.mp4,original,0,0.0,0.0,0.0,0.0,0.0,0.0
FaceForensics/Deepfakes/080_061.mp4,FaceForensics/original/080.mp4,deepfakes,1,0.0,0.0,0.0411,0.0,0.0,0.0
FaceForensics/Face2Face/080_061.mp4,FaceForensics/original/080.mp4,face2face,1,0.0,0.0,0.0,0.0,0.0,0.0
FaceForensics/FaceShifter/080_061.mp4,FaceForensics/original/080.mp4,faceshifter,1,0.0,0.0,0.0,0.0,0.0,0.0
FaceForensics/FaceSwap/080_061.mp4,FaceForensics/original/080.mp4,faceswap,1,0.0647,0.0443,0.0,0.0,0.0415,0.0
FaceForensics/NeuralTextures/080_061.mp4,FaceForensics/original/080.mp4,neuraltextures,1,0.0,0.0,0.0531,0.0,0.0,0.0
FaceForensics/original/081.mp4,FaceForensics/original/081.mp4,original,0,0.0,0.0,0.0,0.0,0.0,0.0
FaceForensics/Deepfakes/081_087.mp4,FaceForensics/original/081.mp4,deepfakes,1,0.0,0.0,0.0,0.0,0.0,0.0
FaceForensics/Face2Face/081_087.mp4,FaceForensics/original/081.mp4,face2face,1,0.0,0.0485,0.0567,0.0672,0.0458,0.0407
FaceForensics/FaceShifter/081_087.mp4,FaceForensics/original/081.mp4,faceshifter,1,0.0,0.0,0.0509,0.0,0.0,0.0
FaceForensics/FaceSwap/081_087.mp4,FaceForensics/original/081.mp4,faceswap,1,0.1038,0.1509,0.0,0.0481,0.0831,0.0659
FaceForensics/NeuralTextures/081_087.mp4,FaceForensics/original/081.mp4,neuraltextures,1,0.0577,0.0448,0.0,0.0,0.0,0.0
FaceForensics/original/082.mp4,FaceForensics/original/082.mp4,original,0,0.0,0.0,0.0,0.0,0.0,0.0
FaceForensics/Deepfakes/082_103.mp4,FaceForensics/original/082.mp4,deepfakes,1,0.1026,0.0945,0.082,0.0714,0.0796,0.0
FaceForensics/Face2Face/082_103.mp4,FaceForensics/original/082.mp4,face2face,1,0.0577,0.0545,0.0462,0.0415,0.0,0.0
FaceForensics/FaceShifter/082_103.mp4,FaceForensics/original/082.mp4,faceshifter,1,0.1354,0.0467,0.0828,0.0,0.0,0.0
FaceForensics/FaceSwap/082_103.mp4,FaceForensics/original/082.mp4,faceswap,1,0.1353,0.0753,0.0465,0.0418,0.0418,0.0
FaceForensics/NeuralTextures/082_103.mp4,FaceForensics/original/082.mp4,neuraltextures,1,0.1803,0.064,0.052,0.0416,0.0,0.0
FaceForensics/original/083.mp4,FaceForensics/original/083.mp4,original,0,0.0,0.0,0.0,0.0,0.0,0.0
FaceForensics/Deepfakes/083_213.mp4,FaceForensics/original/083.mp4,deepfakes,1,0.0,0.0,0.0,0.0,0.0,0.0
FaceForensics/Face2Face/083_213.mp4,FaceForensics/original/083.mp4,face2face,1,0.0,0.0,0.0,0.0,0.0,0.0
FaceForensics/FaceShifter/083_213.mp4,FaceForensics/original/083.mp4,faceshifter,1,0.0,0.0,0.0,0.0,0.0,0.0
FaceForensics/FaceSwap/083_213.mp4,FaceForensics/original/083.mp4,faceswap,1,0.0,0.0519,0.0,0.0,0.0,0.0
FaceForensics/NeuralTextures/083_213.mp4,FaceForensics/original/083.mp4,neuraltextures,1,0.0,0.0,0.0,0.0,0.0,0.0
FaceForensics/original/084.mp4,FaceForensics/original/084.mp4,original,0,0.0,0.0,0.0,0.0,0.0,0.0
FaceForensics/Deepfakes/084_042.mp4,FaceForensics/original/084.mp4,deepfakes,1,0.5015,0.0441,0.0596,0.0,0.0,0.0
FaceForensics/Face2Face/084_042.mp4,FaceForensics/original/084.mp4,face2face,1,0.2115,0.0,0.0,0.0,0.0426,0.0
FaceForensics/FaceShifter/084_042.mp4,FaceForensics/original/084.mp4,faceshifter,1,0.0,0.0,0.0,0.0,0.0,0.0
FaceForensics/FaceSwap/084_042.mp4,FaceForensics/original/084.mp4,faceswap,1,0.1843,0.0,0.0,0.0,0.0,0.0
FaceForensics/NeuralTextures/084_042.mp4,FaceForensics/original/084.mp4,neuraltextures,1,0.3018,0.0454,0.0509,0.0495,0.0,0.0431
FaceForensics/original/085.mp4,FaceForensics/original/085.mp4,original,0,0.0,0.0,0.0,0.0,0.0,0.0
FaceForensics/Deepfakes/085_124.mp4,FaceForensics/original/085.mp4,deepfakes,1,0.1928,0.2192,0.0985,0.2027,0.1295,0.0994
FaceForensics/Face2Face/085_124.mp4,FaceForensics/original/085.mp4,face2face,1,0.0568,0.0,0.0,0.0,0.0,0.0477
FaceForensics/FaceShifter/085_124.mp4,FaceForensics/original/085.mp4,faceshifter,1,0.0,0.0,0.0,0.0,0.0,0.0
FaceForensics/FaceSwap/085_124.mp4,FaceForensics/original/085.mp4,faceswap,1,0.1537,0.1309,0.0,0.0477,0.0,0.0
FaceForensics/NeuralTextures/085_124.mp4,FaceForensics/original/085.mp4,neuraltextures,1,0.0,0.0,0.0,0.0,0.0,0.0
FaceForensics/original/086.mp4,FaceForensics/original/086.mp4,original,0,0.0,0.0,0.0,0.0,0.0,0.0
FaceForensics/Deepfakes/086_090.mp4,FaceForensics/original/086.mp4,deepfakes,1,0.0765,0.0921,0.0625,0.0417,0.0614,0.0
FaceForensics/Face2Face/086_090.mp4,FaceForensics/original/086.mp4,face2face,1,0.0,0.0,0.0,0.0,0.0,0.0
FaceForensics/FaceShifter/086_090.mp4,FaceForensics/original/086.mp4,faceshifter,1,0.0,0.0,0.0,0.0,0.0,0.0
FaceForensics/FaceSwap/086_090.mp4,FaceForensics/original/086.mp4,faceswap,1,0.0,0.0,0.0,0.0,0.0,0.0
FaceForensics/NeuralTextures/086_090.mp4,FaceForensics/original/086.mp4,neuraltextures,1,0.0657,0.0,0.0,0.0,0.0,0.0
FaceForensics/original/087.mp4,FaceForensics/original/087.mp4,original,0,0.0,0.0,0.0,0.0,0.0,0.0
FaceForensics/Deepfakes/087_081.mp4,FaceForensics/original/087.mp4,deepfakes,1,0.0737,0.0854,0.0491,0.0832,0.0,0.0
FaceForensics/Face2Face/087_081.mp4,FaceForensics/original/087.mp4,face2face,1,0.0602,0.0,0.0,0.0,0.0,0.0
FaceForensics/FaceShifter/087_081.mp4,FaceForensics/original/087.mp4,faceshifter,1,0.0,0.0,0.0,0.0,0.0,0.0
FaceForensics/FaceSwap/087_081.mp4,FaceForensics/original/087.mp4,faceswap,1,0.1224,0.0425,0.0,0.0,0.0,0.0
FaceForensics/NeuralTextures/087_081.mp4,FaceForensics/original/087.mp4,neuraltextures,1,0.0606,0.0,0.0,0.0415,0.0,0.0
FaceForensics/original/088.mp4,FaceForensics/original/088.mp4,original,0,0.0,0.0,0.0,0.0,0.0,0.0
FaceForensics/Deepfakes/088_060.mp4,FaceForensics/original/088.mp4,deepfakes,1,0.1313,0.1352,0.0817,0.1092,0.0407,0.0823
FaceForensics/Face2Face/088_060.mp4,FaceForensics/original/088.mp4,face2face,1,0.0867,0.0593,0.0501,0.0859,0.0666,0.0526
FaceForensics/FaceShifter/088_060.mp4,FaceForensics/original/088.mp4,faceshifter,1,0.2255,0.0915,0.1833,0.1273,0.0495,0.0933
FaceForensics/FaceSwap/088_060.mp4,FaceForensics/original/088.mp4,faceswap,1,0.0694,0.0722,0.0,0.0,0.0494,0.0
FaceForensics/NeuralTextures/088_060.mp4,FaceForensics/original/088.mp4,neuraltextures,1,0.1264,0.1016,0.0947,0.15,0.0802,0.0979
FaceForensics/original/089.mp4,FaceForensics/original/089.mp4,original,0,0.0,0.0,0.0,0.0,0.0,0.0
FaceForensics/Deepfakes/089_065.mp4,FaceForensics/original/089.mp4,deepfakes,1,0.0466,0.0,0.2454,0.0935,0.0,0.1203
FaceForensics/Face2Face/089_065.mp4,FaceForensics/original/089.mp4,face2face,1,0.0569,0.0,0.0,0.0,0.0,0.0
FaceForensics/FaceShifter/089_065.mp4,FaceForensics/original/089.mp4,faceshifter,1,0.0,0.0,0.0,0.0,0.0,0.0
FaceForensics/FaceSwap/089_065.mp4,FaceForensics/original/089.mp4,faceswap,1,0.1056,0.1724,0.0,0.0,0.0,0.0
FaceForensics/NeuralTextures/089_065.mp4,FaceForensics/original/089.mp4,neuraltextures,1,0.0444,0.0,0.054,0.0,0.0,0.0
FaceForensics/original/090.mp4,FaceForensics/original/090.mp4,original,0,0.0,0.0,0.0,0.0,0.0,0.0
FaceForensics/Deepfakes/090_086.mp4,FaceForensics/original/090.mp4,deepfakes,1,0.0498,0.0652,0.0515,0.0553,0.0,0.0404
FaceForensics/Face2Face/090_086.mp4,FaceForensics/original/090.mp4,face2face,1,0.0,0.0,0.0,0.0,0.0,0.0
FaceForensics/FaceShifter/090_086.mp4,FaceForensics/original/090.mp4,faceshifter,1,0.0462,0.0,0.0,0.0473,0.0,0.0
FaceForensics/FaceSwap/090_086.mp4,FaceForensics/original/090.mp4,faceswap,1,0.065,0.0531,0.0,0.0,0.0,0.0
FaceForensics/NeuralTextures/090_086.mp4,FaceForensics/original/090.mp4,neuraltextures,1,0.0,0.0455,0.0,0.0,0.0,0.0
FaceForensics/original/091.mp4,FaceForensics/original/091.mp4,original,0,0.0,0.0,0.0,0.0,0.0,0.0
FaceForensics/Deepfakes/091_116.mp4,FaceForensics/original/091.mp4,deepfakes,1,0.0,0.0,0.0,0.0,0.0,0.0
FaceForensics/Face2Face/091_116.mp4,FaceForensics/original/091.mp4,face2face,1,0.0,0.0,0.05,0.0,0.0683,0.0
FaceForensics/FaceShifter/091_116.mp4,FaceForensics/original/091.mp4,faceshifter,1,0.0,0.0,0.0573,0.0,0.0,0.0
FaceForensics/FaceSwap/091_116.mp4,FaceForensics/original/091.mp4,faceswap,1,0.0908,0.0436,0.0766,0.0,0.0638,0.0
FaceForensics/NeuralTextures/091_116.mp4,FaceForensics/original/091.mp4,neuraltextures,1,0.0,0.0,0.0,0.0,0.0,0.0
FaceForensics/original/092.mp4,FaceForensics/original/092.mp4,original,0,0.0,0.0,0.0,0.0,0.0,0.0
FaceForensics/Deepfakes/092_098.mp4,FaceForensics/original/092.mp4,deepfakes,1,0.0585,0.0,0.0452,0.0419,0.0,0.0
FaceForensics/Face2Face/092_098.mp4,FaceForensics/original/092.mp4,face2face,1,0.0,0.0,0.0,0.0,0.0,0.0
FaceForensics/FaceShifter/092_098.mp4,FaceForensics/original/092.mp4,faceshifter,1,0.0,0.0,0.0,0.0,0.0,0.0
FaceForensics/FaceSwap/092_098.mp4,FaceForensics/original/092.mp4,faceswap,1,0.3673,0.1545,0.1585,0.1189,0.087,0.145
FaceForensics/NeuralTextures/092_098.mp4,FaceForensics/original/092.mp4,neuraltextures,1,0.0,0.0,0.0407,0.0,0.0,0.0
FaceForensics/original/093.mp4,FaceForensics/original/093.mp4,original,0,0.0,0.0,0.0,0.0,0.0,0.0
FaceForensics/Deepfakes/093_121.mp4,FaceForensics/original/093.mp4,deepfakes,1,0.0,0.0,0.0,0.0,0.0,0.0
FaceForensics/Face2Face/093_121.mp4,FaceForensics/original/093.mp4,face2face,1,0.0783,0.0,0.0,0.0,0.0,0.0
FaceForensics/FaceShifter/093_121.mp4,FaceForensics/original/093.mp4,faceshifter,1,0.0,0.0,0.0,0.0,0.0,0.0
FaceForensics/FaceSwap/093_121.mp4,FaceForensics/original/093.mp4,faceswap,1,0.0,0.0806,0.0847,0.0533,0.0,0.0415
FaceForensics/NeuralTextures/093_121.mp4,FaceForensics/original/093.mp4,neuraltextures,1,0.0,0.0,0.0,0.0,0.0,0.0
FaceForensics/original/094.mp4,FaceForensics/original/094.mp4,original,0,0.0,0.0,0.0,0.0,0.0,0.0
FaceForensics/Deepfakes/094_111.mp4,FaceForensics/original/094.mp4,deepfakes,1,0.1522,0.0727,0.0,0.0,0.0,0.0
FaceForensics/Face2Face/094_111.mp4,FaceForensics/original/094.mp4,face2face,1,0.0409,0.0,0.0677,0.0,0.0,0.0
FaceForensics/FaceShifter/094_111.mp4,FaceForensics/original/094.mp4,faceshifter,1,0.0819,0.0,0.0776,0.0602,0.0,0.0
FaceForensics/FaceSwap/094_111.mp4,FaceForensics/original/094.mp4,faceswap,1,0.0762,0.0478,0.0432,0.0415,0.0,0.0
FaceForensics/NeuralTextures/094_111.mp4,FaceForensics/original/094.mp4,neuraltextures,1,0.0554,0.0,0.0,0.0,0.0,0.0
FaceForensics/original/095.mp4,FaceForensics/original/095.mp4,original,0,0.0,0.0,0.0,0.0,0.0,0.0
FaceForensics/Deepfakes/095_053.mp4,FaceForensics/original/095.mp4,deepfakes,1,0.0697,0.047,0.1284,0.0,0.0,0.0
FaceForensics/Face2Face/095_053.mp4,FaceForensics/original/095.mp4,face2face,1,0.0616,0.0588,0.0501,0.0,0.0,0.0482
FaceForensics/FaceShifter/095_053.mp4,FaceForensics/original/095.mp4,faceshifter,1,0.0516,0.0494,0.0443,0.0,0.0,0.0
FaceForensics/FaceSwap/095_053.mp4,FaceForensics/original/095.mp4,faceswap,1,0.0519,0.0,0.0,0.0,0.0,0.0428
FaceForensics/NeuralTextures/095_053.mp4,FaceForensics/original/095.mp4,neuraltextures,1,0.0,0.0,0.0,0.0,0.0,0.0
FaceForensics/original/096.mp4,FaceForensics/original/096.mp4,original,0,0.0,0.0,0.0,0.0,0.0,0.0
FaceForensics/Deepfakes/096_101.mp4,FaceForensics/original/096.mp4,deepfakes,1,0.0,0.0,0.0,0.0,0.0,0.0
FaceForensics/Face2Face/096_101.mp4,FaceForensics/original/096.mp4,face2face,1,0.0,0.0,0.0,0.0,0.0,0.0
FaceForensics/FaceShifter/096_101.mp4,FaceForensics/original/096.mp4,faceshifter,1,0.0,0.0,0.0,0.0,0.0,0.0
FaceForensics/FaceSwap/096_101.mp4,FaceForensics/original/096.mp4,faceswap,1,0.0,0.0,0.0,0.0,0.0,0.0
FaceForensics/NeuralTextures/096_101.mp4,FaceForensics/original/096.mp4,neuraltextures,1,0.0,0.0,0.0,0.0,0.0,0.0
FaceForensics/original/097.mp4,FaceForensics/original/097.mp4,original,0,0.0,0.0,0.0,0.0,0.0,0.0
FaceForensics/Deepfakes/097_033.mp4,FaceForensics/original/097.mp4,deepfakes,1,0.0,0.0,0.0,0.0,0.0,0.0
FaceForensics/Face2Face/097_033.mp4,FaceForensics/original/097.mp4,face2face,1,0.0,0.0485,0.096,0.0769,0.0,0.0
FaceForensics/FaceShifter/097_033.mp4,FaceForensics/original/097.mp4,faceshifter,1,0.0,0.0,0.0545,0.0,0.0,0.0
FaceForensics/FaceSwap/097_033.mp4,FaceForensics/original/097.mp4,faceswap,1,0.0515,0.0,0.0863,0.0523,0.0,0.0
FaceForensics/NeuralTextures/097_033.mp4,FaceForensics/original/097.mp4,neuraltextures,1,0.0443,0.0,0.0461,0.0,0.0,0.0
FaceForensics/original/098.mp4,FaceForensics/original/098.mp4,original,0,0.0,0.0,0.0,0.0,0.0,0.0
FaceForensics/Deepfakes/098_092.mp4,FaceForensics/original/098.mp4,deepfakes,1,0.0,0.0,0.0,0.0,0.0,0.0
FaceForensics/Face2Face/098_092.mp4,FaceForensics/original/098.mp4,face2face,1,0.0,0.0,0.0,0.0,0.0,0.0
FaceForensics/FaceShifter/098_092.mp4,FaceForensics/original/098.mp4,faceshifter,1,0.0,0.0,0.0,0.0,0.0,0.0
FaceForensics/FaceSwap/098_092.mp4,FaceForensics/original/098.mp4,faceswap,1,0.0434,0.0,0.0831,0.0569,0.0628,0.0
FaceForensics/NeuralTextures/098_092.mp4,FaceForensics/original/098.mp4,neuraltextures,1,0.0,0.0,0.0,0.0,0.0,0.0
FaceForensics/original/099.mp4,FaceForensics/original/099.mp4,original,0,0.0,0.0,0.0,0.0,0.0,0.0
FaceForensics/Deepfakes/099_295.mp4,FaceForensics/original/099.mp4,deepfakes,1,0.0453,0.0605,0.0,0.0497,0.0,0.0
FaceForensics/Face2Face/099_295.mp4,FaceForensics/original/099.mp4,face2face,1,0.1546,0.0,0.0,0.0,0.0,0.0
FaceForensics/FaceShifter/099_295.mp4,FaceForensics/original/099.mp4,faceshifter,1,0.0,0.0,0.0,0.0,0.0,0.0
FaceForensics/FaceSwap/099_295.mp4,FaceForensics/original/099.mp4,faceswap,1,0.0,0.0,0.0,0.0,0.0,0.0
FaceForensics/NeuralTextures/099_295.mp4,FaceForensics/original/099.mp4,neuraltextures,1,0.0532,0.0,0.0,0.0,0.0,0.0
FaceForensics/original/100.mp4,FaceForensics/original/100.mp4,original,0,0.0,0.0,0.0,0.0,0.0,0.0
FaceForensics/Deepfakes/100_077.mp4,FaceForensics/original/100.mp4,deepfakes,1,0.1037,0.0681,0.0,0.0478,0.0,0.0
FaceForensics/Face2Face/100_077.mp4,FaceForensics/original/100.mp4,face2face,1,0.0452,0.0,0.0,0.0,0.0,0.0
FaceForensics/FaceShifter/100_077.mp4,FaceForensics/original/100.mp4,faceshifter,1,0.1036,0.1022,0.0545,0.053,0.0407,0.0
FaceForensics/FaceSwap/100_077.mp4,FaceForensics/original/100.mp4,faceswap,1,0.0541,0.0614,0.0,0.0,0.0,0.0
FaceForensics/NeuralTextures/100_077.mp4,FaceForensics/original/100.mp4,neuraltextures,1,0.0,0.0,0.0,0.0,0.0,0.0
FaceForensics/original/101.mp4,FaceForensics/original/101.mp4,original,0,0.0,0.0,0.0549,0.0,0.0,0.0
FaceForensics/Deepfakes/101_096.mp4,FaceForensics/original/101.mp4,deepfakes,1,0.0869,0.0452,0.0832,0.0719,0.0,0.0506
FaceForensics/Face2Face/101_096.mp4,FaceForensics/original/101.mp4,face2face,1,0.0556,0.0,0.0,0.0,0.0,0.0
FaceForensics/FaceShifter/101_096.mp4,FaceForensics/original/101.mp4,faceshifter,1,0.0,0.0,0.0,0.0,0.0,0.0
FaceForensics/FaceSwap/101_096.mp4,FaceForensics/original/101.mp4,faceswap,1,0.1255,0.0593,0.0532,0.0619,0.0,0.0
FaceForensics/NeuralTextures/101_096.mp4,FaceForensics/original/101.mp4,neuraltextures,1,0.0681,0.0,0.0,0.0,0.0,0.0
FaceForensics/original/102.mp4,FaceForensics/original/102.mp4,original,0,0.0,0.0,0.0,0.0,0.0,0.0
FaceForensics/Deepfakes/102_114.mp4,FaceForensics/original/102.mp4,deepfakes,1,0.0,0.0,0.0,0.0,0.0,0.0
FaceForensics/Face2Face/102_114.mp4,FaceForensics/original/102.mp4,face2face,1,0.0,0.0,0.0,0.0,0.0,0.0
FaceForensics/FaceShifter/102_114.mp4,FaceForensics/original/102.mp4,faceshifter,1,0.0,0.0,0.0,0.0,0.0,0.0
FaceForensics/FaceSwap/102_114.mp4,FaceForensics/original/102.mp4,faceswap,1,0.0,0.0449,0.0,0.0,0.0,0.0
FaceForensics/NeuralTextures/102_114.mp4,FaceForensics/original/102.mp4,neuraltextures,1,0.0,0.0,0.0,0.0,0.0,0.0
FaceForensics/original/103.mp4,FaceForensics/original/103.mp4,original,0,0.0,0.0,0.0,0.0,0.0,0.0
FaceForensics/Deepfakes/103_082.mp4,FaceForensics/original/103.mp4,deepfakes,1,0.0,0.0521,0.0651,0.047,0.0,0.0
FaceForensics/Face2Face/103_082.mp4,FaceForensics/original/103.mp4,face2face,1,0.0,0.0,0.0,0.0,0.0,0.0
FaceForensics/FaceShifter/103_082.mp4,FaceForensics/original/103.mp4,faceshifter,1,0.0,0.0,0.0738,0.0,0.0,0.0
FaceForensics/FaceSwap/103_082.mp4,FaceForensics/original/103.mp4,faceswap,1,0.0,0.0,0.0,0.0,0.0,0.0
FaceForensics/NeuralTextures/103_082.mp4,FaceForensics/original/103.mp4,neuraltextures,1,0.0,0.0,0.0,0.0,0.0,0.0
FaceForensics/original/104.mp4,FaceForensics/original/104.mp4,original,0,0.0,0.0,0.0,0.0,0.0,0.0
FaceForensics/Deepfakes/104_126.mp4,FaceForensics/original/104.mp4,deepfakes,1,0.0,0.0,0.0,0.0,0.0,0.0
FaceForensics/Face2Face/104_126.mp4,FaceForensics/original/104.mp4,face2face,1,0.594,0.0,0.1091,0.1761,0.1428,0.0
FaceForensics/FaceShifter/104_126.mp4,FaceForensics/original/104.mp4,faceshifter,1,0.0,0.0703,0.0,0.0,0.0,0.0
FaceForensics/FaceSwap/104_126.mp4,FaceForensics/original/104.mp4,faceswap,1,0.0,0.1075,0.0,0.0401,0.0,0.0
FaceForensics/NeuralTextures/104_126.mp4,FaceForensics/original/104.mp4,neuraltextures,1,0.0,0.0,0.0,0.0,0.0,0.0
FaceForensics/original/105.mp4,FaceForensics/original/105.mp4,original,0,0.0,0.0,0.0,0.0,0.0,0.0
FaceForensics/Deepfakes/105_180.mp4,FaceForensics/original/105.mp4,deepfakes,1,0.0688,0.0,0.0815,0.0539,0.0,0.0
FaceForensics/Face2Face/105_180.mp4,FaceForensics/original/105.mp4,face2face,1,0.0,0.0,0.0,0.0,0.0,0.0
FaceForensics/FaceShifter/105_180.mp4,FaceForensics/original/105.mp4,faceshifter,1,0.0445,0.0,0.0,0.0,0.0,0.0
FaceForensics/FaceSwap/105_180.mp4,FaceForensics/original/105.mp4,faceswap,1,0.0,0.0,0.0,0.0,0.0,0.0
FaceForensics/NeuralTextures/105_180.mp4,FaceForensics/original/105.mp4,neuraltextures,1,0.0,0.0,0.0,0.0,0.0,0.0
FaceForensics/original/106.mp4,FaceForensics/original/106.mp4,original,0,0.0,0.0,0.0,0.0,0.0,0.0
FaceForensics/Deepfakes/106_198.mp4,FaceForensics/original/106.mp4,deepfakes,1,0.0,0.0,0.0,0.0,0.0,0.0
FaceForensics/Face2Face/106_198.mp4,FaceForensics/original/106.mp4,face2face,1,0.0908,0.0597,0.0,0.0415,0.0,0.0
FaceForensics/FaceShifter/106_198.mp4,FaceForensics/original/106.mp4,faceshifter,1,0.0583,0.0,0.0,0.0717,0.0,0.084
FaceForensics/FaceSwap/106_198.mp4,FaceForensics/original/106.mp4,faceswap,1,0.0,0.0,0.0,0.042,0.0,0.0
FaceForensics/NeuralTextures/106_198.mp4,FaceForensics/original/106.mp4,neuraltextures,1,0.091,0.0,0.0,0.0,0.0,0.0
FaceForensics/original/107.mp4,FaceForensics/original/107.mp4,original,0,0.0,0.0,0.0,0.0,0.0,0.0
FaceForensics/Deepfakes/107_109.mp4,FaceForensics/original/107.mp4,deepfakes,1,0.1363,0.1262,0.0842,0.0882,0.1325,0.1118
FaceForensics/Face2Face/107_109.mp4,FaceForensics/original/107.mp4,face2face,1,0.0516,0.0,0.0565,0.0,0.0,0.0
FaceForensics/FaceShifter/107_109.mp4,FaceForensics/original/107.mp4,faceshifter,1,0.0,0.0,0.0485,0.0,0.0,0.0
FaceForensics/FaceSwap/107_109.mp4,FaceForensics/original/107.mp4,faceswap,1,0.2633,0.2522,0.1482,0.1847,0.1688,0.1364
FaceForensics/NeuralTextures/107_109.mp4,FaceForensics/original/107.mp4,neuraltextures,1,0.0,0.0,0.0445,0.0502,0.0,0.0
FaceForensics/original/108.mp4,FaceForensics/original/108.mp4,original,0,0.0,0.0,0.0,0.0,0.0,0.0
FaceForensics/Deepfakes/108_052.mp4,FaceForensics/original/108.mp4,deepfakes,1,0.0,0.0,0.0,0.0426,0.0,0.0
FaceForensics/Face2Face/108_052.mp4,FaceForensics/original/108.mp4,face2face,1,0.1145,0.0478,0.0,0.0,0.0567,0.0
FaceForensics/FaceShifter/108_052.mp4,FaceForensics/original/108.mp4,faceshifter,1,0.0,0.0,0.0,0.0,0.0,0.0
FaceForensics/FaceSwap/108_052.mp4,FaceForensics/original/108.mp4,faceswap,1,0.0496,0.0429,0.0,0.0,0.0,0.0
FaceForensics/NeuralTextures/108_052.mp4,FaceForensics/original/108.mp4,neuraltextures,1,0.0,0.0,0.0,0.0,0.0,0.0
FaceForensics/original/109.mp4,FaceForensics/original/109.mp4,original,0,0.0,0.0,0.0,0.0,0.0,0.0
FaceForensics/Deepfakes/109_107.mp4,FaceForensics/original/109.mp4,deepfakes,1,0.1684,0.2384,0.0,0.1014,0.083,0.0497
FaceForensics/Face2Face/109_107.mp4,FaceForensics/original/109.mp4,face2face,1,0.0,0.0,0.0,0.0,0.0,0.0
FaceForensics/FaceShifter/109_107.mp4,FaceForensics/original/109.mp4,faceshifter,1,0.0,0.0,0.053,0.0632,0.0,0.0
FaceForensics/FaceSwap/109_107.mp4,FaceForensics/original/109.mp4,faceswap,1,0.0,0.0,0.0,0.057,0.0,0.0
FaceForensics/NeuralTextures/109_107.mp4,FaceForensics/original/109.mp4,neuraltextures,1,0.0,0.0,0.0524,0.0,0.0,0.0
FaceForensics/original/110.mp4,FaceForensics/original/110.mp4,original,0,0.0,0.0,0.0,0.0,0.0,0.0
FaceForensics/Deepfakes/110_043.mp4,FaceForensics/original/110.mp4,deepfakes,1,0.0512,0.0618,0.0891,0.0829,0.043,0.0756
FaceForensics/Face2Face/110_043.mp4,FaceForensics/original/110.mp4,face2face,1,0.0,0.0,0.0,0.0,0.0,0.0
FaceForensics/FaceShifter/110_043.mp4,FaceForensics/original/110.mp4,faceshifter,1,0.0,0.0,0.0462,0.0,0.0,0.0
FaceForensics/FaceSwap/110_043.mp4,FaceForensics/original/110.mp4,faceswap,1,0.0,0.0508,0.0,0.0,0.0,0.0
FaceForensics/NeuralTextures/110_043.mp4,FaceForensics/original/110.mp4,neuraltextures,1,0.0,0.0,0.0,0.0,0.0,0.0
FaceForensics/original/111.mp4,FaceForensics/original/111.mp4,original,0,0.0,0.0,0.0,0.0,0.0,0.0
FaceForensics/Deepfakes/111_094.mp4,FaceForensics/original/111.mp4,deepfakes,1,0.0519,0.0,0.0,0.0,0.0,0.0
FaceForensics/Face2Face/111_094.mp4,FaceForensics/original/111.mp4,face2face,1,0.0,0.0,0.0,0.0,0.0,0.0
FaceForensics/FaceShifter/111_094.mp4,FaceForensics/original/111.mp4,faceshifter,1,0.2726,0.262,0.0573,0.1001,0.079,0.0
FaceForensics/FaceSwap/111_094.mp4,FaceForensics/original/111.mp4,faceswap,1,0.0441,0.0465,0.0611,0.0981,0.0796,0.0
FaceForensics/NeuralTextures/111_094.mp4,FaceForensics/original/111.mp4,neuraltextures,1,0.0,0.0,0.0,0.0,0.0,0.0
FaceForensics/original/112.mp4,FaceForensics/original/112.mp4,original,0,0.0,0.0,0.0,0.0,0.0,0.0
FaceForensics/Deepfakes/112_892.mp4,FaceForensics/original/112.mp4,deepfakes,1,0.0,0.0,0.0,0.0,0.0,0.0
FaceForensics/Face2Face/112_892.mp4,FaceForensics/original/112.mp4,face2face,1,0.3897,0.0881,0.0721,0.0873,0.0699,0.0669
FaceForensics/FaceShifter/112_892.mp4,FaceForensics/original/112.mp4,faceshifter,1,0.0,0.0,0.0667,0.0,0.0,0.0
FaceForensics/FaceSwap/112_892.mp4,FaceForensics/original/112.mp4,faceswap,1,0.1501,0.0459,0.0,0.0,0.0,0.0
FaceForensics/NeuralTextures/112_892.mp4,FaceForensics/original/112.mp4,neuraltextures,1,0.0,0.0,0.0,0.0,0.0,0.0
FaceForensics/original/113.mp4,FaceForensics/original/113.mp4,original,0,0.0,0.0,0.0,0.0,0.0,0.0
FaceForensics/Deepfakes/113_983.mp4,FaceForensics/original/113.mp4,deepfakes,1,0.0,0.0,0.0,0.0,0.0,0.0
FaceForensics/Face2Face/113_983.mp4,FaceForensics/original/113.mp4,face2face,1,0.0,0.0,0.0,0.0,0.0,0.0
FaceForensics/FaceShifter/113_983.mp4,FaceForensics/original/113.mp4,faceshifter,1,0.0,0.0,0.0,0.0,0.0,0.0
FaceForensics/FaceSwap/113_983.mp4,FaceForensics/original/113.mp4,faceswap,1,0.0,0.0,0.0,0.0,0.0,0.0
FaceForensics/NeuralTextures/113_983.mp4,FaceForensics/original/113.mp4,neuraltextures,1,0.0,0.0,0.0,0.0,0.0,0.0
FaceForensics/original/114.mp4,FaceForensics/original/114.mp4,original,0,0.0,0.0,0.0,0.0,0.0,0.0
FaceForensics/Deepfakes/114_102.mp4,FaceForensics/original/114.mp4,deepfakes,1,0.0,0.0,0.0,0.0,0.0,0.0
FaceForensics/Face2Face/114_102.mp4,FaceForensics/original/114.mp4,face2face,1,0.0,0.0,0.048,0.0,0.0,0.0
FaceForensics/FaceShifter/114_102.mp4,FaceForensics/original/114.mp4,faceshifter,1,0.0,0.0,0.0,0.0,0.0,0.0
FaceForensics/FaceSwap/114_102.mp4,FaceForensics/original/114.mp4,faceswap,1,0.0,0.0,0.0,0.0,0.0,0.0
FaceForensics/NeuralTextures/114_102.mp4,FaceForensics/original/114.mp4,neuraltextures,1,0.042,0.0,0.0436,0.0,0.0,0.0
FaceForensics/original/115.mp4,FaceForensics/original/115.mp4,original,0,0.0,0.0,0.0,0.0,0.0,0.0
FaceForensics/Deepfakes/115_939.mp4,FaceForensics/original/115.mp4,deepfakes,1,0.1802,0.0545,0.0596,0.0613,0.0617,0.0
FaceForensics/Face2Face/115_939.mp4,FaceForensics/original/115.mp4,face2face,1,0.0,0.0,0.0,0.0,0.0,0.0
FaceForensics/FaceShifter/115_939.mp4,FaceForensics/original/115.mp4,faceshifter,1,0.0576,0.0429,0.0,0.0,0.0,0.0
FaceForensics/FaceSwap/115_939.mp4,FaceForensics/original/115.mp4,faceswap,1,0.1168,0.0552,0.059,0.0,0.0539,0.0
FaceForensics/NeuralTextures/115_939.mp4,FaceForensics/original/115.mp4,neuraltextures,1,0.0,0.0,0.0,0.0,0.0,0.0
FaceForensics/original/116.mp4,FaceForensics/original/116.mp4,original,0,0.0,0.0,0.0,0.0,0.0,0.0
FaceForensics/Deepfakes/116_091.mp4,FaceForensics/original/116.mp4,deepfakes,1,0.0,0.0,0.0,0.0,0.0,0.0
FaceForensics/Face2Face/116_091.mp4,FaceForensics/original/116.mp4,face2face,1,0.0649,0.0,0.0,0.0,0.0,0.0
FaceForensics/FaceShifter/116_091.mp4,FaceForensics/original/116.mp4,faceshifter,1,0.0,0.0,0.0,0.0,0.0,0.0
FaceForensics/FaceSwap/116_091.mp4,FaceForensics/original/116.mp4,faceswap,1,0.0,0.0,0.0,0.0,0.0,0.0
FaceForensics/NeuralTextures/116_091.mp4,FaceForensics/original/116.mp4,neuraltextures,1,0.1491,0.0,0.0,0.0,0.0,0.0
FaceForensics/original/117.mp4,FaceForensics/original/117.mp4,original,0,0.0,0.0,0.0,0.0,0.0,0.0
FaceForensics/Deepfakes/117_217.mp4,FaceForensics/original/117.mp4,deepfakes,1,0.068,0.1116,0.0,0.0715,0.0,0.0
FaceForensics/Face2Face/117_217.mp4,FaceForensics/original/117.mp4,face2face,1,0.0,0.0,0.0,0.0,0.0,0.0
FaceForensics/FaceShifter/117_217.mp4,FaceForensics/original/117.mp4,faceshifter,1,0.0,0.0,0.0,0.0,0.0,0.0
FaceForensics/FaceSwap/117_217.mp4,FaceForensics/original/117.mp4,faceswap,1,0.0932,0.0,0.0,0.0,0.0,0.0
FaceForensics/NeuralTextures/117_217.mp4,FaceForensics/original/117.mp4,neuraltextures,1,0.0,0.0,0.0,0.0,0.0,0.0
FaceForensics/original/118.mp4,FaceForensics/original/118.mp4,original,0,0.0,0.0,0.0,0.0,0.0,0.0
FaceForensics/Deepfakes/118_120.mp4,FaceForensics/original/118.mp4,deepfakes,1,0.1807,0.1481,0.0587,0.1135,0.0859,0.0813
FaceForensics/Face2Face/118_120.mp4,FaceForensics/original/118.mp4,face2face,1,0.116,0.0455,0.0585,0.0531,0.0523,0.0
FaceForensics/FaceShifter/118_120.mp4,FaceForensics/original/118.mp4,faceshifter,1,0.0,0.0,0.0,0.0,0.0,0.0
FaceForensics/FaceSwap/118_120.mp4,FaceForensics/original/118.mp4,faceswap,1,0.2391,0.2068,0.0881,0.2167,0.1198,0.1126
FaceForensics/NeuralTextures/118_120.mp4,FaceForensics/original/118.mp4,neuraltextures,1,0.1354,0.0,0.0453,0.0655,0.0,0.0
FaceForensics/original/119.mp4,FaceForensics/original/119.mp4,original,0,0.0,0.0,0.0,0.0,0.0,0.0
FaceForensics/Deepfakes/119_123.mp4,FaceForensics/original/119.mp4,deepfakes,1,0.0423,0.0914,0.06,0.0601,0.0,0.0
FaceForensics/Face2Face/119_123.mp4,FaceForensics/original/119.mp4,face2face,1,0.0,0.0,0.0703,0.0,0.0,0.0
FaceForensics/FaceShifter/119_123.mp4,FaceForensics/original/119.mp4,faceshifter,1,0.061,0.0434,0.0,0.0,0.0,0.0
FaceForensics/FaceSwap/119_123.mp4,FaceForensics/original/119.mp4,faceswap,1,0.0422,0.0,0.0,0.0,0.0,0.0
FaceForensics/NeuralTextures/119_123.mp4,FaceForensics/original/119.mp4,neuraltextures,1,0.0,0.0,0.0,0.0,0.0,0.0
FaceForensics/original/120.mp4,FaceForensics/original/120.mp4,original,0,0.0,0.0,0.0,0.0,0.0,0.0
FaceForensics/Deepfakes/120_118.mp4,FaceForensics/original/120.mp4,deepfakes,1,0.0,0.0933,0.0,0.0,0.0,0.0
FaceForensics/Face2Face/120_118.mp4,FaceForensics/original/120.mp4,face2face,1,0.0,0.0,0.0,0.0,0.0427,0.0
FaceForensics/FaceShifter/120_118.mp4,FaceForensics/original/120.mp4,faceshifter,1,0.0521,0.0516,0.0,0.0,0.0,0.0
FaceForensics/FaceSwap/120_118.mp4,FaceForensics/original/120.mp4,faceswap,1,0.0,0.041,0.0,0.0,0.0,0.0
FaceForensics/NeuralTextures/120_118.mp4,FaceForensics/original/120.mp4,neuraltextures,1,0.0454,0.0,0.0,0.0,0.0428,0.0
FaceForensics/original/121.mp4,FaceForensics/original/121.mp4,original,0,0.0,0.0,0.0,0.0,0.0,0.0
FaceForensics/Deepfakes/121_093.mp4,FaceForensics/original/121.mp4,deepfakes,1,0.0,0.0,0.0,0.0,0.0,0.0
FaceForensics/Face2Face/121_093.mp4,FaceForensics/original/121.mp4,face2face,1,0.0568,0.0,0.0,0.0,0.0,0.0
FaceForensics/FaceShifter/121_093.mp4,FaceForensics/original/121.mp4,faceshifter,1,0.0,0.0,0.0,0.0,0.0,0.0
FaceForensics/FaceSwap/121_093.mp4,FaceForensics/original/121.mp4,faceswap,1,0.0817,0.0574,0.0,0.0,0.0,0.0658
FaceForensics/NeuralTextures/121_093.mp4,FaceForensics/original/121.mp4,neuraltextures,1,0.0,0.0,0.0,0.0,0.0,0.0
FaceForensics/original/122.mp4,FaceForensics/original/122.mp4,original,0,0.0,0.0,0.0,0.0,0.0,0.0
FaceForensics/Deepfakes/122_144.mp4,FaceForensics/original/122.mp4,deepfakes,1,0.0,0.0614,0.0563,0.1147,0.0713,0.0446
FaceForensics/Face2Face/122_144.mp4,FaceForensics/original/122.mp4,face2face,1,0.046,0.0,0.0,0.0,0.0,0.0
FaceForensics/FaceShifter/122_144.mp4,FaceForensics/original/122.mp4,faceshifter,1,0.0,0.0,0.0,0.0,0.0434,0.0
FaceForensics/FaceSwap/122_144.mp4,FaceForensics/original/122.mp4,faceswap,1,0.0,0.0,0.0,0.0,0.0,0.0
FaceForensics/NeuralTextures/122_144.mp4,FaceForensics/original/122.mp4,neuraltextures,1,0.0,0.0,0.0,0.0,0.0,0.0
FaceForensics/original/123.mp4,FaceForensics/original/123.mp4,original,0,0.0,0.0,0.0,0.0,0.0,0.0
FaceForensics/Deepfakes/123_119.mp4,FaceForensics/original/123.mp4,deepfakes,1,0.0,0.0,0.0441,0.0,0.0558,0.0
FaceForensics/Face2Face/123_119.mp4,FaceForensics/original/123.mp4,face2face,1,0.068,0.0546,0.084,0.0798,0.0,0.0436
FaceForensics/FaceShifter/123_119.mp4,FaceForensics/original/123.mp4,faceshifter,1,0.0,0.0,0.0413,0.0,0.0508,0.0
FaceForensics/FaceSwap/123_119.mp4,FaceForensics/original/123.mp4,faceswap,1,0.1819,0.1352,0.126,0.1369,0.0815,0.1186
FaceForensics/NeuralTextures/123_119.mp4,FaceForensics/original/123.mp4,neuraltextures,1,0.045,0.0456,0.1214,0.0513,0.0,0.0
FaceForensics/original/124.mp4,FaceForensics/original/124.mp4,original,0,0.0,0.0,0.0,0.0,0.0,0.0
FaceForensics/Deepfakes/124_085.mp4,FaceForensics/original/124.mp4,deepfakes,1,0.0957,0.0648,0.0473,0.0449,0.0661,0.045
FaceForensics/Face2Face/124_085.mp4,FaceForensics/original/124.mp4,face2face,1,0.1918,0.0,0.0,0.0,0.0,0.0
FaceForensics/FaceShifter/124_085.mp4,FaceForensics/original/124.mp4,faceshifter,1,0.0,0.0404,0.0,0.0,0.0,0.0
FaceForensics/FaceSwap/124_085.mp4,FaceForensics/original/124.mp4,faceswap,1,0.0445,0.0,0.0725,0.0,0.1063,0.0
FaceForensics/NeuralTextures/124_085.mp4,FaceForensics/original/124.mp4,neuraltextures,1,0.1271,0.0475,0.0,0.0,0.0,0.0
FaceForensics/original/125.mp4,FaceForensics/original/125.mp4,original,0,0.0,0.0,0.0,0.0,0.0,0.0
FaceForensics/Deepfakes/125_038.mp4,FaceForensics/original/125.mp4,deepfakes,1,0.0,0.0,0.0,0.0,0.0,0.0
FaceForensics/Face2Face/125_038.mp4,FaceForensics/original/125.mp4,face2face,1,0.0,0.0,0.0,0.0,0.0,0.0
FaceForensics/FaceShifter/125_038.mp4,FaceForensics/original/125.mp4,faceshifter,1,0.0,0.0,0.0,0.0,0.0,0.0
FaceForensics/FaceSwap/125_038.mp4,FaceForensics/original/125.mp4,faceswap,1,0.0,0.0,0.0,0.0,0.0,0.0
FaceForensics/NeuralTextures/125_038.mp4,FaceForensics/original/125.mp4,neuraltextures,1,0.0726,0.0,0.0,0.0,0.0,0.0
FaceForensics/original/126.mp4,FaceForensics/original/126.mp4,original,0,0.0,0.0,0.0,0.0,0.0,0.0
FaceForensics/Deepfakes/126_104.mp4,FaceForensics/original/126.mp4,deepfakes,1,0.0,0.0,0.0,0.0,0.0,0.0982
FaceForensics/Face2Face/126_104.mp4,FaceForensics/original/126.mp4,face2face,1,0.1219,0.0,0.0,0.0,0.0,0.0
FaceForensics/FaceShifter/126_104.mp4,FaceForensics/original/126.mp4,faceshifter,1,0.0,0.0,0.0,0.0,0.0,0.0
FaceForensics/FaceSwap/126_104.mp4,FaceForensics/original/126.mp4,faceswap,1,0.0,0.0668,0.0,0.0,0.0,0.0
FaceForensics/NeuralTextures/126_104.mp4,FaceForensics/original/126.mp4,neuraltextures,1,0.0,0.0,0.0,0.0,0.0,0.0
FaceForensics/original/127.mp4,FaceForensics/original/127.mp4,original,0,0.0,0.0,0.0,0.0,0.0,0.0
FaceForensics/Deepfakes/127_129.mp4,FaceForensics/original/127.mp4,deepfakes,1,0.0,0.0,0.0,0.0,0.0,0.0
FaceForensics/Face2Face/127_129.mp4,FaceForensics/original/127.mp4,face2face,1,0.1167,0.0926,0.0551,0.0488,0.0,0.0
FaceForensics/FaceShifter/127_129.mp4,FaceForensics/original/127.mp4,faceshifter,1,0.0566,0.0,0.0,0.0,0.0,0.0
FaceForensics/FaceSwap/127_129.mp4,FaceForensics/original/127.mp4,faceswap,1,0.1493,0.0647,0.0,0.067,0.056,0.0807
FaceForensics/NeuralTextures/127_129.mp4,FaceForensics/original/127.mp4,neuraltextures,1,0.0,0.0,0.0,0.0,0.0,0.0
FaceForensics/original/128.mp4,FaceForensics/original/128.mp4,original,0,0.0,0.0,0.0,0.0,0.0,0.0
FaceForensics/Deepfakes/128_896.mp4,FaceForensics/original/128.mp4,deepfakes,1,0.0449,0.0,0.0459,0.0,0.0,0.0
FaceForensics/Face2Face/128_896.mp4,FaceForensics/original/128.mp4,face2face,1,0.0,0.0,0.05,0.0,0.0,0.0
FaceForensics/FaceShifter/128_896.mp4,FaceForensics/original/128.mp4,faceshifter,1,0.0,0.0,0.0,0.0,0.0,0.0
FaceForensics/FaceSwap/128_896.mp4,FaceForensics/original/128.mp4,faceswap,1,0.0467,0.0575,0.0523,0.0559,0.0437,0.0
FaceForensics/NeuralTextures/128_896.mp4,FaceForensics/original/128.mp4,neuraltextures,1,0.0649,0.0,0.054,0.0547,0.0,0.0
FaceForensics/original/129.mp4,FaceForensics/original/129.mp4,original,0,0.0,0.0,0.0,0.0,0.0,0.0
FaceForensics/Deepfakes/129_127.mp4,FaceForensics/original/129.mp4,deepfakes,1,0.0,0.0,0.0,0.0,0.0,0.0
FaceForensics/Face2Face/129_127.mp4,FaceForensics/original/129.mp4,face2face,1,0.0,0.0,0.0,0.0,0.0,0.0
FaceForensics/FaceShifter/129_127.mp4,FaceForensics/original/129.mp4,faceshifter,1,0.0,0.0,0.0,0.0,0.0443,0.0
FaceForensics/FaceSwap/129_127.mp4,FaceForensics/original/129.mp4,faceswap,1,0.0517,0.0402,0.0,0.0562,0.058,0.0
FaceForensics/NeuralTextures/129_127.mp4,FaceForensics/original/129.mp4,neuraltextures,1,0.0,0.0,0.0,0.0,0.0,0.0
FaceForensics/original/130.mp4,FaceForensics/original/130.mp4,original,0,0.0,0.0,0.0,0.0,0.0,0.0
FaceForensics/Deepfakes/130_139.mp4,FaceForensics/original/130.mp4,deepfakes,1,0.0,0.0,0.0,0.0445,0.0,0.0
FaceForensics/Face2Face/130_139.mp4,FaceForensics/original/130.mp4,face2face,1,0.0732,0.0,0.0489,0.0,0.0,0.0
FaceForensics/FaceShifter/130_139.mp4,FaceForensics/original/130.mp4,faceshifter,1,0.101,0.0,0.0,0.0,0.0,0.0
FaceForensics/FaceSwap/130_139.mp4,FaceForensics/original/130.mp4,faceswap,1,0.0691,0.0,0.0,0.0,0.0,0.0
FaceForensics/NeuralTextures/130_139.mp4,FaceForensics/original/130.mp4,neuraltextures,1,0.0,0.0,0.0,0.0,0.0,0.0
FaceForensics/original/131.mp4,FaceForensics/original/131.mp4,original,0,0.0,0.0,0.0,0.0,0.0,0.0
FaceForensics/Deepfakes/131_518.mp4,FaceForensics/original/131.mp4,deepfakes,1,0.2136,0.5665,0.16,0.2104,0.1723,0.1191
FaceForensics/Face2Face/131_518.mp4,FaceForensics/original/131.mp4,face2face,1,0.0697,0.0633,0.0409,0.0,0.0508,0.0451
FaceForensics/FaceShifter/131_518.mp4,FaceForensics/original/131.mp4,faceshifter,1,0.1422,0.0912,0.0,0.0537,0.0,0.0
FaceForensics/FaceSwap/131_518.mp4,FaceForensics/original/131.mp4,faceswap,1,0.2638,0.4199,0.0455,0.1088,0.0459,0.0502
FaceForensics/NeuralTextures/131_518.mp4,FaceForensics/original/131.mp4,neuraltextures,1,0.0828,0.0,0.0556,0.0418,0.0,0.0
FaceForensics/original/132.mp4,FaceForensics/original/132.mp4,original,0,0.0,0.0,0.0,0.0,0.0,0.0
FaceForensics/Deepfakes/132_007.mp4,FaceForensics/original/132.mp4,deepfakes,1,0.0,0.0,0.0,0.0,0.0,0.0
FaceForensics/Face2Face/132_007.mp4,FaceForensics/original/132.mp4,face2face,1,0.0,0.0,0.0471,0.0432,0.0,0.0
FaceForensics/FaceShifter/132_007.mp4,FaceForensics/original/132.mp4,faceshifter,1,0.0509,0.0,0.0,0.0,0.0,0.0
FaceForensics/FaceSwap/132_007.mp4,FaceForensics/original/132.mp4,faceswap,1,0.0,0.0,0.0,0.0,0.0,0.0
FaceForensics/NeuralTextures/132_007.mp4,FaceForensics/original/132.mp4,neuraltextures,1,0.0,0.0,0.0,0.0,0.0,0.0
FaceForensics/original/133.mp4,FaceForensics/original/133.mp4,original,0,0.0,0.0,0.0,0.0,0.0,0.0
FaceForensics/Deepfakes/133_148.mp4,FaceForensics/original/133.mp4,deepfakes,1,0.0,0.0,0.0578,0.0,0.0,0.0
FaceForensics/Face2Face/133_148.mp4,FaceForensics/original/133.mp4,face2face,1,0.0,0.0,0.0435,0.0,0.0,0.0
FaceForensics/FaceShifter/133_148.mp4,FaceForensics/original/133.mp4,faceshifter,1,0.0885,0.0,0.1091,0.0898,0.0,0.0
FaceForensics/FaceSwap/133_148.mp4,FaceForensics/original/133.mp4,faceswap,1,0.0843,0.0494,0.0439,0.0473,0.0,0.0
FaceForensics/NeuralTextures/133_148.mp4,FaceForensics/original/133.mp4,neuraltextures,1,0.0,0.0536,0.0573,0.048,0.0,0.0
FaceForensics/original/134.mp4,FaceForensics/original/134.mp4,original,0,0.0,0.0,0.0,0.0,0.0,0.0
FaceForensics/Deepfakes/134_192.mp4,FaceForensics/original/134.mp4,deepfakes,1,0.1396,0.0493,0.0,0.0,0.0,0.0
FaceForensics/Face2Face/134_192.mp4,FaceForensics/original/134.mp4,face2face,1,0.211,0.0,0.0478,0.0627,0.0492,0.0668
FaceForensics/FaceShifter/134_192.mp4,FaceForensics/original/134.mp4,faceshifter,1,0.0,0.0,0.0,0.0,0.0,0.0
FaceForensics/FaceSwap/134_192.mp4,FaceForensics/original/134.mp4,faceswap,1,0.1098,0.0978,0.0,0.0,0.0,0.0455
FaceForensics/NeuralTextures/134_192.mp4,FaceForensics/original/134.mp4,neuraltextures,1,0.0975,0.0,0.0,0.0,0.0,0.0
FaceForensics/original/135.mp4,FaceForensics/original/135.mp4,original,0,0.0,0.0,0.0,0.0,0.0,0.0
FaceForensics/Deepfakes/135_880.mp4,FaceForensics/original/135.mp4,deepfakes,1,0.1416,0.0729,0.1293,0.142,0.0784,0.0693
FaceForensics/Face2Face/135_880.mp4,FaceForensics/original/135.mp4,face2face,1,0.0846,0.0,0.0,0.0,0.0,0.0
FaceForensics/FaceShifter/135_880.mp4,FaceForensics/original/135.mp4,faceshifter,1,0.0,0.0,0.0,0.0,0.0,0.0
FaceForensics/FaceSwap/135_880.mp4,FaceForensics/original/135.mp4,faceswap,1,0.1138,0.0,0.0417,0.0463,0.0,0.0
FaceForensics/NeuralTextures/135_880.mp4,FaceForensics/original/135.mp4,neuraltextures,1,0.0,0.0,0.0,0.0569,0.0,0.0
FaceForensics/original/136.mp4,FaceForensics/original/136.mp4,original,0,0.0,0.0,0.0,0.0,0.0,0.0
FaceForensics/Deepfakes/136_285.mp4,FaceForensics/original/136.mp4,deepfakes,1,0.0411,0.0507,0.0818,0.0,0.0,0.0
FaceForensics/Face2Face/136_285.mp4,FaceForensics/original/136.mp4,face2face,1,0.0,0.0,0.0,0.0,0.0,0.0
FaceForensics/FaceShifter/136_285.mp4,FaceForensics/original/136.mp4,faceshifter,1,0.0,0.0,0.0579,0.0,0.0,0.0
FaceForensics/FaceSwap/136_285.mp4,FaceForensics/original/136.mp4,faceswap,1,0.0,0.0,0.0,0.0,0.0,0.0
FaceForensics/NeuralTextures/136_285.mp4,FaceForensics/original/136.mp4,neuraltextures,1,0.0,0.0,0.0,0.0,0.0,0.0
FaceForensics/original/137.mp4,FaceForensics/original/137.mp4,original,0,0.0,0.0,0.0,0.0,0.0,0.0
FaceForensics/Deepfakes/137_165.mp4,FaceForensics/original/137.mp4,deepfakes,1,0.1506,0.1181,0.1763,0.1452,0.0579,0.1109
FaceForensics/Face2Face/137_165.mp4,FaceForensics/original/137.mp4,face2face,1,0.0,0.0,0.0556,0.0,0.0,0.0
FaceForensics/FaceShifter/137_165.mp4,FaceForensics/original/137.mp4,faceshifter,1,0.1204,0.1059,0.077,0.0778,0.0556,0.0813
FaceForensics/FaceSwap/137_165.mp4,FaceForensics/original/137.mp4,faceswap,1,0.0,0.0,0.0,0.0,0.0498,0.0514
FaceForensics/NeuralTextures/137_165.mp4,FaceForensics/original/137.mp4,neuraltextures,1,0.0484,0.0448,0.0516,0.0446,0.0,0.071
FaceForensics/original/138.mp4,FaceForensics/original/138.mp4,original,0,0.0,0.0,0.0,0.0,0.0,0.0
FaceForensics/Deepfakes/138_142.mp4,FaceForensics/original/138.mp4,deepfakes,1,0.0614,0.0,0.0,0.0,0.0,0.0
FaceForensics/Face2Face/138_142.mp4,FaceForensics/original/138.mp4,face2face,1,0.0,0.0,0.0,0.0,0.047,0.0
FaceForensics/FaceShifter/138_142.mp4,FaceForensics/original/138.mp4,faceshifter,1,0.1113,0.0,0.0,0.0,0.0,0.0
FaceForensics/FaceSwap/138_142.mp4,FaceForensics/original/138.mp4,faceswap,1,0.1555,0.0896,0.084,0.1044,0.0447,0.0624
FaceForensics/NeuralTextures/138_142.mp4,FaceForensics/original/138.mp4,neuraltextures,1,0.0428,0.0,0.0,0.0442,0.0511,0.0
FaceForensics/original/139.mp4,FaceForensics/original/139.mp4,original,0,0.0,0.0,0.0,0.0,0.0,0.0
FaceForensics/Deepfakes/139_130.mp4,FaceForensics/original/139.mp4,deepfakes,1,0.065,0.1046,0.0,0.0,0.0691,0.0
FaceForensics/Face2Face/139_130.mp4,FaceForensics/original/139.mp4,face2face,1,0.0,0.0,0.0,0.0,0.0,0.0
FaceForensics/FaceShifter/139_130.mp4,FaceForensics/original/139.mp4,faceshifter,1,0.0,0.0,0.0,0.0501,0.0596,0.0
FaceForensics/FaceSwap/139_130.mp4,FaceForensics/original/139.mp4,faceswap,1,0.0,0.0502,0.0,0.0,0.0,0.0
FaceForensics/NeuralTextures/139_130.mp4,FaceForensics/original/139.mp4,neuraltextures,1,0.0,0.0,0.0,0.0,0.0,0.0
FaceForensics/original/140.mp4,FaceForensics/original/140.mp4,original,0,0.0,0.0,0.0,0.0,0.0,0.0
FaceForensics/Deepfakes/140_143.mp4,FaceForensics/original/140.mp4,deepfakes,1,0.1958,0.1111,0.0684,0.0,0.0,0.0
FaceForensics/Face2Face/140_143.mp4,FaceForensics/original/140.mp4,face2face,1,0.0,0.0,0.0,0.0,0.0,0.0
FaceForensics/FaceShifter/140_143.mp4,FaceForensics/original/140.mp4,faceshifter,1,0.0,0.0,0.0779,0.0,0.0,0.0
FaceForensics/FaceSwap/140_143.mp4,FaceForensics/original/140.mp4,faceswap,1,0.0,0.0,0.0,0.0,0.0,0.0
FaceForensics/NeuralTextures/140_143.mp4,FaceForensics/original/140.mp4,neuraltextures,1,0.0,0.0,0.0,0.0,0.0,0.0
FaceForensics/original/141.mp4,FaceForensics/original/141.mp4,original,0,0.0,0.0,0.0,0.0,0.0,0.0
FaceForensics/Deepfakes/141_161.mp4,FaceForensics/original/141.mp4,deepfakes,1,0.0,0.0,0.0,0.0,0.0,0.0
FaceForensics/Face2Face/141_161.mp4,FaceForensics/original/141.mp4,face2face,1,0.0,0.0,0.0,0.0,0.0,0.0
FaceForensics/FaceShifter/141_161.mp4,FaceForensics/original/141.mp4,faceshifter,1,0.0,0.0,0.0,0.0,0.0,0.0
FaceForensics/FaceSwap/141_161.mp4,FaceForensics/original/141.mp4,faceswap,1,0.0,0.0,0.0,0.0,0.0,0.0
FaceForensics/NeuralTextures/141_161.mp4,FaceForensics/original/141.mp4,neuraltextures,1,0.0,0.0,0.0,0.0,0.0,0.0
FaceForensics/original/142.mp4,FaceForensics/original/142.mp4,original,0,0.0,0.0,0.0,0.0,0.0,0.0
FaceForensics/Deepfakes/142_138.mp4,FaceForensics/original/142.mp4,deepfakes,1,0.0634,0.1412,0.0578,0.0736,0.0762,0.0643
FaceForensics/Face2Face/142_138.mp4,FaceForensics/original/142.mp4,face2face,1,0.0656,0.0621,0.0425,0.0622,0.0,0.0
FaceForensics/FaceShifter/142_138.mp4,FaceForensics/original/142.mp4,faceshifter,1,0.1036,0.0493,0.0462,0.0568,0.0,0.0521
FaceForensics/FaceSwap/142_138.mp4,FaceForensics/original/142.mp4,faceswap,1,0.0994,0.0,0.1478,0.0755,0.0,0.0886
FaceForensics/NeuralTextures/142_138.mp4,FaceForensics/original/142.mp4,neuraltextures,1,0.0444,0.0,0.0402,0.0,0.0,0.0
FaceForensics/original/143.mp4,FaceForensics/original/143.mp4,original,0,0.0,0.0,0.0,0.0,0.0,0.0
FaceForensics/Deepfakes/143_140.mp4,FaceForensics/original/143.mp4,deepfakes,1,0.0874,0.1065,0.0755,0.07,0.0517,0.0727
FaceForensics/Face2Face/143_140.mp4,FaceForensics/original/143.mp4,face2face,1,0.0431,0.0,0.0,0.047,0.0,0.0
FaceForensics/FaceShifter/143_140.mp4,FaceForensics/original/143.mp4,faceshifter,1,0.1699,0.0728,0.0682,0.0665,0.0427,0.0643
FaceForensics/FaceSwap/143_140.mp4,FaceForensics/original/143.mp4,faceswap,1,0.0735,0.174,0.0504,0.0672,0.0,0.0431
FaceForensics/NeuralTextures/143_140.mp4,FaceForensics/original/143.mp4,neuraltextures,1,0.0,0.0,0.0512,0.0489,0.0,0.0
FaceForensics/original/144.mp4,FaceForensics/original/144.mp4,original,0,0.0,0.0,0.0,0.0,0.0,0.0
FaceForensics/Deepfakes/144_122.mp4,FaceForensics/original/144.mp4,deepfakes,1,0.4269,0.2045,0.2102,0.237,0.1761,0.197
FaceForensics/Face2Face/144_122.mp4,FaceForensics/original/144.mp4,face2face,1,0.1629,0.0756,0.0718,0.107,0.0818,0.0
FaceForensics/FaceShifter/144_122.mp4,FaceForensics/original/144.mp4,faceshifter,1,0.2645,0.1434,0.0677,0.0872,0.0922,0.0761
FaceForensics/FaceSwap/144_122.mp4,FaceForensics/original/144.mp4,faceswap,1,0.2715,0.1334,0.1094,0.1449,0.0903,0.1061
FaceForensics/NeuralTextures/144_122.mp4,FaceForensics/original/144.mp4,neuraltextures,1,0.0,0.0,0.0,0.0,0.0,0.0
FaceForensics/original/145.mp4,FaceForensics/original/145.mp4,original,0,0.0,0.0,0.0,0.0,0.0,0.0
FaceForensics/Deepfakes/145_299.mp4,FaceForensics/original/145.mp4,deepfakes,1,0.0,0.0,0.0,0.0,0.0,0.0
FaceForensics/Face2Face/145_299.mp4,FaceForensics/original/145.mp4,face2face,1,0.0,0.0,0.0,0.0,0.0,0.0
FaceForensics/FaceShifter/145_299.mp4,FaceForensics/original/145.mp4,faceshifter,1,0.0,0.0,0.0,0.0,0.0,0.0
FaceForensics/FaceSwap/145_299.mp4,FaceForensics/original/145.mp4,faceswap,1,0.0443,0.0,0.0,0.0,0.0,0.0
FaceForensics/NeuralTextures/145_299.mp4,FaceForensics/original/145.mp4,neuraltextures,1,0.0,0.0,0.0,0.0,0.0,0.0
FaceForensics/original/146.mp4,FaceForensics/original/146.mp4,original,0,0.0,0.0,0.0,0.0,0.0,0.0
FaceForensics/Deepfakes/146_256.mp4,FaceForensics/original/146.mp4,deepfakes,1,0.0435,0.0,0.0,0.0,0.0,0.0
FaceForensics/Face2Face/146_256.mp4,FaceForensics/original/146.mp4,face2face,1,0.0859,0.0,0.0,0.0,0.0,0.0
FaceForensics/FaceShifter/146_256.mp4,FaceForensics/original/146.mp4,faceshifter,1,0.0,0.0,0.0,0.0,0.0,0.0
FaceForensics/FaceSwap/146_256.mp4,FaceForensics/original/146.mp4,faceswap,1,0.0,0.0,0.0,0.0,0.0,0.0
FaceForensics/NeuralTextures/146_256.mp4,FaceForensics/original/146.mp4,neuraltextures,1,0.0733,0.0,0.0,0.0,0.0,0.0
FaceForensics/original/147.mp4,FaceForensics/original/147.mp4,original,0,0.0,0.0,0.0,0.0,0.0,0.0
FaceForensics/Deepfakes/147_055.mp4,FaceForensics/original/147.mp4,deepfakes,1,0.0882,0.0933,0.115,0.1346,0.0966,0.0
FaceForensics/Face2Face/147_055.mp4,FaceForensics/original/147.mp4,face2face,1,0.0408,0.0,0.0,0.0,0.0,0.0
FaceForensics/FaceShifter/147_055.mp4,FaceForensics/original/147.mp4,faceshifter,1,0.1026,0.0713,0.0867,0.1034,0.0,0.0
FaceForensics/FaceSwap/147_055.mp4,FaceForensics/original/147.mp4,faceswap,1,0.0711,0.0495,0.0,0.0547,0.063,0.0
FaceForensics/NeuralTextures/147_055.mp4,FaceForensics/original/147.mp4,neuraltextures,1,0.0928,0.0673,0.0,0.0675,0.0,0.0
FaceForensics/original/148.mp4,FaceForensics/original/148.mp4,original,0,0.0,0.0,0.0,0.0,0.0,0.0
FaceForensics/Deepfakes/148_133.mp4,FaceForensics/original/148.mp4,deepfakes,1,0.0,0.0,0.0,0.0,0.0,0.0
FaceForensics/Face2Face/148_133.mp4,FaceForensics/original/148.mp4,face2face,1,0.0,0.0,0.0,0.0,0.0,0.0
FaceForensics/FaceShifter/148_133.mp4,FaceForensics/original/148.mp4,faceshifter,1,0.0,0.0992,0.0,0.0,0.0,0.0
FaceForensics/FaceSwap/148_133.mp4,FaceForensics/original/148.mp4,faceswap,1,0.0,0.0,0.0,0.0,0.0,0.0
FaceForensics/NeuralTextures/148_133.mp4,FaceForensics/original/148.mp4,neuraltextures,1,0.0988,0.0449,0.0,0.0496,0.0,0.0
FaceForensics/original/149.mp4,FaceForensics/original/149.mp4,original,0,0.0,0.0,0.0,0.0,0.0,0.0
FaceForensics/Deepfakes/149_152.mp4,FaceForensics/original/149.mp4,deepfakes,1,0.1793,0.1603,0.0969,0.0681,0.0,0.0504
FaceForensics/Face2Face/149_152.mp4,FaceForensics/original/149.mp4,face2face,1,0.0,0.0,0.0449,0.0,0.0,0.0
FaceForensics/FaceShifter/149_152.mp4,FaceForensics/original/149.mp4,faceshifter,1,0.0,0.0,0.0,0.0,0.0,0.0
FaceForensics/FaceSwap/149_152.mp4,FaceForensics/original/149.mp4,faceswap,1,0.0,0.0,0.0,0.0,0.0,0.0
FaceForensics/NeuralTextures/149_152.mp4,FaceForensics/original/149.mp4,neuraltextures,1,0.0,0.0,0.0557,0.0,0.0,0.0
FaceForensics/original/150.mp4,FaceForensics/original/150.mp4,original,0,0.0,0.0,0.0,0.0,0.0,0.0
FaceForensics/Deepfakes/150_153.mp4,FaceForensics/original/150.mp4,deepfakes,1,0.0,0.0,0.0,0.0,0.0,0.0
FaceForensics/Face2Face/150_153.mp4,FaceForensics/original/150.mp4,face2face,1,0.0586,0.067,0.0,0.0,0.0,0.0
FaceForensics/FaceShifter/150_153.mp4,FaceForensics/original/150.mp4,faceshifter,1,0.0586,0.0636,0.0,0.0,0.0,0.0
FaceForensics/FaceSwap/150_153.mp4,FaceForensics/original/150.mp4,faceswap,1,0.0781,0.0549,0.0,0.0,0.0,0.0
FaceForensics/NeuralTextures/150_153.mp4,FaceForensics/original/150.mp4,neuraltextures,1,0.0411,0.0,0.0723,0.0,0.0,0.0
FaceForensics/original/151.mp4,FaceForensics/original/151.mp4,original,0,0.0,0.0,0.0,0.0,0.0,0.0
FaceForensics/Deepfakes/151_225.mp4,FaceForensics/original/151.mp4,deepfakes,1,0.1819,0.0871,0.2716,0.196,0.0748,0.0
FaceForensics/Face2Face/151_225.mp4,FaceForensics/original/151.mp4,face2face,1,0.0,0.0,0.0,0.0,0.0,0.0
FaceForensics/FaceShifter/151_225.mp4,FaceForensics/original/151.mp4,faceshifter,1,0.0,0.0,0.0,0.0,0.0,0.0
FaceForensics/FaceSwap/151_225.mp4,FaceForensics/original/151.mp4,faceswap,1,0.0,0.0,0.0932,0.0,0.0,0.0
FaceForensics/NeuralTextures/151_225.mp4,FaceForensics/original/151.mp4,neuraltextures,1,0.0,0.0,0.0,0.0,0.0,0.0
FaceForensics/original/152.mp4,FaceForensics/original/152.mp4,original,0,0.0,0.0,0.0,0.0,0.0,0.0
FaceForensics/Deepfakes/152_149.mp4,FaceForensics/original/152.mp4,deepfakes,1,0.0514,0.0491,0.1246,0.1872,0.0647,0.075
FaceForensics/Face2Face/152_149.mp4,FaceForensics/original/152.mp4,face2face,1,0.0452,0.0,0.0,0.0,0.0,0.0
FaceForensics/FaceShifter/152_149.mp4,FaceForensics/original/152.mp4,faceshifter,1,0.0773,0.0,0.0,0.0,0.0,0.0
FaceForensics/FaceSwap/152_149.mp4,FaceForensics/original/152.mp4,faceswap,1,0.0,0.0402,0.0,0.0,0.0,0.0
FaceForensics/NeuralTextures/152_149.mp4,FaceForensics/original/152.mp4,neuraltextures,1,0.0,0.0,0.0,0.0,0.0,0.0
FaceForensics/original/153.mp4,FaceForensics/original/153.mp4,original,0,0.0,0.0,0.0,0.0,0.0,0.0
FaceForensics/Deepfakes/153_150.mp4,FaceForensics/original/153.mp4,deepfakes,1,0.0,0.0,0.0,0.0,0.0,0.0
FaceForensics/Face2Face/153_150.mp4,FaceForensics/original/153.mp4,face2face,1,0.05,0.0,0.0531,0.0415,0.0,0.0
FaceForensics/FaceShifter/153_150.mp4,FaceForensics/original/153.mp4,faceshifter,1,0.0,0.054,0.0737,0.051,0.0,0.0
FaceForensics/FaceSwap/153_150.mp4,FaceForensics/original/153.mp4,faceswap,1,0.0728,0.0,0.0,0.0,0.0,0.0
FaceForensics/NeuralTextures/153_150.mp4,FaceForensics/original/153.mp4,neuraltextures,1,0.0,0.0,0.0,0.0,0.0,0.0584
FaceForensics/original/154.mp4,FaceForensics/original/154.mp4,original,0,0.0,0.0,0.0,0.0,0.0,0.0
FaceForensics/Deepfakes/154_386.mp4,FaceForensics/original/154.mp4,deepfakes,1,0.0653,0.0,0.0,0.0,0.0,0.0
FaceForensics/Face2Face/154_386.mp4,FaceForensics/original/154.mp4,face2face,1,0.117,0.0,0.0,0.0,0.0,0.0
FaceForensics/FaceShifter/154_386.mp4,FaceForensics/original/154.mp4,faceshifter,1,0.0549,0.0,0.0,0.0,0.0,0.0
FaceForensics/FaceSwap/154_386.mp4,FaceForensics/original/154.mp4,faceswap,1,0.0,0.1563,0.0744,0.0856,0.0839,0.0488
FaceForensics/NeuralTextures/154_386.mp4,FaceForensics/original/154.mp4,neuraltextures,1,0.0,0.0,0.0,0.0,0.0,0.0
FaceForensics/original/155.mp4,FaceForensics/original/155.mp4,original,0,0.0,0.0,0.0429,0.0,0.0,0.0
FaceForensics/Deepfakes/155_576.mp4,FaceForensics/original/155.mp4,deepfakes,1,0.0522,0.0806,0.0444,0.0572,0.045,0.0413
FaceForensics/Face2Face/155_576.mp4,FaceForensics/original/155.mp4,face2face,1,0.0941,0.0,0.0645,0.0557,0.0,0.0
FaceForensics/FaceShifter/155_576.mp4,FaceForensics/original/155.mp4,faceshifter,1,0.0,0.0,0.0,0.0,0.0,0.0
FaceForensics/FaceSwap/155_576.mp4,FaceForensics/original/155.mp4,faceswap,1,0.052,0.0,0.0,0.0,0.0,0.0
FaceForensics/NeuralTextures/155_576.mp4,FaceForensics/original/155.mp4,neuraltextures,1,0.2132,0.0528,0.089,0.0778,0.0,0.0673
FaceForensics/original/156.mp4,FaceForensics/original/156.mp4,original,0,0.0,0.0,0.0,0.0,0.0,0.0
FaceForensics/Deepfakes/156_243.mp4,FaceForensics/original/156.mp4,deepfakes,1,0.0,0.0,0.0589,0.0651,0.0,0.049
FaceForensics/Face2Face/156_243.mp4,FaceForensics/original/156.mp4,face2face,1,0.1221,0.2313,0.2593,0.1814,0.2206,0.2178
FaceForensics/FaceShifter/156_243.mp4,FaceForensics/original/156.mp4,faceshifter,1,0.0693,0.0,0.1154,0.0849,0.0,0.0443
FaceForensics/FaceSwap/156_243.mp4,FaceForensics/original/156.mp4,faceswap,1,0.0493,0.0,0.0,0.0,0.0,0.0
FaceForensics/NeuralTextures/156_243.mp4,FaceForensics/original/156.mp4,neuraltextures,1,0.0,0.0,0.0,0.0,0.0,0.0
FaceForensics/original/157.mp4,FaceForensics/original/157.mp4,original,0,0.0,0.0,0.0,0.0,0.0,0.0
FaceForensics/Deepfakes/157_245.mp4,FaceForensics/original/157.mp4,deepfakes,1,0.0,0.0,0.0,0.0,0.0,0.0
FaceForensics/Face2Face/157_245.mp4,FaceForensics/original/157.mp4,face2face,1,0.0,0.0,0.0,0.0,0.0,0.0
FaceForensics/FaceShifter/157_245.mp4,FaceForensics/original/157.mp4,faceshifter,1,0.0,0.0,0.0,0.0,0.0,0.0
FaceForensics/FaceSwap/157_245.mp4,FaceForensics/original/157.mp4,faceswap,1,0.0,0.0,0.0,0.0,0.0,0.0
FaceForensics/NeuralTextures/157_245.mp4,FaceForensics/original/157.mp4,neuraltextures,1,0.0,0.0,0.0,0.0,0.0,0.0
FaceForensics/original/158.mp4,FaceForensics/original/158.mp4,original,0,0.0,0.0,0.0,0.0,0.0,0.0
FaceForensics/Deepfakes/158_379.mp4,FaceForensics/original/158.mp4,deepfakes,1,0.0,0.0,0.0421,0.0,0.0,0.0
FaceForensics/Face2Face/158_379.mp4,FaceForensics/original/158.mp4,face2face,1,0.0,0.0,0.0,0.0,0.0,0.0
FaceForensics/FaceShifter/158_379.mp4,FaceForensics/original/158.mp4,faceshifter,1,0.0404,0.0,0.0,0.0664,0.0,0.0
FaceForensics/FaceSwap/158_379.mp4,FaceForensics/original/158.mp4,faceswap,1,0.2073,0.1068,0.1022,0.1518,0.075,0.1268
FaceForensics/NeuralTextures/158_379.mp4,FaceForensics/original/158.mp4,neuraltextures,1,0.0,0.0,0.0,0.0435,0.0,0.0
FaceForensics/original/159.mp4,FaceForensics/original/159.mp4,original,0,0.0,0.0,0.0,0.0,0.0,0.0
FaceForensics/Deepfakes/159_175.mp4,FaceForensics/original/159.mp4,deepfakes,1,0.2529,0.1385,0.0542,0.0655,0.0,0.0
FaceForensics/Face2Face/159_175.mp4,FaceForensics/original/159.mp4,face2face,1,0.0,0.0,0.0,0.0,0.0,0.0
FaceForensics/FaceShifter/159_175.mp4,FaceForensics/original/159.mp4,faceshifter,1,0.1233,0.0,0.0,0.0,0.0,0.0
FaceForensics/FaceSwap/159_175.mp4,FaceForensics/original/159.mp4,faceswap,1,0.0584,0.0,0.0,0.0,0.0,0.0
FaceForensics/NeuralTextures/159_175.mp4,FaceForensics/original/159.mp4,neuraltextures,1,0.0,0.0,0.0,0.0,0.0,0.0
FaceForensics/original/160.mp4,FaceForensics/original/160.mp4,original,0,0.0,0.0,0.0,0.0,0.0,0.0
FaceForensics/Deepfakes/160_928.mp4,FaceForensics/original/160.mp4,deepfakes,1,0.0,0.0,0.0414,0.0,0.0,0.0
FaceForensics/Face2Face/160_928.mp4,FaceForensics/original/160.mp4,face2face,1,0.043,0.0,0.0416,0.0,0.0,0.0
FaceForensics/FaceShifter/160_928.mp4,FaceForensics/original/160.mp4,faceshifter,1,0.0,0.0,0.0,0.0,0.0,0.0
FaceForensics/FaceSwap/160_928.mp4,FaceForensics/original/160.mp4,faceswap,1,0.1915,0.1706,0.0745,0.1069,0.0,0.0657
FaceForensics/NeuralTextures/160_928.mp4,FaceForensics/original/160.mp4,neuraltextures,1,0.0,0.0,0.0,0.0,0.0,0.0
FaceForensics/original/161.mp4,FaceForensics/original/161.mp4,original,0,0.0,0.0,0.0,0.0,0.0,0.0
FaceForensics/Deepfakes/161_141.mp4,FaceForensics/original/161.mp4,deepfakes,1,0.0,0.0,0.0,0.0,0.0,0.0
FaceForensics/Face2Face/161_141.mp4,FaceForensics/original/161.mp4,face2face,1,0.0,0.0,0.0,0.0,0.0,0.0
FaceForensics/FaceShifter/161_141.mp4,FaceForensics/original/161.mp4,faceshifter,1,0.1069,0.0,0.0,0.0,0.0,0.0
FaceForensics/FaceSwap/161_141.mp4,FaceForensics/original/161.mp4,faceswap,1,0.0,0.0,0.0,0.0,0.0,0.0
FaceForensics/NeuralTextures/161_141.mp4,FaceForensics/original/161.mp4,neuraltextures,1,0.0,0.0,0.0,0.0,0.0,0.0
FaceForensics/original/162.mp4,FaceForensics/original/162.mp4,original,0,0.0,0.0,0.0,0.0,0.0,0.0
FaceForensics/Deepfakes/162_330.mp4,FaceForensics/original/162.mp4,deepfakes,1,0.0,0.0,0.0464,0.0,0.0,0.0
FaceForensics/Face2Face/162_330.mp4,FaceForensics/original/162.mp4,face2face,1,0.0541,0.0,0.0,0.0,0.0,0.0
FaceForensics/FaceShifter/162_330.mp4,FaceForensics/original/162.mp4,faceshifter,1,0.0,0.0,0.0,0.0,0.0,0.0
FaceForensics/FaceSwap/162_330.mp4,FaceForensics/original/162.mp4,faceswap,1,0.0531,0.047,0.0,0.0,0.0,0.0
FaceForensics/NeuralTextures/162_330.mp4,FaceForensics/original/162.mp4,neuraltextures,1,0.0,0.0,0.0,0.0,0.0,0.0
FaceForensics/original/163.mp4,FaceForensics/original/163.mp4,original,0,0.0,0.0,0.0,0.0,0.0,0.0
FaceForensics/Deepfakes/163_031.mp4,FaceForensics/original/163.mp4,deepfakes,1,0.2509,0.0741,0.0471,0.0685,0.0,0.0
FaceForensics/Face2Face/163_031.mp4,FaceForensics/original/163.mp4,face2face,1,0.0,0.0,0.0,0.0,0.0,0.0
FaceForensics/FaceShifter/163_031.mp4,FaceForensics/original/163.mp4,faceshifter,1,0.0968,0.0457,0.0,0.0621,0.0,0.0
FaceForensics/FaceSwap/163_031.mp4,FaceForensics/original/163.mp4,faceswap,1,0.1919,0.16,0.0,0.0562,0.0,0.0
FaceForensics/NeuralTextures/163_031.mp4,FaceForensics/original/163.mp4,neuraltextures,1,0.1074,0.0,0.0,0.0,0.0,0.0
FaceForensics/original/164.mp4,FaceForensics/original/164.mp4,original,0,0.0,0.0,0.0,0.0,0.0,0.0
FaceForensics/Deepfakes/164_216.mp4,FaceForensics/original/164.mp4,deepfakes,1,0.0761,0.0568,0.078,0.0446,0.0,0.0422
FaceForensics/Face2Face/164_216.mp4,FaceForensics/original/164.mp4,face2face,1,0.0,0.0,0.0,0.0,0.0,0.0
FaceForensics/FaceShifter/164_216.mp4,FaceForensics/original/164.mp4,faceshifter,1,0.0739,0.0406,0.0628,0.0,0.0,0.0
FaceForensics/FaceSwap/164_216.mp4,FaceForensics/original/164.mp4,faceswap,1,0.0969,0.0419,0.0555,0.0503,0.0,0.0
FaceForensics/NeuralTextures/164_216.mp4,FaceForensics/original/164.mp4,neuraltextures,1,0.0,0.0,0.0807,0.052,0.0406,0.0
FaceForensics/original/165.mp4,FaceForensics/original/165.mp4,original,0,0.0,0.0,0.0,0.0,0.0,0.0
FaceForensics/Deepfakes/165_137.mp4,FaceForensics/original/165.mp4,deepfakes,1,0.0,0.058,0.0,0.0,0.0,0.0
FaceForensics/Face2Face/165_137.mp4,FaceForensics/original/165.mp4,face2face,1,0.0,0.0,0.0725,0.0,0.0,0.0
FaceForensics/FaceShifter/165_137.mp4,FaceForensics/original/165.mp4,faceshifter,1,0.1089,0.0741,0.0596,0.0,0.0,0.0
FaceForensics/FaceSwap/165_137.mp4,FaceForensics/original/165.mp4,faceswap,1,0.1091,0.0541,0.0541,0.0,0.0425,0.0
FaceForensics/NeuralTextures/165_137.mp4,FaceForensics/original/165.mp4,neuraltextures,1,0.0,0.0,0.0,0.0,0.0,0.0
FaceForensics/original/166.mp4,FaceForensics/original/166.mp4,original,0,0.0,0.0,0.0,0.0,0.0,0.0
FaceForensics/Deepfakes/166_167.mp4,FaceForensics/original/166.mp4,deepfakes,1,0.0682,0.0,0.0,0.0,0.0,0.0
FaceForensics/Face2Face/166_167.mp4,FaceForensics/original/166.mp4,face2face,1,0.0,0.0,0.0,0.0,0.0,0.0
FaceForensics/FaceShifter/166_167.mp4,FaceForensics/original/166.mp4,faceshifter,1,0.0443,0.0,0.0573,0.0567,0.0,0.0
FaceForensics/FaceSwap/166_167.mp4,FaceForensics/original/166.mp4,faceswap,1,0.0643,0.0,0.0,0.0,0.0,0.0
FaceForensics/NeuralTextures/166_167.mp4,FaceForensics/original/166.mp4,neuraltextures,1,0.0753,0.0,0.0,0.0,0.0,0.0
FaceForensics/original/167.mp4,FaceForensics/original/167.mp4,original,0,0.0,0.0,0.0,0.0,0.0,0.0
FaceForensics/Deepfakes/167_166.mp4,FaceForensics/original/167.mp4,deepfakes,1,0.0,0.0,0.0,0.0,0.0,0.0
FaceForensics/Face2Face/167_166.mp4,FaceForensics/original/167.mp4,face2face,1,0.0566,0.0,0.0479,0.0,0.0,0.0
FaceForensics/FaceShifter/167_166.mp4,FaceForensics/original/167.mp4,faceshifter,1,0.0955,0.0,0.0,0.0,0.0,0.0
FaceForensics/FaceSwap/167_166.mp4,FaceForensics/original/167.mp4,faceswap,1,0.0,0.0,0.0,0.0,0.0,0.0
FaceForensics/NeuralTextures/167_166.mp4,FaceForensics/original/167.mp4,neuraltextures,1,0.0,0.0,0.0,0.0,0.0,0.0
FaceForensics/original/168.mp4,FaceForensics/original/168.mp4,original,0,0.0,0.0,0.0456,0.0,0.0,0.0
FaceForensics/Deepfakes/168_222.mp4,FaceForensics/original/168.mp4,deepfakes,1,0.0558,0.0865,0.0943,0.0461,0.0494,0.0
FaceForensics/Face2Face/168_222.mp4,FaceForensics/original/168.mp4,face2face,1,0.0617,0.0,0.0,0.0,0.0,0.0
FaceForensics/FaceShifter/168_222.mp4,FaceForensics/original/168.mp4,faceshifter,1,0.0,0.0413,0.0569,0.0514,0.0452,0.0
FaceForensics/FaceSwap/168_222.mp4,FaceForensics/original/168.mp4,faceswap,1,0.0,0.0448,0.0415,0.0,0.0408,0.0
FaceForensics/NeuralTextures/168_222.mp4,FaceForensics/original/168.mp4,neuraltextures,1,0.0619,0.0664,0.0,0.0422,0.0,0.0
FaceForensics/original/169.mp4,FaceForensics/original/169.mp4,original,0,0.0,0.0,0.0,0.0,0.0,0.0
FaceForensics/Deepfakes/169_227.mp4,FaceForensics/original/169.mp4,deepfakes,1,0.1651,0.0493,0.0,0.0446,0.0498,0.0
FaceForensics/Face2Face/169_227.mp4,FaceForensics/original/169.mp4,face2face,1,0.0839,0.0,0.0,0.0,0.0,0.0
FaceForensics/FaceShifter/169_227.mp4,FaceForensics/original/169.mp4,faceshifter,1,0.1364,0.0,0.0546,0.0523,0.0,0.0
FaceForensics/FaceSwap/169_227.mp4,FaceForensics/original/169.mp4,faceswap,1,0.2488,0.1287,0.0,0.0439,0.0748,0.0592
FaceForensics/NeuralTextures/169_227.mp4,FaceForensics/original/169.mp4,neuraltextures,1,0.084,0.0,0.0,0.0,0.0,0.0
FaceForensics/original/170.mp4,FaceForensics/original/170.mp4,original,0,0.0,0.0,0.0,0.0,0.0,0.0
FaceForensics/Deepfakes/170_186.mp4,FaceForensics/original/170.mp4,deepfakes,1,0.0,0.0,0.0,0.0,0.0,0.0
FaceForensics/Face2Face/170_186.mp4,FaceForensics/original/170.mp4,face2face,1,0.4638,0.0,0.0789,0.1173,0.0428,0.0
FaceForensics/FaceShifter/170_186.mp4,FaceForensics/original/170.mp4,faceshifter,1,0.0,0.0,0.0,0.0,0.0,0.0
FaceForensics/FaceSwap/170_186.mp4,FaceForensics/original/170.mp4,faceswap,1,0.0943,0.0487,0.0,0.0,0.0,0.0
FaceForensics/NeuralTextures/170_186.mp4,FaceForensics/original/170.mp4,neuraltextures,1,0.092,0.0,0.0,0.0,0.0,0.0
FaceForensics/original/171.mp4,FaceForensics/original/171.mp4,original,0,0.0,0.0,0.0,0.0,0.0,0.0
FaceForensics/Deepfakes/171_173.mp4,FaceForensics/original/171.mp4,deepfakes,1,0.3621,0.2224,0.0,0.1176,0.0,0.0662
FaceForensics/Face2Face/171_173.mp4,FaceForensics/original/171.mp4,face2face,1,0.0464,0.0,0.0,0.0,0.0,0.0
FaceForensics/FaceShifter/171_173.mp4,FaceForensics/original/171.mp4,faceshifter,1,0.1832,0.0914,0.0811,0.0787,0.0,0.0
FaceForensics/FaceSwap/171_173.mp4,FaceForensics/original/171.mp4,faceswap,1,0.0702,0.0856,0.0,0.0419,0.0,0.0
FaceForensics/NeuralTextures/171_173.mp4,FaceForensics/original/171.mp4,neuraltextures,1,0.0409,0.0,0.0,0.0,0.0,0.0
FaceForensics/original/172.mp4,FaceForensics/original/172.mp4,original,0,0.0,0.0,0.0,0.0,0.0,0.0
FaceForensics/Deepfakes/172_582.mp4,FaceForensics/original/172.mp4,deepfakes,1,0.0,0.0,0.0,0.0,0.047,0.0
FaceForensics/Face2Face/172_582.mp4,FaceForensics/original/172.mp4,face2face,1,0.0664,0.0,0.0542,0.0,0.0,0.0
FaceForensics/FaceShifter/172_582.mp4,FaceForensics/original/172.mp4,faceshifter,1,0.0,0.0,0.0401,0.0,0.0405,0.0
FaceForensics/FaceSwap/172_582.mp4,FaceForensics/original/172.mp4,faceswap,1,0.0,0.0,0.0566,0.0,0.0499,0.0
FaceForensics/NeuralTextures/172_582.mp4,FaceForensics/original/172.mp4,neuraltextures,1,0.0968,0.0426,0.13,0.0734,0.0485,0.0
FaceForensics/original/173.mp4,FaceForensics/original/173.mp4,original,0,0.0,0.0,0.0,0.0,0.0,0.0
FaceForensics/Deepfakes/173_171.mp4,FaceForensics/original/173.mp4,deepfakes,1,0.0,0.0816,0.2382,0.1404,0.135,0.1038
FaceForensics/Face2Face/173_171.mp4,FaceForensics/original/173.mp4,face2face,1,0.0605,0.0644,0.0,0.0,0.0,0.0
FaceForensics/FaceShifter/173_171.mp4,FaceForensics/original/173.mp4,faceshifter,1,0.0,0.0,0.0684,0.0876,0.0503,0.0695
FaceForensics/FaceSwap/173_171.mp4,FaceForensics/original/173.mp4,faceswap,1,0.3868,0.4153,0.133,0.1803,0.1402,0.1962
FaceForensics/NeuralTextures/173_171.mp4,FaceForensics/original/173.mp4,neuraltextures,1,0.0643,0.0,0.0,0.0,0.0,0.0
FaceForensics/original/174.mp4,FaceForensics/original/174.mp4,original,0,0.0,0.0,0.0,0.0,0.0,0.0
FaceForensics/Deepfakes/174_964.mp4,FaceForensics/original/174.mp4,deepfakes,1,0.0985,0.0,0.0524,0.0443,0.0,0.0483
FaceForensics/Face2Face/174_964.mp4,FaceForensics/original/174.mp4,face2face,1,0.224,0.0,0.0427,0.0443,0.0,0.0
FaceForensics/FaceShifter/174_964.mp4,FaceForensics/original/174.mp4,faceshifter,1,0.0,0.0,0.0,0.0,0.0,0.0
FaceForensics/FaceSwap/174_964.mp4,FaceForensics/original/174.mp4,faceswap,1,0.1899,0.1146,0.083,0.1198,0.0,0.0596
FaceForensics/NeuralTextures/174_964.mp4,FaceForensics/original/174.mp4,neuraltextures,1,0.0,0.0,0.0,0.0,0.0,0.0
FaceForensics/original/175.mp4,FaceForensics/original/175.mp4,original,0,0.0,0.0,0.0,0.0,0.0,0.0
FaceForensics/Deepfakes/175_159.mp4,FaceForensics/original/175.mp4,deepfakes,1,0.0543,0.0,0.0408,0.0,0.0,0.0
FaceForensics/Face2Face/175_159.mp4,FaceForensics/original/175.mp4,face2face,1,0.0,0.1014,0.1457,0.1011,0.0,0.0
FaceForensics/FaceShifter/175_159.mp4,FaceForensics/original/175.mp4,faceshifter,1,0.0,0.0434,0.0,0.0,0.0432,0.0
FaceForensics/FaceSwap/175_159.mp4,FaceForensics/original/175.mp4,faceswap,1,0.0,0.0,0.0,0.0,0.0,0.0
FaceForensics/NeuralTextures/175_159.mp4,FaceForensics/original/175.mp4,neuraltextures,1,0.0,0.0,0.0,0.0,0.0,0.0
FaceForensics/original/176.mp4,FaceForensics/original/176.mp4,original,0,0.0,0.0,0.0,0.0,0.0,0.0
FaceForensics/Deepfakes/176_190.mp4,FaceForensics/original/176.mp4,deepfakes,1,0.22,0.1786,0.0,0.0868,0.0983,0.0506
FaceForensics/Face2Face/176_190.mp4,FaceForensics/original/176.mp4,face2face,1,0.1947,0.0893,0.0,0.0596,0.0742,0.0519
FaceForensics/FaceShifter/176_190.mp4,FaceForensics/original/176.mp4,faceshifter,1,0.0,0.0571,0.0,0.0403,0.0,0.0
FaceForensics/FaceSwap/176_190.mp4,FaceForensics/original/176.mp4,faceswap,1,0.0436,0.0919,0.0,0.0,0.0415,0.0
FaceForensics/NeuralTextures/176_190.mp4,FaceForensics/original/176.mp4,neuraltextures,1,0.0,0.0,0.0,0.0,0.0,0.0
FaceForensics/original/177.mp4,FaceForensics/original/177.mp4,original,0,0.0,0.0,0.0,0.0,0.0,0.0
FaceForensics/Deepfakes/177_211.mp4,FaceForensics/original/177.mp4,deepfakes,1,0.1184,0.0618,0.0409,0.059,0.0,0.0415
FaceForensics/Face2Face/177_211.mp4,FaceForensics/original/177.mp4,face2face,1,0.0,0.0489,0.0425,0.0401,0.0725,0.0
FaceForensics/FaceShifter/177_211.mp4,FaceForensics/original/177.mp4,faceshifter,1,0.3261,0.0,0.0,0.0,0.0,0.0655
FaceForensics/FaceSwap/177_211.mp4,FaceForensics/original/177.mp4,faceswap,1,0.1684,0.0942,0.0,0.0,0.0,0.0
FaceForensics/NeuralTextures/177_211.mp4,FaceForensics/original/177.mp4,neuraltextures,1,0.062,0.1154,0.0474,0.0,0.0,0.0
FaceForensics/original/178.mp4,FaceForensics/original/178.mp4,original,0,0.0,0.0,0.0,0.0,0.0,0.0
FaceForensics/Deepfakes/178_598.mp4,FaceForensics/original/178.mp4,deepfakes,1,0.1468,0.1601,0.0845,0.103,0.1137,0.0867
FaceForensics/Face2Face/178_598.mp4,FaceForensics/original/178.mp4,face2face,1,0.0478,0.0,0.048,0.0,0.0,0.0
FaceForensics/FaceShifter/178_598.mp4,FaceForensics/original/178.mp4,faceshifter,1,0.0661,0.056,0.063,0.0487,0.0,0.0
FaceForensics/FaceSwap/178_598.mp4,FaceForensics/original/178.mp4,faceswap,1,0.1994,0.2075,0.1064,0.1416,0.0998,0.0811
FaceForensics/NeuralTextures/178_598.mp4,FaceForensics/original/178.mp4,neuraltextures,1,0.0,0.0,0.0417,0.0,0.0,0.0
FaceForensics/original/179.mp4,FaceForensics/original/179.mp4,original,0,0.0,0.0,0.0,0.0,0.0,0.0
FaceForensics/Deepfakes/179_212.mp4,FaceForensics/original/179.mp4,deepfakes,1,0.0,0.0583,0.0622,0.086,0.0501,0.0494
FaceForensics/Face2Face/179_212.mp4,FaceForensics/original/179.mp4,face2face,1,0.0,0.0,0.0,0.0,0.0,0.0
FaceForensics/FaceShifter/179_212.mp4,FaceForensics/original/179.mp4,faceshifter,1,0.0,0.0479,0.0633,0.0651,0.0463,0.056
FaceForensics/FaceSwap/179_212.mp4,FaceForensics/original/179.mp4,faceswap,1,0.0,0.0667,0.0,0.0,0.076,0.0
FaceForensics/NeuralTextures/179_212.mp4,FaceForensics/original/179.mp4,neuraltextures,1,0.0,0.0,0.0,0.0,0.0,0.0
FaceForensics/original/180.mp4,FaceForensics/original/180.mp4,original,0,0.0,0.0,0.0,0.0,0.0,0.0
FaceForensics/Deepfakes/180_105.mp4,FaceForensics/original/180.mp4,deepfakes,1,0.2293,0.192,0.1653,0.1654,0.0945,0.1568
FaceForensics/Face2Face/180_105.mp4,FaceForensics/original/180.mp4,face2face,1,0.117,0.0889,0.0784,0.0865,0.0434,0.0574
FaceForensics/FaceShifter/180_105.mp4,FaceForensics/original/180.mp4,faceshifter,1,0.3309,0.1758,0.116,0.1228,0.0947,0.0949
FaceForensics/FaceSwap/180_105.mp4,FaceForensics/original/180.mp4,faceswap,1,0.13,0.0975,0.1024,0.0866,0.0523,0.0739
FaceForensics/NeuralTextures/180_105.mp4,FaceForensics/original/180.mp4,neuraltextures,1,0.1235,0.0762,0.0612,0.074,0.0477,0.0575
FaceForensics/original/181.mp4,FaceForensics/original/181.mp4,original,0,0.0,0.0,0.0,0.0,0.0,0.0
FaceForensics/Deepfakes/181_199.mp4,FaceForensics/original/181.mp4,deepfakes,1,0.0,0.0,0.0,0.0,0.0,0.0
FaceForensics/Face2Face/181_199.mp4,FaceForensics/original/181.mp4,face2face,1,0.0781,0.0409,0.0427,0.0673,0.0489,0.0
FaceForensics/FaceShifter/181_199.mp4,FaceForensics/original/181.mp4,faceshifter,1,0.0,0.0,0.0,0.0478,0.0,0.0
FaceForensics/FaceSwap/181_199.mp4,FaceForensics/original/181.mp4,faceswap,1,0.0,0.0,0.0,0.0,0.0,0.0
FaceForensics/NeuralTextures/181_199.mp4,FaceForensics/original/181.mp4,neuraltextures,1,0.0,0.0,0.0,0.0,0.0,0.0
FaceForensics/original/182.mp4,FaceForensics/original/182.mp4,original,0,0.0,0.0,0.0,0.0,0.0,0.0
FaceForensics/Deepfakes/182_242.mp4,FaceForensics/original/182.mp4,deepfakes,1,0.0514,0.0,0.0634,0.0,0.0,0.0
FaceForensics/Face2Face/182_242.mp4,FaceForensics/original/182.mp4,face2face,1,0.0,0.0,0.0,0.0,0.0,0.0
FaceForensics/FaceShifter/182_242.mp4,FaceForensics/original/182.mp4,faceshifter,1,0.0,0.0,0.0928,0.0,0.0,0.0
FaceForensics/FaceSwap/182_242.mp4,FaceForensics/original/182.mp4,faceswap,1,0.1141,0.0449,0.0656,0.0564,0.0,0.0
FaceForensics/NeuralTextures/182_242.mp4,FaceForensics/original/182.mp4,neuraltextures,1,0.0,0.0,0.0,0.0,0.0,0.0
FaceForensics/original/183.mp4,FaceForensics/original/183.mp4,original,0,0.0,0.0,0.0,0.0,0.0,0.0
FaceForensics/Deepfakes/183_253.mp4,FaceForensics/original/183.mp4,deepfakes,1,0.1544,0.0833,0.1856,0.1331,0.0512,0.0
FaceForensics/Face2Face/183_253.mp4,FaceForensics/original/183.mp4,face2face,1,0.071,0.0792,0.0625,0.0,0.0725,0.0
FaceForensics/FaceShifter/183_253.mp4,FaceForensics/original/183.mp4,faceshifter,1,0.1594,0.1714,0.2353,0.232,0.177,0.1443
FaceForensics/FaceSwap/183_253.mp4,FaceForensics/original/183.mp4,faceswap,1,0.0568,0.2117,0.1294,0.1239,0.0805,0.0687
FaceForensics/NeuralTextures/183_253.mp4,FaceForensics/original/183.mp4,neuraltextures,1,0.0623,0.0415,0.0561,0.0691,0.0,0.0
FaceForensics/original/184.mp4,FaceForensics/original/184.mp4,original,0,0.0,0.0,0.0,0.0,0.0,0.0
FaceForensics/Deepfakes/184_205.mp4,FaceForensics/original/184.mp4,deepfakes,1,0.0,0.043,0.0,0.0,0.0,0.0
FaceForensics/Face2Face/184_205.mp4,FaceForensics/original/184.mp4,face2face,1,0.0,0.0,0.0,0.0,0.0,0.0
FaceForensics/FaceShifter/184_205.mp4,FaceForensics/original/184.mp4,faceshifter,1,0.0499,0.0404,0.0,0.0,0.0529,0.0
FaceForensics/FaceSwap/184_205.mp4,FaceForensics/original/184.mp4,faceswap,1,0.0,0.0,0.0427,0.0432,0.0,0.0
FaceForensics/NeuralTextures/184_205.mp4,FaceForensics/original/184.mp4,neuraltextures,1,0.0,0.0,0.0,0.0,0.0,0.0
FaceForensics/original/185.mp4,FaceForensics/original/185.mp4,original,0,0.0,0.0,0.0,0.0,0.0451,0.0
FaceForensics/Deepfakes/185_276.mp4,FaceForensics/original/185.mp4,deepfakes,1,0.0,0.0,0.0446,0.0,0.067,0.0533
FaceForensics/Face2Face/185_276.mp4,FaceForensics/original/185.mp4,face2face,1,0.0,0.0,0.0,0.0,0.0,0.0
FaceForensics/FaceShifter/185_276.mp4,FaceForensics/original/185.mp4,faceshifter,1,0.0828,0.0,0.0557,0.0437,0.0684,0.0442
FaceForensics/FaceSwap/185_276.mp4,FaceForensics/original/185.mp4,faceswap,1,0.0,0.0,0.0,0.0,0.0,0.0
FaceForensics/NeuralTextures/185_276.mp4,FaceForensics/original/185.mp4,neuraltextures,1,0.0,0.0,0.0,0.0,0.0,0.0
FaceForensics/original/186.mp4,FaceForensics/original/186.mp4,original,0,0.0,0.0,0.0,0.0,0.0,0.0
FaceForensics/Deepfakes/186_170.mp4,FaceForensics/original/186.mp4,deepfakes,1,0.4463,0.1376,0.0,0.04,0.0,0.0
FaceForensics/Face2Face/186_170.mp4,FaceForensics/original/186.mp4,face2face,1,0.3227,0.0729,0.0,0.0,0.0,0.0
FaceForensics/FaceShifter/186_170.mp4,FaceForensics/original/186.mp4,faceshifter,1,0.0,0.0582,0.0,0.0,0.0,0.0
FaceForensics/FaceSwap/186_170.mp4,FaceForensics/original/186.mp4,faceswap,1,0.2525,0.0591,0.0,0.0,0.0,0.0
FaceForensics/NeuralTextures/186_170.mp4,FaceForensics/original/186.mp4,neuraltextures,1,0.344,0.0574,0.0,0.0,0.0522,0.0
FaceForensics/original/187.mp4,FaceForensics/original/187.mp4,original,0,0.0,0.0,0.0,0.0,0.0,0.0
FaceForensics/Deepfakes/187_234.mp4,FaceForensics/original/187.mp4,deepfakes,1,0.0,0.0,0.0,0.0,0.0,0.0
FaceForensics/Face2Face/187_234.mp4,FaceForensics/original/187.mp4,face2face,1,0.0,0.0,0.0,0.0,0.0,0.0
FaceForensics/FaceShifter/187_234.mp4,FaceForensics/original/187.mp4,faceshifter,1,0.0,0.0,0.0,0.046,0.0,0.0
FaceForensics/FaceSwap/187_234.mp4,FaceForensics/original/187.mp4,faceswap,1,0.0,0.0,0.0,0.0,0.0,0.0
FaceForensics/NeuralTextures/187_234.mp4,FaceForensics/original/187.mp4,neuraltextures,1,0.0,0.0,0.0,0.0,0.0,0.0
FaceForensics/original/188.mp4,FaceForensics/original/188.mp4,original,0,0.0,0.0,0.0,0.0,0.0,0.0
FaceForensics/Deepfakes/188_191.mp4,FaceForensics/original/188.mp4,deepfakes,1,0.0939,0.0833,0.0,0.0665,0.0676,0.0509
FaceForensics/Face2Face/188_191.mp4,FaceForensics/original/188.mp4,face2face,1,0.1249,0.0,0.0,0.0,0.0,0.0
FaceForensics/FaceShifter/188_191.mp4,FaceForensics/original/188.mp4,faceshifter,1,0.0816,0.0,0.0,0.0,0.0,0.0
FaceForensics/FaceSwap/188_191.mp4,FaceForensics/original/188.mp4,faceswap,1,0.2017,0.0569,0.0,0.0682,0.0,0.0605
FaceForensics/NeuralTextures/188_191.mp4,FaceForensics/original/188.mp4,neuraltextures,1,0.0555,0.0,0.0,0.0,0.0,0.0
FaceForensics/original/189.mp4,FaceForensics/original/189.mp4,original,0,0.0,0.0,0.0,0.0,0.0,0.0
FaceForensics/Deepfakes/189_200.mp4,FaceForensics/original/189.mp4,deepfakes,1,0.1403,0.0649,0.0982,0.0631,0.0,0.0883
FaceForensics/Face2Face/189_200.mp4,FaceForensics/original/189.mp4,face2face,1,0.0,0.0,0.0,0.0,0.0917,0.0403
FaceForensics/FaceShifter/189_200.mp4,FaceForensics/original/189.mp4,faceshifter,1,0.0818,0.0,0.0,0.0,0.0,0.0
FaceForensics/FaceSwap/189_200.mp4,FaceForensics/original/189.mp4,faceswap,1,0.1228,0.0792,0.0,0.0461,0.0517,0.0606
FaceForensics/NeuralTextures/189_200.mp4,FaceForensics/original/189.mp4,neuraltextures,1,0.0,0.0,0.0,0.0,0.0,0.0751
FaceForensics/original/190.mp4,FaceForensics/original/190.mp4,original,0,0.0,0.0,0.0,0.0,0.0,0.0
FaceForensics/Deepfakes/190_176.mp4,FaceForensics/original/190.mp4,deepfakes,1,0.0,0.0,0.0,0.0,0.0,0.0
FaceForensics/Face2Face/190_176.mp4,FaceForensics/original/190.mp4,face2face,1,0.3661,0.0717,0.1715,0.0968,0.0551,0.092
FaceForensics/FaceShifter/190_176.mp4,FaceForensics/original/190.mp4,faceshifter,1,0.0,0.0,0.0,0.0,0.0,0.0
FaceForensics/FaceSwap/190_176.mp4,FaceForensics/original/190.mp4,faceswap,1,0.0,0.0,0.0,0.0,0.0,0.0
FaceForensics/NeuralTextures/190_176.mp4,FaceForensics/original/190.mp4,neuraltextures,1,0.0492,0.0,0.0,0.0,0.0,0.0
FaceForensics/original/191.mp4,FaceForensics/original/191.mp4,original,0,0.0,0.0,0.0,0.0,0.0,0.0
FaceForensics/Deepfakes/191_188.mp4,FaceForensics/original/191.mp4,deepfakes,1,0.0902,0.0,0.0,0.0434,0.0,0.0478
FaceForensics/Face2Face/191_188.mp4,FaceForensics/original/191.mp4,face2face,1,0.0407,0.0,0.0,0.0,0.0,0.0
FaceForensics/FaceShifter/191_188.mp4,FaceForensics/original/191.mp4,faceshifter,1,0.0,0.0,0.0,0.0,0.0,0.0
FaceForensics/FaceSwap/191_188.mp4,FaceForensics/original/191.mp4,faceswap,1,0.0,0.0,0.0,0.0,0.0,0.0
FaceForensics/NeuralTextures/191_188.mp4,FaceForensics/original/191.mp4,neuraltextures,1,0.0,0.0,0.0,0.0,0.0,0.0
FaceForensics/original/192.mp4,FaceForensics/original/192.mp4,original,0,0.0,0.0,0.0,0.0,0.0,0.0
FaceForensics/Deepfakes/192_134.mp4,FaceForensics/original/192.mp4,deepfakes,1,0.0,0.0,0.0,0.0,0.0,0.0
FaceForensics/Face2Face/192_134.mp4,FaceForensics/original/192.mp4,face2face,1,0.0,0.0,0.0,0.0,0.0,0.0
FaceForensics/FaceShifter/192_134.mp4,FaceForensics/original/192.mp4,faceshifter,1,0.0623,0.0,0.0,0.0,0.0535,0.0
FaceForensics/FaceSwap/192_134.mp4,FaceForensics/original/192.mp4,faceswap,1,0.0,0.0,0.0,0.0,0.0,0.0
FaceForensics/NeuralTextures/192_134.mp4,FaceForensics/original/192.mp4,neuraltextures,1,0.0,0.0,0.0,0.0,0.0,0.0
FaceForensics/original/193.mp4,FaceForensics/original/193.mp4,original,0,0.0,0.0,0.0,0.0,0.0,0.0
FaceForensics/Deepfakes/193_030.mp4,FaceForensics/original/193.mp4,deepfakes,1,0.0,0.0,0.0,0.0,0.0,0.0
FaceForensics/Face2Face/193_030.mp4,FaceForensics/original/193.mp4,face2face,1,0.0,0.0,0.0,0.0,0.0,0.0
FaceForensics/FaceShifter/193_030.mp4,FaceForensics/original/193.mp4,faceshifter,1,0.0,0.0,0.0,0.0,0.0,0.0
FaceForensics/FaceSwap/193_030.mp4,FaceForensics/original/193.mp4,faceswap,1,0.0,0.0,0.0,0.0,0.0,0.0
FaceForensics/NeuralTextures/193_030.mp4,FaceForensics/original/193.mp4,neuraltextures,1,0.0,0.0,0.0,0.0,0.0,0.0
FaceForensics/original/194.mp4,FaceForensics/original/194.mp4,original,0,0.0,0.0,0.0,0.0,0.0,0.0
FaceForensics/Deepfakes/194_235.mp4,FaceForensics/original/194.mp4,deepfakes,1,0.0,0.0,0.0,0.0,0.0,0.0
FaceForensics/Face2Face/194_235.mp4,FaceForensics/original/194.mp4,face2face,1,0.0,0.0,0.0,0.0,0.0434,0.0
FaceForensics/FaceShifter/194_235.mp4,FaceForensics/original/194.mp4,faceshifter,1,0.0,0.0,0.0,0.0,0.0,0.0
FaceForensics/FaceSwap/194_235.mp4,FaceForensics/original/194.mp4,faceswap,1,0.0688,0.0,0.0,0.0555,0.0534,0.0
FaceForensics/NeuralTextures/194_235.mp4,FaceForensics/original/194.mp4,neuraltextures,1,0.0495,0.0,0.0,0.0428,0.058,0.0
FaceForensics/original/195.mp4,FaceForensics/original/195.mp4,original,0,0.0,0.0,0.0,0.0,0.0,0.0
FaceForensics/Deepfakes/195_442.mp4,FaceForensics/original/195.mp4,deepfakes,1,0.0655,0.0,0.0,0.0,0.0,0.0
FaceForensics/Face2Face/195_442.mp4,FaceForensics/original/195.mp4,face2face,1,0.0,0.0,0.0,0.0,0.0,0.0
FaceForensics/FaceShifter/195_442.mp4,FaceForensics/original/195.mp4,faceshifter,1,0.0,0.0,0.0,0.0,0.0,0.0
FaceForensics/FaceSwap/195_442.mp4,FaceForensics/original/195.mp4,faceswap,1,0.0,0.0,0.0,0.0,0.0,0.0
FaceForensics/NeuralTextures/195_442.mp4,FaceForensics/original/195.mp4,neuraltextures,1,0.0652,0.0,0.0538,0.0458,0.0,0.0
FaceForensics/original/196.mp4,FaceForensics/original/196.mp4,original,0,0.0,0.0,0.0,0.0,0.0,0.0
FaceForensics/Deepfakes/196_310.mp4,FaceForensics/original/196.mp4,deepfakes,1,0.2558,0.2232,0.0539,0.0559,0.0,0.0
FaceForensics/Face2Face/196_310.mp4,FaceForensics/original/196.mp4,face2face,1,0.0519,0.0,0.0,0.0,0.0,0.0
FaceForensics/FaceShifter/196_310.mp4,FaceForensics/original/196.mp4,faceshifter,1,0.0765,0.0444,0.0,0.0,0.0,0.0
FaceForensics/FaceSwap/196_310.mp4,FaceForensics/original/196.mp4,faceswap,1,0.2477,0.1159,0.0,0.0,0.0,0.0
FaceForensics/NeuralTextures/196_310.mp4,FaceForensics/original/196.mp4,neuraltextures,1,0.0416,0.0,0.0,0.0,0.0,0.0
FaceForensics/original/197.mp4,FaceForensics/original/197.mp4,original,0,0.0,0.0,0.0,0.0,0.0,0.0
FaceForensics/Deepfakes/197_224.mp4,FaceForensics/original/197.mp4,deepfakes,1,0.0,0.0,0.0,0.0,0.0,0.0
FaceForensics/Face2Face/197_224.mp4,FaceForensics/original/197.mp4,face2face,1,0.0,0.0,0.0,0.0,0.0,0.0
FaceForensics/FaceShifter/197_224.mp4,FaceForensics/original/197.mp4,faceshifter,1,0.0,0.0,0.0,0.0,0.0,0.0
FaceForensics/FaceSwap/197_224.mp4,FaceForensics/original/197.mp4,faceswap,1,0.0,0.0,0.0,0.0,0.0,0.0
FaceForensics/NeuralTextures/197_224.mp4,FaceForensics/original/197.mp4,neuraltextures,1,0.0,0.0,0.0,0.0,0.0,0.0
FaceForensics/original/198.mp4,FaceForensics/original/198.mp4,original,0,0.0,0.0,0.0,0.0,0.0,0.0
FaceForensics/Deepfakes/198_106.mp4,FaceForensics/original/198.mp4,deepfakes,1,0.0,0.0,0.0,0.0,0.0,0.0
FaceForensics/Face2Face/198_106.mp4,FaceForensics/original/198.mp4,face2face,1,0.0713,0.0634,0.0,0.0501,0.0,0.0
FaceForensics/FaceShifter/198_106.mp4,FaceForensics/original/198.mp4,faceshifter,1,0.0,0.0,0.0,0.0,0.0,0.0
FaceForensics/FaceSwap/198_106.mp4,FaceForensics/original/198.mp4,faceswap,1,0.0778,0.0,0.0,0.0,0.0,0.0
FaceForensics/NeuralTextures/198_106.mp4,FaceForensics/original/198.mp4,neuraltextures,1,0.0,0.0,0.0,0.0,0.0,0.0
FaceForensics/original/199.mp4,FaceForensics/original/199.mp4,original,0,0.0,0.0,0.0,0.0,0.0,0.0
FaceForensics/Deepfakes/199_181.mp4,FaceForensics/original/199.mp4,deepfakes,1,0.0,0.0,0.0,0.0,0.0,0.0
FaceForensics/Face2Face/199_181.mp4,FaceForensics/original/199.mp4,face2face,1,0.0,0.0,0.0,0.0,0.0,0.0
FaceForensics/FaceShifter/199_181.mp4,FaceForensics/original/199.mp4,faceshifter,1,0.0,0.0,0.0,0.0,0.0,0.0
FaceForensics/FaceSwap/199_181.mp4,FaceForensics/original/199.mp4,faceswap,1,0.0491,0.0,0.0,0.0,0.0,0.0
FaceForensics/NeuralTextures/199_181.mp4,FaceForensics/original/199.mp4,neuraltextures,1,0.0,0.0,0.0,0.0,0.0,0.0
FaceForensics/original/200.mp4,FaceForensics/original/200.mp4,original,0,0.0,0.0,0.0,0.0,0.0,0.0
FaceForensics/Deepfakes/200_189.mp4,FaceForensics/original/200.mp4,deepfakes,1,0.0538,0.0,0.0,0.0,0.0,0.0
FaceForensics/Face2Face/200_189.mp4,FaceForensics/original/200.mp4,face2face,1,0.0,0.0,0.0,0.0,0.0506,0.0
FaceForensics/FaceShifter/200_189.mp4,FaceForensics/original/200.mp4,faceshifter,1,0.0767,0.0,0.1163,0.0703,0.0,0.0535
FaceForensics/FaceSwap/200_189.mp4,FaceForensics/original/200.mp4,faceswap,1,0.0443,0.0,0.0,0.0,0.0,0.0
FaceForensics/NeuralTextures/200_189.mp4,FaceForensics/original/200.mp4,neuraltextures,1,0.0,0.0,0.0488,0.0,0.0,0.0
FaceForensics/original/201.mp4,FaceForensics/original/201.mp4,original,0,0.0,0.0,0.0,0.0,0.0,0.0
FaceForensics/Deepfakes/201_203.mp4,FaceForensics/original/201.mp4,deepfakes,1,0.046,0.0,0.0401,0.0,0.0,0.0
FaceForensics/Face2Face/201_203.mp4,FaceForensics/original/201.mp4,face2face,1,0.0931,0.0,0.0697,0.0,0.0,0.0
FaceForensics/FaceShifter/201_203.mp4,FaceForensics/original/201.mp4,faceshifter,1,0.0,0.0,0.0425,0.0,0.0,0.0
FaceForensics/FaceSwap/201_203.mp4,FaceForensics/original/201.mp4,faceswap,1,0.0776,0.0464,0.0,0.0,0.0,0.0
FaceForensics/NeuralTextures/201_203.mp4,FaceForensics/original/201.mp4,neuraltextures,1,0.0776,0.0462,0.0,0.0422,0.0,0.0
FaceForensics/original/202.mp4,FaceForensics/original/202.mp4,original,0,0.0,0.0,0.0,0.0,0.0,0.0
FaceForensics/Deepfakes/202_348.mp4,FaceForensics/original/202.mp4,deepfakes,1,0.0455,0.0499,0.0474,0.0636,0.0444,0.0514
FaceForensics/Face2Face/202_348.mp4,FaceForensics/original/202.mp4,face2face,1,0.091,0.0,0.0758,0.076,0.0544,0.0
FaceForensics/FaceShifter/202_348.mp4,FaceForensics/original/202.mp4,faceshifter,1,0.0,0.0,0.0535,0.0446,0.0,0.0
FaceForensics/FaceSwap/202_348.mp4,FaceForensics/original/202.mp4,faceswap,1,0.0,0.0,0.0,0.0,0.0,0.0
FaceForensics/NeuralTextures/202_348.mp4,FaceForensics/original/202.mp4,neuraltextures,1,0.0,0.0,0.0408,0.0,0.0,0.0
FaceForensics/original/203.mp4,FaceForensics/original/203.mp4,original,0,0.0,0.0,0.0,0.0,0.0,0.0
FaceForensics/Deepfakes/203_201.mp4,FaceForensics/original/203.mp4,deepfakes,1,0.1286,0.1169,0.0469,0.0779,0.0816,0.0855
FaceForensics/Face2Face/203_201.mp4,FaceForensics/original/203.mp4,face2face,1,0.0636,0.0,0.0,0.0,0.0,0.0
FaceForensics/FaceShifter/203_201.mp4,FaceForensics/original/203.mp4,faceshifter,1,0.0,0.0,0.0,0.0,0.0,0.0
FaceForensics/FaceSwap/203_201.mp4,FaceForensics/original/203.mp4,faceswap,1,0.0,0.04,0.0598,0.0,0.0,0.0
FaceForensics/NeuralTextures/203_201.mp4,FaceForensics/original/203.mp4,neuraltextures,1,0.0,0.0,0.0,0.0,0.0,0.0
FaceForensics/original/204.mp4,FaceForensics/original/204.mp4,original,0,0.0,0.0,0.0,0.0,0.0,0.0
FaceForensics/Deepfakes/204_230.mp4,FaceForensics/original/204.mp4,deepfakes,1,0.0887,0.0977,0.1087,0.1057,0.0592,0.0819
FaceForensics/Face2Face/204_230.mp4,FaceForensics/original/204.mp4,face2face,1,0.0,0.0,0.0,0.0,0.0,0.0
FaceForensics/FaceShifter/204_230.mp4,FaceForensics/original/204.mp4,faceshifter,1,0.0425,0.066,0.0996,0.0984,0.0,0.0452
FaceForensics/FaceSwap/204_230.mp4,FaceForensics/original/204.mp4,faceswap,1,0.0,0.0,0.0,0.0,0.0,0.0
FaceForensics/NeuralTextures/204_230.mp4,FaceForensics/original/204.mp4,neuraltextures,1,0.0459,0.0,0.0472,0.0503,0.0,0.0479
FaceForensics/original/205.mp4,FaceForensics/original/205.mp4,original,0,0.0,0.0,0.0,0.0,0.0,0.0
FaceForensics/Deepfakes/205_184.mp4,FaceForensics/original/205.mp4,deepfakes,1,0.0586,0.0605,0.0468,0.0552,0.0529,0.0
FaceForensics/Face2Face/205_184.mp4,FaceForensics/original/205.mp4,face2face,1,0.2277,0.0832,0.095,0.1099,0.0426,0.0769
FaceForensics/FaceShifter/205_184.mp4,FaceForensics/original/205.mp4,faceshifter,1,0.1431,0.0644,0.0772,0.0,0.0715,0.0
FaceForensics/FaceSwap/205_184.mp4,FaceForensics/original/205.mp4,faceswap,1,0.052,0.0,0.043,0.0661,0.0,0.0
FaceForensics/NeuralTextures/205_184.mp4,FaceForensics/original/205.mp4,neuraltextures,1,0.0715,0.0,0.0447,0.0732,0.0,0.0
FaceForensics/original/206.mp4,FaceForensics/original/206.mp4,original,0,0.0,0.0,0.0,0.0,0.0,0.0
FaceForensics/Deepfakes/206_221.mp4,FaceForensics/original/206.mp4,deepfakes,1,0.0,0.0,0.0,0.0,0.0,0.0
FaceForensics/Face2Face/206_221.mp4,FaceForensics/original/206.mp4,face2face,1,0.0,0.0,0.0,0.0,0.0,0.0
FaceForensics/FaceShifter/206_221.mp4,FaceForensics/original/206.mp4,faceshifter,1,0.0799,0.0,0.0,0.0,0.0,0.0
FaceForensics/FaceSwap/206_221.mp4,FaceForensics/original/206.mp4,faceswap,1,0.0,0.0,0.0,0.0,0.0,0.0
FaceForensics/NeuralTextures/206_221.mp4,FaceForensics/original/206.mp4,neuraltextures,1,0.0,0.0,0.0,0.0,0.0,0.0
FaceForensics/original/207.mp4,FaceForensics/original/207.mp4,original,0,0.0,0.0,0.0,0.0,0.0,0.0
FaceForensics/Deepfakes/207_908.mp4,FaceForensics/original/207.mp4,deepfakes,1,0.0665,0.0586,0.0,0.0915,0.0682,0.0
FaceForensics/Face2Face/207_908.mp4,FaceForensics/original/207.mp4,face2face,1,0.0,0.0,0.0,0.0,0.0,0.0
FaceForensics/FaceShifter/207_908.mp4,FaceForensics/original/207.mp4,faceshifter,1,0.0,0.0,0.0,0.0,0.0,0.0
FaceForensics/FaceSwap/207_908.mp4,FaceForensics/original/207.mp4,faceswap,1,0.0,0.0,0.0,0.0,0.0,0.0
FaceForensics/NeuralTextures/207_908.mp4,FaceForensics/original/207.mp4,neuraltextures,1,0.0,0.0,0.0,0.0,0.0,0.0
FaceForensics/original/208.mp4,FaceForensics/original/208.mp4,original,0,0.0,0.0,0.0,0.0,0.0,0.0
FaceForensics/Deepfakes/208_215.mp4,FaceForensics/original/208.mp4,deepfakes,1,0.0971,0.0409,0.0,0.0,0.0,0.0558
FaceForensics/Face2Face/208_215.mp4,FaceForensics/original/208.mp4,face2face,1,0.0671,0.0,0.0956,0.0645,0.0,0.0
FaceForensics/FaceShifter/208_215.mp4,FaceForensics/original/208.mp4,faceshifter,1,0.0,0.0,0.0,0.0,0.0,0.0
FaceForensics/FaceSwap/208_215.mp4,FaceForensics/original/208.mp4,faceswap,1,0.0,0.0,0.0,0.0,0.0,0.0
FaceForensics/NeuralTextures/208_215.mp4,FaceForensics/original/208.mp4,neuraltextures,1,0.0,0.0,0.0,0.0,0.0,0.0
FaceForensics/original/209.mp4,FaceForensics/original/209.mp4,original,0,0.0,0.0,0.0,0.0,0.0,0.0
FaceForensics/Deepfakes/209_016.mp4,FaceForensics/original/209.mp4,deepfakes,1,0.0807,0.0529,0.069,0.0446,0.0,0.061
FaceForensics/Face2Face/209_016.mp4,FaceForensics/original/209.mp4,face2face,1,0.0,0.0,0.0943,0.0,0.0,0.0
FaceForensics/FaceShifter/209_016.mp4,FaceForensics/original/209.mp4,faceshifter,1,0.0,0.0,0.0683,0.0,0.0,0.0
FaceForensics/FaceSwap/209_016.mp4,FaceForensics/original/209.mp4,faceswap,1,0.0513,0.0,0.0617,0.0,0.0,0.0
FaceForensics/NeuralTextures/209_016.mp4,FaceForensics/original/209.mp4,neuraltextures,1,0.0,0.0,0.0618,0.0,0.0,0.0
FaceForensics/original/210.mp4,FaceForensics/original/210.mp4,original,0,0.0,0.0,0.0,0.0526,0.0,0.0
FaceForensics/Deepfakes/210_241.mp4,FaceForensics/original/210.mp4,deepfakes,1,0.119,0.0758,0.1319,0.0896,0.0657,0.0645
FaceForensics/Face2Face/210_241.mp4,FaceForensics/original/210.mp4,face2face,1,0.0838,0.0,0.1918,0.0,0.0,0.1039
FaceForensics/FaceShifter/210_241.mp4,FaceForensics/original/210.mp4,faceshifter,1,0.0,0.0583,0.0673,0.0,0.0,0.0
FaceForensics/FaceSwap/210_241.mp4,FaceForensics/original/210.mp4,faceswap,1,0.1033,0.078,0.0806,0.0,0.0514,0.0434
FaceForensics/NeuralTextures/210_241.mp4,FaceForensics/original/210.mp4,neuraltextures,1,0.1091,0.0,0.1213,0.0,0.0,0.0492
FaceForensics/original/211.mp4,FaceForensics/original/211.mp4,original,0,0.0,0.0,0.0,0.0,0.0,0.0
FaceForensics/Deepfakes/211_177.mp4,FaceForensics/original/211.mp4,deepfakes,1,0.1445,0.0999,0.0,0.0,0.0,0.0
FaceForensics/Face2Face/211_177.mp4,FaceForensics/original/211.mp4,face2face,1,0.0,0.0,0.0,0.0,0.0,0.0
FaceForensics/FaceShifter/211_177.mp4,FaceForensics/original/211.mp4,faceshifter,1,0.0,0.0,0.0,0.0,0.0,0.0
FaceForensics/FaceSwap/211_177.mp4,FaceForensics/original/211.mp4,faceswap,1,0.0665,0.0,0.0,0.0,0.0,0.0
FaceForensics/NeuralTextures/211_177.mp4,FaceForensics/original/211.mp4,neuraltextures,1,0.0,0.0,0.0,0.0,0.0,0.0
FaceForensics/original/212.mp4,FaceForensics/original/212.mp4,original,0,0.0,0.0,0.0,0.0,0.0,0.0
FaceForensics/Deepfakes/212_179.mp4,FaceForensics/original/212.mp4,deepfakes,1,0.1034,0.0,0.0,0.0558,0.0718,0.0
FaceForensics/Face2Face/212_179.mp4,FaceForensics/original/212.mp4,face2face,1,0.0,0.0,0.0698,0.0701,0.0637,0.0
FaceForensics/FaceShifter/212_179.mp4,FaceForensics/original/212.mp4,faceshifter,1,0.0688,0.0458,0.0641,0.1012,0.0467,0.0487
FaceForensics/FaceSwap/212_179.mp4,FaceForensics/original/212.mp4,faceswap,1,0.0,0.0,0.0,0.0,0.0,0.0
FaceForensics/NeuralTextures/212_179.mp4,FaceForensics/original/212.mp4,neuraltextures,1,0.095,0.105,0.1166,0.1206,0.0597,0.0605
FaceForensics/original/213.mp4,FaceForensics/original/213.mp4,original,0,0.0,0.0,0.0,0.0,0.0,0.0
FaceForensics/Deepfakes/213_083.mp4,FaceForensics/original/213.mp4,deepfakes,1,0.0737,0.0,0.0,0.0,0.0,0.0
FaceForensics/Face2Face/213_083.mp4,FaceForensics/original/213.mp4,face2face,1,0.0634,0.0,0.0,0.0,0.0,0.0
FaceForensics/FaceShifter/213_083.mp4,FaceForensics/original/213.mp4,faceshifter,1,0.0653,0.0,0.0,0.0,0.0,0.0
FaceForensics/FaceSwap/213_083.mp4,FaceForensics/original/213.mp4,faceswap,1,0.1044,0.0,0.0,0.0,0.0,0.0
FaceForensics/NeuralTextures/213_083.mp4,FaceForensics/original/213.mp4,neuraltextures,1,0.0,0.0,0.0,0.0,0.0,0.0
FaceForensics/original/214.mp4,FaceForensics/original/214.mp4,original,0,0.0,0.0,0.0,0.0,0.0,0.0
FaceForensics/Deepfakes/214_255.mp4,FaceForensics/original/214.mp4,deepfakes,1,0.069,0.0,0.1378,0.0796,0.0,0.0587
FaceForensics/Face2Face/214_255.mp4,FaceForensics/original/214.mp4,face2face,1,0.102,0.0,0.1263,0.0407,0.0589,0.105
FaceForensics/FaceShifter/214_255.mp4,FaceForensics/original/214.mp4,faceshifter,1,0.0,0.0,0.0,0.0,0.0,0.0
FaceForensics/FaceSwap/214_255.mp4,FaceForensics/original/214.mp4,faceswap,1,0.0,0.0,0.0,0.0,0.0,0.0
FaceForensics/NeuralTextures/214_255.mp4,FaceForensics/original/214.mp4,neuraltextures,1,0.0,0.0,0.0,0.0,0.0,0.0
FaceForensics/original/215.mp4,FaceForensics/original/215.mp4,original,0,0.0,0.0,0.0,0.0,0.0,0.0
FaceForensics/Deepfakes/215_208.mp4,FaceForensics/original/215.mp4,deepfakes,1,0.0,0.0,0.0,0.0,0.0,0.0
FaceForensics/Face2Face/215_208.mp4,FaceForensics/original/215.mp4,face2face,1,0.0457,0.0,0.0811,0.0,0.0402,0.0
FaceForensics/FaceShifter/215_208.mp4,FaceForensics/original/215.mp4,faceshifter,1,0.0,0.0,0.0,0.0,0.0,0.0
FaceForensics/FaceSwap/215_208.mp4,FaceForensics/original/215.mp4,faceswap,1,0.0,0.0,0.0,0.0,0.0425,0.0
FaceForensics/NeuralTextures/215_208.mp4,FaceForensics/original/215.mp4,neuraltextures,1,0.0911,0.069,0.0533,0.0559,0.0,0.0
FaceForensics/original/216.mp4,FaceForensics/original/216.mp4,original,0,0.0,0.0,0.0,0.0,0.0,0.0
FaceForensics/Deepfakes/216_164.mp4,FaceForensics/original/216.mp4,deepfakes,1,0.0,0.053,0.0,0.0,0.0413,0.0
FaceForensics/Face2Face/216_164.mp4,FaceForensics/original/216.mp4,face2face,1,0.0748,0.0,0.0683,0.0437,0.0,0.0
FaceForensics/FaceShifter/216_164.mp4,FaceForensics/original/216.mp4,faceshifter,1,0.0588,0.0,0.079,0.0678,0.0,0.0
FaceForensics/FaceSwap/216_164.mp4,FaceForensics/original/216.mp4,faceswap,1,0.0451,0.0793,0.0,0.0,0.0407,0.0
FaceForensics/NeuralTextures/216_164.mp4,FaceForensics/original/216.mp4,neuraltextures,1,0.0623,0.0,0.0426,0.0,0.0,0.0
FaceForensics/original/217.mp4,FaceForensics/original/217.mp4,original,0,0.0,0.0,0.0,0.0,0.0,0.0
FaceForensics/Deepfakes/217_117.mp4,FaceForensics/original/217.mp4,deepfakes,1,0.0,0.0,0.0,0.0,0.0,0.0
FaceForensics/Face2Face/217_117.mp4,FaceForensics/original/217.mp4,face2face,1,0.1531,0.0,0.042,0.0,0.0,0.0
FaceForensics/FaceShifter/217_117.mp4,FaceForensics/original/217.mp4,faceshifter,1,0.0,0.0,0.0,0.0,0.0,0.0
FaceForensics/FaceSwap/217_117.mp4,FaceForensics/original/217.mp4,faceswap,1,0.1067,0.0947,0.0,0.0418,0.0537,0.0
FaceForensics/NeuralTextures/217_117.mp4,FaceForensics/original/217.mp4,neuraltextures,1,0.1363,0.0414,0.0,0.0,0.0,0.0
FaceForensics/original/218.mp4,FaceForensics/original/218.mp4,original,0,0.0,0.0,0.0,0.0,0.0,0.0
FaceForensics/Deepfakes/218_239.mp4,FaceForensics/original/218.mp4,deepfakes,1,0.3365,0.3208,0.2759,0.1128,0.1018,0.0674
FaceForensics/Face2Face/218_239.mp4,FaceForensics/original/218.mp4,face2face,1,0.0,0.0,0.0,0.0,0.0474,0.0
FaceForensics/FaceShifter/218_239.mp4,FaceForensics/original/218.mp4,faceshifter,1,0.1031,0.0898,0.0,0.0,0.0,0.0
FaceForensics/FaceSwap/218_239.mp4,FaceForensics/original/218.mp4,faceswap,1,0.4985,0.5472,0.7828,0.2221,0.1738,0.2675
FaceForensics/NeuralTextures/218_239.mp4,FaceForensics/original/218.mp4,neuraltextures,1,0.0,0.0,0.0552,0.0744,0.0615,0.0608
FaceForensics/original/219.mp4,FaceForensics/original/219.mp4,original,0,0.0,0.0,0.0,0.0,0.0,0.0
FaceForensics/Deepfakes/219_220.mp4,FaceForensics/original/219.mp4,deepfakes,1,0.0,0.0,0.0,0.0,0.0,0.0
FaceForensics/Face2Face/219_220.mp4,FaceForensics/original/219.mp4,face2face,1,0.0,0.0,0.0419,0.0,0.0,0.0
FaceForensics/FaceShifter/219_220.mp4,FaceForensics/original/219.mp4,faceshifter,1,0.0,0.0,0.0467,0.0483,0.0,0.0
FaceForensics/FaceSwap/219_220.mp4,FaceForensics/original/219.mp4,faceswap,1,0.0,0.0,0.0,0.0,0.0,0.0
FaceForensics/NeuralTextures/219_220.mp4,FaceForensics/original/219.mp4,neuraltextures,1,0.0522,0.0408,0.0,0.0533,0.0,0.0
FaceForensics/original/220.mp4,FaceForensics/original/220.mp4,original,0,0.0,0.0,0.0,0.0,0.0,0.0
FaceForensics/Deepfakes/220_219.mp4,FaceForensics/original/220.mp4,deepfakes,1,0.1562,0.0657,0.0624,0.068,0.0443,0.0
FaceForensics/Face2Face/220_219.mp4,FaceForensics/original/220.mp4,face2face,1,0.0427,0.0,0.0,0.0,0.0,0.0
FaceForensics/FaceShifter/220_219.mp4,FaceForensics/original/220.mp4,faceshifter,1,0.0,0.0,0.0,0.0,0.0,0.0
FaceForensics/FaceSwap/220_219.mp4,FaceForensics/original/220.mp4,faceswap,1,0.1124,0.0406,0.0671,0.0738,0.0497,0.0
FaceForensics/NeuralTextures/220_219.mp4,FaceForensics/original/220.mp4,neuraltextures,1,0.0489,0.0,0.0,0.0,0.0,0.0
FaceForensics/original/221.mp4,FaceForensics/original/221.mp4,original,0,0.0,0.0,0.0,0.0,0.0,0.0
FaceForensics/Deepfakes/221_206.mp4,FaceForensics/original/221.mp4,deepfakes,1,0.0764,0.0506,0.0505,0.0,0.0,0.0425
FaceForensics/Face2Face/221_206.mp4,FaceForensics/original/221.mp4,face2face,1,0.0,0.0,0.0,0.0,0.0,0.0
FaceForensics/FaceShifter/221_206.mp4,FaceForensics/original/221.mp4,faceshifter,1,0.0,0.0,0.0,0.0,0.0,0.0
FaceForensics/FaceSwap/221_206.mp4,FaceForensics/original/221.mp4,faceswap,1,0.0,0.0,0.0,0.0,0.0,0.0
FaceForensics/NeuralTextures/221_206.mp4,FaceForensics/original/221.mp4,neuraltextures,1,0.0,0.0,0.0,0.0,0.0,0.0
FaceForensics/original/222.mp4,FaceForensics/original/222.mp4,original,0,0.0,0.0,0.0,0.0,0.0,0.0
FaceForensics/Deepfakes/222_168.mp4,FaceForensics/original/222.mp4,deepfakes,1,0.0,0.0566,0.0,0.0561,0.0,0.0
FaceForensics/Face2Face/222_168.mp4,FaceForensics/original/222.mp4,face2face,1,0.0,0.0,0.0,0.0,0.0,0.0
FaceForensics/FaceShifter/222_168.mp4,FaceForensics/original/222.mp4,faceshifter,1,0.1169,0.052,0.0892,0.0585,0.0,0.0449
FaceForensics/FaceSwap/222_168.mp4,FaceForensics/original/222.mp4,faceswap,1,0.2196,0.0934,0.1028,0.1232,0.0485,0.0669
FaceForensics/NeuralTextures/222_168.mp4,FaceForensics/original/222.mp4,neuraltextures,1,0.0651,0.0,0.0459,0.0,0.0,0.0
FaceForensics/original/223.mp4,FaceForensics/original/223.mp4,original,0,0.0,0.0,0.0,0.0,0.0,0.0
FaceForensics/Deepfakes/223_586.mp4,FaceForensics/original/223.mp4,deepfakes,1,0.0,0.0,0.0,0.0627,0.0696,0.0642
FaceForensics/Face2Face/223_586.mp4,FaceForensics/original/223.mp4,face2face,1,0.0,0.0,0.0,0.0,0.0,0.0
FaceForensics/FaceShifter/223_586.mp4,FaceForensics/original/223.mp4,faceshifter,1,0.0424,0.0,0.0,0.0433,0.0,0.0
FaceForensics/FaceSwap/223_586.mp4,FaceForensics/original/223.mp4,faceswap,1,0.0409,0.0781,0.0,0.0,0.0,0.0408
FaceForensics/NeuralTextures/223_586.mp4,FaceForensics/original/223.mp4,neuraltextures,1,0.0,0.0,0.0,0.0,0.0,0.0
FaceForensics/original/224.mp4,FaceForensics/original/224.mp4,original,0,0.0,0.0,0.0,0.0,0.0,0.0
FaceForensics/Deepfakes/224_197.mp4,FaceForensics/original/224.mp4,deepfakes,1,0.0421,0.0,0.0466,0.0,0.0,0.0
FaceForensics/Face2Face/224_197.mp4,FaceForensics/original/224.mp4,face2face,1,0.0,0.0,0.0,0.0,0.0,0.0
FaceForensics/FaceShifter/224_197.mp4,FaceForensics/original/224.mp4,faceshifter,1,0.0,0.0,0.0403,0.0,0.0,0.0
FaceForensics/FaceSwap/224_197.mp4,FaceForensics/original/224.mp4,faceswap,1,0.0504,0.0,0.0,0.0,0.0,0.0
FaceForensics/NeuralTextures/224_197.mp4,FaceForensics/original/224.mp4,neuraltextures,1,0.0,0.0,0.0,0.0,0.0,0.0
FaceForensics/original/225.mp4,FaceForensics/original/225.mp4,original,0,0.0,0.0,0.0,0.0,0.0,0.0
FaceForensics/Deepfakes/225_151.mp4,FaceForensics/original/225.mp4,deepfakes,1,0.0848,0.0626,0.0,0.0,0.0583,0.0
FaceForensics/Face2Face/225_151.mp4,FaceForensics/original/225.mp4,face2face,1,0.0,0.0,0.0,0.0,0.0,0.0
FaceForensics/FaceShifter/225_151.mp4,FaceForensics/original/225.mp4,faceshifter,1,0.0419,0.0,0.0,0.0,0.0585,0.0
FaceForensics/FaceSwap/225_151.mp4,FaceForensics/original/225.mp4,faceswap,1,0.0786,0.0,0.0,0.0,0.0538,0.0
FaceForensics/NeuralTextures/225_151.mp4,FaceForensics/original/225.mp4,neuraltextures,1,0.0,0.0,0.0995,0.0,0.0,0.0
FaceForensics/original/226.mp4,FaceForensics/original/226.mp4,original,0,0.0,0.0,0.0,0.0,0.0,0.0
FaceForensics/Deepfakes/226_491.mp4,FaceForensics/original/226.mp4,deepfakes,1,0.0,0.0,0.0,0.0,0.0,0.0
FaceForensics/Face2Face/226_491.mp4,FaceForensics/original/226.mp4,face2face,1,0.052,0.0,0.0415,0.0,0.0,0.0
FaceForensics/FaceShifter/226_491.mp4,FaceForensics/original/226.mp4,faceshifter,1,0.0,0.0,0.0,0.0,0.0,0.0
FaceForensics/FaceSwap/226_491.mp4,FaceForensics/original/226.mp4,faceswap,1,0.0,0.0,0.0,0.0,0.0,0.0
FaceForensics/NeuralTextures/226_491.mp4,FaceForensics/original/226.mp4,neuraltextures,1,0.0,0.0,0.0,0.0,0.0,0.0
FaceForensics/original/227.mp4,FaceForensics/original/227.mp4,original,0,0.0,0.0,0.0,0.0,0.0,0.0
FaceForensics/Deepfakes/227_169.mp4,FaceForensics/original/227.mp4,deepfakes,1,0.0,0.1173,0.0474,0.1069,0.0706,0.09
FaceForensics/Face2Face/227_169.mp4,FaceForensics/original/227.mp4,face2face,1,0.0,0.0,0.0,0.0,0.0,0.0
FaceForensics/FaceShifter/227_169.mp4,FaceForensics/original/227.mp4,faceshifter,1,0.0,0.0,0.0456,0.0,0.0,0.0
FaceForensics/FaceSwap/227_169.mp4,FaceForensics/original/227.mp4,faceswap,1,0.0,0.0,0.0,0.0,0.0,0.0
FaceForensics/NeuralTextures/227_169.mp4,FaceForensics/original/227.mp4,neuraltextures,1,0.0,0.0,0.0,0.0,0.0,0.0
FaceForensics/original/228.mp4,FaceForensics/original/228.mp4,original,0,0.0,0.0,0.0,0.0,0.0,0.0
FaceForensics/Deepfakes/228_289.mp4,FaceForensics/original/228.mp4,deepfakes,1,0.0497,0.0,0.044,0.0,0.0,0.0
FaceForensics/Face2Face/228_289.mp4,FaceForensics/original/228.mp4,face2face,1,0.0,0.0,0.096,0.0,0.0,0.0401
FaceForensics/FaceShifter/228_289.mp4,FaceForensics/original/228.mp4,faceshifter,1,0.0573,0.0,0.0985,0.068,0.0611,0.0
FaceForensics/FaceSwap/228_289.mp4,FaceForensics/original/228.mp4,faceswap,1,0.0684,0.0,0.0441,0.0438,0.0,0.0623
FaceForensics/NeuralTextures/228_289.mp4,FaceForensics/original/228.mp4,neuraltextures,1,0.0,0.0,0.0487,0.0433,0.0,0.0
FaceForensics/original/229.mp4,FaceForensics/original/229.mp4,original,0,0.0,0.0,0.0,0.0,0.0,0.0
FaceForensics/Deepfakes/229_247.mp4,FaceForensics/original/229.mp4,deepfakes,1,0.132,0.0548,0.0,0.0,0.0714,0.0
FaceForensics/Face2Face/229_247.mp4,FaceForensics/original/229.mp4,face2face,1,0.0,0.0,0.0,0.0,0.0,0.0
FaceForensics/FaceShifter/229_247.mp4,FaceForensics/original/229.mp4,faceshifter,1,0.0,0.0,0.0,0.0,0.0,0.0
FaceForensics/FaceSwap/229_247.mp4,FaceForensics/original/229.mp4,faceswap,1,0.1818,0.1559,0.0951,0.0897,0.1087,0.0791
FaceForensics/NeuralTextures/229_247.mp4,FaceForensics/original/229.mp4,neuraltextures,1,0.0599,0.0,0.0,0.0,0.0,0.0
FaceForensics/original/230.mp4,FaceForensics/original/230.mp4,original,0,0.0,0.0,0.0,0.0,0.0,0.0
FaceForensics/Deepfakes/230_204.mp4,FaceForensics/original/230.mp4,deepfakes,1,0.0,0.0411,0.0947,0.0,0.0585,0.085
FaceForensics/Face2Face/230_204.mp4,FaceForensics/original/230.mp4,face2face,1,0.0,0.0,0.0,0.0,0.0,0.0
FaceForensics/FaceShifter/230_204.mp4,FaceForensics/original/230.mp4,faceshifter,1,0.1318,0.0,0.0,0.0,0.0421,0.0
FaceForensics/FaceSwap/230_204.mp4,FaceForensics/original/230.mp4,faceswap,1,0.0,0.0,0.0,0.0,0.0,0.0
FaceForensics/NeuralTextures/230_204.mp4,FaceForensics/original/230.mp4,neuraltextures,1,0.0,0.0423,0.0,0.0,0.0,0.0
FaceForensics/original/231.mp4,FaceForensics/original/231.mp4,original,0,0.0,0.0,0.0,0.0411,0.0,0.0
FaceForensics/Deepfakes/231_663.mp4,FaceForensics/original/231.mp4,deepfakes,1,0.0824,0.0418,0.0768,0.0589,0.0517,0.0988
FaceForensics/Face2Face/231_663.mp4,FaceForensics/original/231.mp4,face2face,1,0.0,0.0,0.0428,0.0423,0.0,0.0
FaceForensics/FaceShifter/231_663.mp4,FaceForensics/original/231.mp4,faceshifter,1,0.051,0.0561,0.0799,0.0529,0.0555,0.0977
FaceForensics/FaceSwap/231_663.mp4,FaceForensics/original/231.mp4,faceswap,1,0.1157,0.0721,0.1008,0.078,0.0552,0.0927
FaceForensics/NeuralTextures/231_663.mp4,FaceForensics/original/231.mp4,neuraltextures,1,0.0,0.0,0.0,0.0,0.0,0.0
FaceForensics/original/232.mp4,FaceForensics/original/232.mp4,original,0,0.0,0.0,0.0,0.0,0.0,0.0
FaceForensics/Deepfakes/232_248.mp4,FaceForensics/original/232.mp4,deepfakes,1,0.1086,0.0,0.0845,0.0611,0.0437,0.0442
FaceForensics/Face2Face/232_248.mp4,FaceForensics/original/232.mp4,face2face,1,0.0,0.0,0.0,0.0,0.0,0.0
FaceForensics/FaceShifter/232_248.mp4,FaceForensics/original/232.mp4,faceshifter,1,0.0,0.0,0.0,0.0,0.0,0.0
FaceForensics/FaceSwap/232_248.mp4,FaceForensics/original/232.mp4,faceswap,1,0.0,0.0433,0.0,0.0,0.0,0.0441
FaceForensics/NeuralTextures/232_248.mp4,FaceForensics/original/232.mp4,neuraltextures,1,0.0,0.0,0.0,0.0,0.0,0.0
FaceForensics/original/233.mp4,FaceForensics/original/233.mp4,original,0,0.0,0.0,0.0,0.0,0.0,0.0
FaceForensics/Deepfakes/233_995.mp4,FaceForensics/original/233.mp4,deepfakes,1,0.0623,0.0,0.0,0.0,0.0,0.0
FaceForensics/Face2Face/233_995.mp4,FaceForensics/original/233.mp4,face2face,1,0.0,0.0,0.0,0.0,0.0,0.0
FaceForensics/FaceShifter/233_995.mp4,FaceForensics/original/233.mp4,faceshifter,1,0.064,0.0,0.0471,0.0535,0.0,0.0
FaceForensics/FaceSwap/233_995.mp4,FaceForensics/original/233.mp4,faceswap,1,0.0847,0.0464,0.0557,0.066,0.0,0.0426
FaceForensics/NeuralTextures/233_995.mp4,FaceForensics/original/233.mp4,neuraltextures,1,0.0538,0.0,0.0516,0.0,0.0,0.0
FaceForensics/original/234.mp4,FaceForensics/original/234.mp4,original,0,0.0,0.0,0.0,0.0,0.0,0.0
FaceForensics/Deepfakes/234_187.mp4,FaceForensics/original/234.mp4,deepfakes,1,0.0697,0.0,0.0,0.0,0.0,0.0
FaceForensics/Face2Face/234_187.mp4,FaceForensics/original/234.mp4,face2face,1,0.0,0.0,0.0,0.0,0.0,0.0
FaceForensics/FaceShifter/234_187.mp4,FaceForensics/original/234.mp4,faceshifter,1,0.0964,0.0,0.0,0.0,0.0,0.0
FaceForensics/FaceSwap/234_187.mp4,FaceForensics/original/234.mp4,faceswap,1,0.0834,0.0,0.0,0.0,0.0,0.0
FaceForensics/NeuralTextures/234_187.mp4,FaceForensics/original/234.mp4,neuraltextures,1,0.0549,0.0,0.0603,0.0536,0.0,0.0407
FaceForensics/original/235.mp4,FaceForensics/original/235.mp4,original,0,0.0,0.0,0.0,0.0,0.0,0.0
FaceForensics/Deepfakes/235_194.mp4,FaceForensics/original/235.mp4,deepfakes,1,0.0,0.0,0.0,0.0,0.0,0.0
FaceForensics/Face2Face/235_194.mp4,FaceForensics/original/235.mp4,face2face,1,0.0608,0.0,0.0,0.0,0.0,0.0
FaceForensics/FaceShifter/235_194.mp4,FaceForensics/original/235.mp4,faceshifter,1,0.0,0.0,0.0,0.0,0.0,0.0
FaceForensics/FaceSwap/235_194.mp4,FaceForensics/original/235.mp4,faceswap,1,0.0,0.0,0.0,0.0,0.0,0.0
FaceForensics/NeuralTextures/235_194.mp4,FaceForensics/original/235.mp4,neuraltextures,1,0.0978,0.0,0.0486,0.0514,0.0,0.0486
FaceForensics/original/236.mp4,FaceForensics/original/236.mp4,original,0,0.0,0.0,0.0,0.0,0.0,0.0
FaceForensics/Deepfakes/236_237.mp4,FaceForensics/original/236.mp4,deepfakes,1,0.0468,0.0,0.079,0.0,0.0,0.0
FaceForensics/Face2Face/236_237.mp4,FaceForensics/original/236.mp4,face2face,1,0.0,0.0,0.0842,0.0,0.0,0.0
FaceForensics/FaceShifter/236_237.mp4,FaceForensics/original/236.mp4,faceshifter,1,0.0,0.0,0.1077,0.0,0.0,0.0
FaceForensics/FaceSwap/236_237.mp4,FaceForensics/original/236.mp4,faceswap,1,0.0,0.0,0.075,0.0,0.0,0.0
FaceForensics/NeuralTextures/236_237.mp4,FaceForensics/original/236.mp4,neuraltextures,1,0.0,0.0,0.1851,0.0861,0.0,0.0418
FaceForensics/original/237.mp4,FaceForensics/original/237.mp4,original,0,0.0,0.0,0.0,0.0,0.0,0.0
FaceForensics/Deepfakes/237_236.mp4,FaceForensics/original/237.mp4,deepfakes,1,0.0,0.0403,0.0831,0.0749,0.0,0.0
FaceForensics/Face2Face/237_236.mp4,FaceForensics/original/237.mp4,face2face,1,0.0,0.0,0.0528,0.0493,0.0,0.0
FaceForensics/FaceShifter/237_236.mp4,FaceForensics/original/237.mp4,faceshifter,1,0.0,0.0,0.0,0.0,0.0,0.0
FaceForensics/FaceSwap/237_236.mp4,FaceForensics/original/237.mp4,faceswap,1,0.0,0.0,0.0,0.0,0.0,0.0
FaceForensics/NeuralTextures/237_236.mp4,FaceForensics/original/237.mp4,neuraltextures,1,0.0,0.0,0.0,0.0,0.0,0.0
FaceForensics/original/238.mp4,FaceForensics/original/238.mp4,original,0,0.0,0.0,0.0,0.0,0.0,0.0
FaceForensics/Deepfakes/238_282.mp4,FaceForensics/original/238.mp4,deepfakes,1,0.1615,0.0825,0.0921,0.1183,0.0645,0.06
FaceForensics/Face2Face/238_282.mp4,FaceForensics/original/238.mp4,face2face,1,0.0,0.0,0.0,0.0,0.0,0.0
FaceForensics/FaceShifter/238_282.mp4,FaceForensics/original/238.mp4,faceshifter,1,0.0,0.0,0.0,0.0,0.0,0.0
FaceForensics/FaceSwap/238_282.mp4,FaceForensics/original/238.mp4,faceswap,1,0.0,0.0,0.105,0.0,0.0,0.0
FaceForensics/NeuralTextures/238_282.mp4,FaceForensics/original/238.mp4,neuraltextures,1,0.0,0.0,0.052,0.0,0.0,0.0
FaceForensics/original/239.mp4,FaceForensics/original/239.mp4,original,0,0.0,0.0,0.0,0.0,0.0,0.0
FaceForensics/Deepfakes/239_218.mp4,FaceForensics/original/239.mp4,deepfakes,1,0.0,0.0965,0.0506,0.0,0.0,0.0
FaceForensics/Face2Face/239_218.mp4,FaceForensics/original/239.mp4,face2face,1,0.0518,0.0,0.0606,0.0,0.0,0.0659
FaceForensics/FaceShifter/239_218.mp4,FaceForensics/original/239.mp4,faceshifter,1,0.0,0.0747,0.0602,0.0,0.0,0.0
FaceForensics/FaceSwap/239_218.mp4,FaceForensics/original/239.mp4,faceswap,1,0.0583,0.0725,0.0,0.0,0.0,0.0
FaceForensics/NeuralTextures/239_218.mp4,FaceForensics/original/239.mp4,neuraltextures,1,0.0,0.0592,0.0,0.0,0.0,0.0
FaceForensics/original/240.mp4,FaceForensics/original/240.mp4,original,0,0.0,0.0,0.0,0.0,0.0,0.0
FaceForensics/Deepfakes/240_290.mp4,FaceForensics/original/240.mp4,deepfakes,1,0.0865,0.0731,0.0,0.0,0.0,0.0
FaceForensics/Face2Face/240_290.mp4,FaceForensics/original/240.mp4,face2face,1,0.0,0.0,0.0,0.0,0.0,0.0
FaceForensics/FaceShifter/240_290.mp4,FaceForensics/original/240.mp4,faceshifter,1,0.0,0.0,0.0411,0.0,0.0,0.0
FaceForensics/FaceSwap/240_290.mp4,FaceForensics/original/240.mp4,faceswap,1,0.0836,0.0504,0.0806,0.0864,0.0,0.0
FaceForensics/NeuralTextures/240_290.mp4,FaceForensics/original/240.mp4,neuraltextures,1,0.0533,0.0,0.0726,0.0783,0.0,0.0
FaceForensics/original/241.mp4,FaceForensics/original/241.mp4,original,0,0.0,0.0,0.0,0.0,0.0,0.0
FaceForensics/Deepfakes/241_210.mp4,FaceForensics/original/241.mp4,deepfakes,1,0.0,0.0,0.0678,0.0,0.0,0.0
FaceForensics/Face2Face/241_210.mp4,FaceForensics/original/241.mp4,face2face,1,0.0973,0.047,0.0,0.0,0.0,0.0
FaceForensics/FaceShifter/241_210.mp4,FaceForensics/original/241.mp4,faceshifter,1,0.065,0.0473,0.0,0.0,0.0,0.0
FaceForensics/FaceSwap/241_210.mp4,FaceForensics/original/241.mp4,faceswap,1,0.1232,0.0,0.1517,0.0415,0.0,0.0519
FaceForensics/NeuralTextures/241_210.mp4,FaceForensics/original/241.mp4,neuraltextures,1,0.0649,0.0,0.0,0.0,0.0,0.0
FaceForensics/original/242.mp4,FaceForensics/original/242.mp4,original,0,0.0,0.0,0.0,0.0,0.0,0.0
FaceForensics/Deepfakes/242_182.mp4,FaceForensics/original/242.mp4,deepfakes,1,0.0,0.0,0.0,0.0451,0.0732,0.0
FaceForensics/Face2Face/242_182.mp4,FaceForensics/original/242.mp4,face2face,1,0.065,0.0,0.0,0.0,0.0,0.0
FaceForensics/FaceShifter/242_182.mp4,FaceForensics/original/242.mp4,faceshifter,1,0.0844,0.129,0.0958,0.1802,0.0591,0.0811
FaceForensics/FaceSwap/242_182.mp4,FaceForensics/original/242.mp4,faceswap,1,0.0,0.0,0.0,0.0,0.0,0.0
FaceForensics/NeuralTextures/242_182.mp4,FaceForensics/original/242.mp4,neuraltextures,1,0.0,0.0,0.0,0.0,0.0,0.0
FaceForensics/original/243.mp4,FaceForensics/original/243.mp4,original,0,0.0,0.0,0.0,0.0,0.0,0.0
FaceForensics/Deepfakes/243_156.mp4,FaceForensics/original/243.mp4,deepfakes,1,0.2462,0.2187,0.3769,0.1873,0.104,0.0881
FaceForensics/Face2Face/243_156.mp4,FaceForensics/original/243.mp4,face2face,1,0.0,0.0,0.042,0.0,0.0,0.0
FaceForensics/FaceShifter/243_156.mp4,FaceForensics/original/243.mp4,faceshifter,1,0.078,0.0,0.0,0.0,0.0,0.0
FaceForensics/FaceSwap/243_156.mp4,FaceForensics/original/243.mp4,faceswap,1,0.1168,0.0514,0.0652,0.0486,0.0,0.0
FaceForensics/NeuralTextures/243_156.mp4,FaceForensics/original/243.mp4,neuraltextures,1,0.0,0.0,0.0,0.0,0.0,0.0
FaceForensics/original/244.mp4,FaceForensics/original/244.mp4,original,0,0.0,0.0,0.0,0.0,0.0,0.0
FaceForensics/Deepfakes/244_822.mp4,FaceForensics/original/244.mp4,deepfakes,1,0.1362,0.0564,0.0,0.0,0.0,0.0
FaceForensics/Face2Face/244_822.mp4,FaceForensics/original/244.mp4,face2face,1,0.0,0.0,0.0,0.0,0.0,0.0
FaceForensics/FaceShifter/244_822.mp4,FaceForensics/original/244.mp4,faceshifter,1,0.0,0.0,0.0567,0.0409,0.0,0.0
FaceForensics/FaceSwap/244_822.mp4,FaceForensics/original/244.mp4,faceswap,1,0.0,0.0,0.0,0.0,0.0,0.0
FaceForensics/NeuralTextures/244_822.mp4,FaceForensics/original/244.mp4,neuraltextures,1,0.0,0.0,0.0,0.0,0.0,0.0
FaceForensics/original/245.mp4,FaceForensics/original/245.mp4,original,0,0.0,0.0,0.0,0.0,0.0,0.0
FaceForensics/Deepfakes/245_157.mp4,FaceForensics/original/245.mp4,deepfakes,1,0.0,0.0,0.0,0.0,0.0,0.0
FaceForensics/Face2Face/245_157.mp4,FaceForensics/original/245.mp4,face2face,1,0.0,0.0,0.0,0.0,0.0,0.0
FaceForensics/FaceShifter/245_157.mp4,FaceForensics/original/245.mp4,faceshifter,1,0.1559,0.0,0.0,0.0,0.0,0.0
FaceForensics/FaceSwap/245_157.mp4,FaceForensics/original/245.mp4,faceswap,1,0.0449,0.0,0.0,0.0,0.0,0.0
FaceForensics/NeuralTextures/245_157.mp4,FaceForensics/original/245.mp4,neuraltextures,1,0.0,0.0,0.0,0.0,0.0,0.0
FaceForensics/original/246.mp4,FaceForensics/original/246.mp4,original,0,0.0,0.0,0.0,0.0,0.0,0.0
FaceForensics/Deepfakes/246_258.mp4,FaceForensics/original/246.mp4,deepfakes,1,0.0628,0.043,0.0,0.0,0.0,0.0
FaceForensics/Face2Face/246_258.mp4,FaceForensics/original/246.mp4,face2face,1,0.0,0.0,0.0,0.0,0.0,0.0
FaceForensics/FaceShifter/246_258.mp4,FaceForensics/original/246.mp4,faceshifter,1,0.0,0.0,0.0,0.0,0.0,0.0
FaceForensics/FaceSwap/246_258.mp4,FaceForensics/original/246.mp4,faceswap,1,0.0,0.0,0.0,0.0,0.0,0.0
FaceForensics/NeuralTextures/246_258.mp4,FaceForensics/original/246.mp4,neuraltextures,1,0.0,0.0,0.0,0.0,0.0,0.0
FaceForensics/original/247.mp4,FaceForensics/original/247.mp4,original,0,0.0,0.0,0.0,0.0,0.0,0.0
FaceForensics/Deepfakes/247_229.mp4,FaceForensics/original/247.mp4,deepfakes,1,0.0,0.0404,0.0,0.0427,0.0,0.0
FaceForensics/Face2Face/247_229.mp4,FaceForensics/original/247.mp4,face2face,1,0.0,0.0,0.0,0.0,0.0,0.0
FaceForensics/FaceShifter/247_229.mp4,FaceForensics/original/247.mp4,faceshifter,1,0.0,0.0,0.0,0.0,0.0,0.0
FaceForensics/FaceSwap/247_229.mp4,FaceForensics/original/247.mp4,faceswap,1,0.0,0.0674,0.0621,0.0,0.0,0.0
FaceForensics/NeuralTextures/247_229.mp4,FaceForensics/original/247.mp4,neuraltextures,1,0.0,0.0,0.0,0.0,0.0,0.0
FaceForensics/original/248.mp4,FaceForensics/original/248.mp4,original,0,0.0,0.0,0.0,0.0,0.0,0.0
FaceForensics/Deepfakes/248_232.mp4,FaceForensics/original/248.mp4,deepfakes,1,0.0,0.0,0.0,0.0,0.0,0.0
FaceForensics/Face2Face/248_232.mp4,FaceForensics/original/248.mp4,face2face,1,0.0,0.0,0.0,0.0,0.0,0.0
FaceForensics/FaceShifter/248_232.mp4,FaceForensics/original/248.mp4,faceshifter,1,0.0,0.0,0.0,0.0,0.0,0.0
FaceForensics/FaceSwap/248_232.mp4,FaceForensics/original/248.mp4,faceswap,1,0.0,0.0,0.0,0.0,0.0,0.0
FaceForensics/NeuralTextures/248_232.mp4,FaceForensics/original/248.mp4,neuraltextures,1,0.0,0.0,0.0,0.0,0.0,0.0
FaceForensics/original/249.mp4,FaceForensics/original/249.mp4,original,0,0.0,0.0,0.0,0.0,0.0,0.0
FaceForensics/Deepfakes/249_280.mp4,FaceForensics/original/249.mp4,deepfakes,1,0.0,0.0,0.0522,0.0,0.0,0.0
FaceForensics/Face2Face/249_280.mp4,FaceForensics/original/249.mp4,face2face,1,0.0648,0.0,0.0559,0.0406,0.0579,0.0
FaceForensics/FaceShifter/249_280.mp4,FaceForensics/original/249.mp4,faceshifter,1,0.0,0.0,0.067,0.0,0.0,0.0
FaceForensics/FaceSwap/249_280.mp4,FaceForensics/original/249.mp4,faceswap,1,0.0,0.0,0.0,0.0,0.0,0.0
FaceForensics/NeuralTextures/249_280.mp4,FaceForensics/original/249.mp4,neuraltextures,1,0.0,0.0,0.0,0.0,0.0,0.0
FaceForensics/original/250.mp4,FaceForensics/original/250.mp4,original,0,0.0,0.0,0.0,0.0,0.0,0.0
FaceForensics/Deepfakes/250_461.mp4,FaceForensics/original/250.mp4,deepfakes,1,0.0,0.0,0.0,0.0,0.0,0.0
FaceForensics/Face2Face/250_461.mp4,FaceForensics/original/250.mp4,face2face,1,0.0,0.0,0.0,0.0,0.0,0.0
FaceForensics/FaceShifter/250_461.mp4,FaceForensics/original/250.mp4,faceshifter,1,0.0,0.0,0.0,0.0,0.0,0.0
FaceForensics/FaceSwap/250_461.mp4,FaceForensics/original/250.mp4,faceswap,1,0.0,0.0,0.0,0.0,0.0,0.0
FaceForensics/NeuralTextures/250_461.mp4,FaceForensics/original/250.mp4,neuraltextures,1,0.0,0.0,0.0,0.0,0.0,0.0
FaceForensics/original/251.mp4,FaceForensics/original/251.mp4,original,0,0.0,0.0,0.0,0.0,0.0,0.0
FaceForensics/Deepfakes/251_375.mp4,FaceForensics/original/251.mp4,deepfakes,1,0.0489,0.0614,0.0492,0.0464,0.1038,0.0
FaceForensics/Face2Face/251_375.mp4,FaceForensics/original/251.mp4,face2face,1,0.1835,0.0,0.0,0.0,0.0,0.0
FaceForensics/FaceShifter/251_375.mp4,FaceForensics/original/251.mp4,faceshifter,1,0.0,0.0,0.0,0.0,0.0,0.0
FaceForensics/FaceSwap/251_375.mp4,FaceForensics/original/251.mp4,faceswap,1,0.1064,0.05,0.0,0.0,0.0,0.0
FaceForensics/NeuralTextures/251_375.mp4,FaceForensics/original/251.mp4,neuraltextures,1,0.0907,0.0,0.0493,0.0,0.0,0.0
FaceForensics/original/252.mp4,FaceForensics/original/252.mp4,original,0,0.0,0.0,0.0,0.0,0.0,0.0
FaceForensics/Deepfakes/252_266.mp4,FaceForensics/original/252.mp4,deepfakes,1,0.0554,0.0622,0.0719,0.0644,0.0,0.0
FaceForensics/Face2Face/252_266.mp4,FaceForensics/original/252.mp4,face2face,1,0.0,0.0,0.0,0.0,0.0,0.0
FaceForensics/FaceShifter/252_266.mp4,FaceForensics/original/252.mp4,faceshifter,1,0.0,0.0,0.0,0.0,0.0,0.0
FaceForensics/FaceSwap/252_266.mp4,FaceForensics/original/252.mp4,faceswap,1,0.0,0.0,0.047,0.0,0.0,0.0
FaceForensics/NeuralTextures/252_266.mp4,FaceForensics/original/252.mp4,neuraltextures,1,0.0,0.0,0.0,0.0,0.0,0.0
FaceForensics/original/253.mp4,FaceForensics/original/253.mp4,original,0,0.0,0.0,0.0,0.0,0.0,0.0
FaceForensics/Deepfakes/253_183.mp4,FaceForensics/original/253.mp4,deepfakes,1,0.0,0.0,0.0,0.0401,0.0,0.0
FaceForensics/Face2Face/253_183.mp4,FaceForensics/original/253.mp4,face2face,1,0.0526,0.0,0.0412,0.0,0.0,0.0
FaceForensics/FaceShifter/253_183.mp4,FaceForensics/original/253.mp4,faceshifter,1,0.0589,0.0,0.0628,0.0647,0.0,0.0874
FaceForensics/FaceSwap/253_183.mp4,FaceForensics/original/253.mp4,faceswap,1,0.0,0.0,0.0,0.0,0.0,0.0
FaceForensics/NeuralTextures/253_183.mp4,FaceForensics/original/253.mp4,neuraltextures,1,0.0,0.0,0.0,0.0,0.0,0.0
FaceForensics/original/254.mp4,FaceForensics/original/254.mp4,original,0,0.0,0.0,0.0,0.0,0.0,0.0
FaceForensics/Deepfakes/254_261.mp4,FaceForensics/original/254.mp4,deepfakes,1,0.0,0.0,0.0,0.0,0.0,0.0
FaceForensics/Face2Face/254_261.mp4,FaceForensics/original/254.mp4,face2face,1,0.0,0.0,0.0,0.0,0.0,0.0
FaceForensics/FaceShifter/254_261.mp4,FaceForensics/original/254.mp4,faceshifter,1,0.0,0.0,0.0,0.0,0.0,0.0
FaceForensics/FaceSwap/254_261.mp4,FaceForensics/original/254.mp4,faceswap,1,0.0,0.0,0.0,0.0,0.0,0.0
FaceForensics/NeuralTextures/254_261.mp4,FaceForensics/original/254.mp4,neuraltextures,1,0.0688,0.0,0.0,0.0,0.0,0.0
FaceForensics/original/255.mp4,FaceForensics/original/255.mp4,original,0,0.0,0.0,0.0,0.0,0.0,0.0
FaceForensics/Deepfakes/255_214.mp4,FaceForensics/original/255.mp4,deepfakes,1,0.0,0.0,0.0,0.0,0.0,0.0
FaceForensics/Face2Face/255_214.mp4,FaceForensics/original/255.mp4,face2face,1,0.0,0.0,0.0,0.0,0.0,0.0
FaceForensics/FaceShifter/255_214.mp4,FaceForensics/original/255.mp4,faceshifter,1,0.0486,0.0,0.0442,0.044,0.0,0.0407
FaceForensics/FaceSwap/255_214.mp4,FaceForensics/original/255.mp4,faceswap,1,0.0,0.0,0.0,0.0,0.0,0.0
FaceForensics/NeuralTextures/255_214.mp4,FaceForensics/original/255.mp4,neuraltextures,1,0.0,0.0,0.0,0.0,0.0,0.0
FaceForensics/original/256.mp4,FaceForensics/original/256.mp4,original,0,0.0,0.0,0.0,0.0,0.0,0.0
FaceForensics/Deepfakes/256_146.mp4,FaceForensics/original/256.mp4,deepfakes,1,0.1059,0.0,0.0,0.0,0.0,0.0
FaceForensics/Face2Face/256_146.mp4,FaceForensics/original/256.mp4,face2face,1,0.2633,0.0,0.0,0.0,0.0403,0.0
FaceForensics/FaceShifter/256_146.mp4,FaceForensics/original/256.mp4,faceshifter,1,0.0763,0.0,0.055,0.0,0.0,0.0
FaceForensics/FaceSwap/256_146.mp4,FaceForensics/original/256.mp4,faceswap,1,0.0807,0.0,0.0473,0.0,0.0,0.0508
FaceForensics/NeuralTextures/256_146.mp4,FaceForensics/original/256.mp4,neuraltextures,1,0.0,0.0,0.0511,0.0,0.0,0.0
FaceForensics/original/257.mp4,FaceForensics/original/257.mp4,original,0,0.0,0.0,0.0,0.0,0.0,0.0
FaceForensics/Deepfakes/257_420.mp4,FaceForensics/original/257.mp4,deepfakes,1,0.074,0.0,0.0,0.0,0.0,0.0
FaceForensics/Face2Face/257_420.mp4,FaceForensics/original/257.mp4,face2face,1,0.0696,0.0,0.1089,0.1002,0.0,0.0
FaceForensics/FaceShifter/257_420.mp4,FaceForensics/original/257.mp4,faceshifter,1,0.0,0.0,0.0,0.0,0.0,0.0
FaceForensics/FaceSwap/257_420.mp4,FaceForensics/original/257.mp4,faceswap,1,0.0628,0.0424,0.0448,0.0495,0.0,0.0
FaceForensics/NeuralTextures/257_420.mp4,FaceForensics/original/257.mp4,neuraltextures,1,0.1477,0.1003,0.12,0.1005,0.1004,0.0801
FaceForensics/original/258.mp4,FaceForensics/original/258.mp4,original,0,0.0,0.0,0.0,0.0,0.0,0.0
FaceForensics/Deepfakes/258_246.mp4,FaceForensics/original/258.mp4,deepfakes,1,0.0,0.0,0.0,0.0,0.0,0.0
FaceForensics/Face2Face/258_246.mp4,FaceForensics/original/258.mp4,face2face,1,0.0,0.0,0.0,0.0,0.0,0.0
FaceForensics/FaceShifter/258_246.mp4,FaceForensics/original/258.mp4,faceshifter,1,0.0,0.0,0.0,0.0,0.0,0.0
FaceForensics/FaceSwap/258_246.mp4,FaceForensics/original/258.mp4,faceswap,1,0.0,0.0,0.0456,0.0,0.0,0.0
FaceForensics/NeuralTextures/258_246.mp4,FaceForensics/original/258.mp4,neuraltextures,1,0.0,0.0,0.0,0.0,0.0,0.0
FaceForensics/original/259.mp4,FaceForensics/original/259.mp4,original,0,0.0,0.0,0.0485,0.0,0.0,0.0
FaceForensics/Deepfakes/259_345.mp4,FaceForensics/original/259.mp4,deepfakes,1,0.0,0.0,0.0,0.0,0.0,0.0
FaceForensics/Face2Face/259_345.mp4,FaceForensics/original/259.mp4,face2face,1,0.0729,0.0624,0.0897,0.0788,0.0499,0.0562
FaceForensics/FaceShifter/259_345.mp4,FaceForensics/original/259.mp4,faceshifter,1,0.0,0.0,0.0,0.0,0.0,0.0
FaceForensics/FaceSwap/259_345.mp4,FaceForensics/original/259.mp4,faceswap,1,0.0796,0.0412,0.1018,0.0913,0.0,0.0407
FaceForensics/NeuralTextures/259_345.mp4,FaceForensics/original/259.mp4,neuraltextures,1,0.0,0.0,0.0,0.0,0.0,0.0
FaceForensics/original/260.mp4,FaceForensics/original/260.mp4,original,0,0.0,0.0,0.0,0.0,0.0,0.0
FaceForensics/Deepfakes/260_331.mp4,FaceForensics/original/260.mp4,deepfakes,1,0.0421,0.0,0.0,0.0,0.0,0.0
FaceForensics/Face2Face/260_331.mp4,FaceForensics/original/260.mp4,face2face,1,0.0,0.0,0.0,0.0,0.0,0.0
FaceForensics/FaceShifter/260_331.mp4,FaceForensics/original/260.mp4,faceshifter,1,0.0,0.0,0.0,0.0,0.0,0.0
FaceForensics/FaceSwap/260_331.mp4,FaceForensics/original/260.mp4,faceswap,1,0.0,0.0,0.0,0.0,0.0,0.0
FaceForensics/NeuralTextures/260_331.mp4,FaceForensics/original/260.mp4,neuraltextures,1,0.0,0.0,0.0,0.0,0.0,0.0
FaceForensics/original/261.mp4,FaceForensics/original/261.mp4,original,0,0.0,0.0,0.0,0.0,0.0,0.0
FaceForensics/Deepfakes/261_254.mp4,FaceForensics/original/261.mp4,deepfakes,1,0.0,0.0,0.0412,0.0,0.0,0.0
FaceForensics/Face2Face/261_254.mp4,FaceForensics/original/261.mp4,face2face,1,0.0563,0.0529,0.116,0.0623,0.049,0.0843
FaceForensics/FaceShifter/261_254.mp4,FaceForensics/original/261.mp4,faceshifter,1,0.0564,0.0,0.0692,0.0514,0.0,0.0759
FaceForensics/FaceSwap/261_254.mp4,FaceForensics/original/261.mp4,faceswap,1,0.0,0.0,0.0,0.0,0.0,0.0
FaceForensics/NeuralTextures/261_254.mp4,FaceForensics/original/261.mp4,neuraltextures,1,0.0,0.0,0.0,0.0,0.0,0.0
FaceForensics/original/262.mp4,FaceForensics/original/262.mp4,original,0,0.0,0.0,0.0,0.0,0.0,0.0
FaceForensics/Deepfakes/262_301.mp4,FaceForensics/original/262.mp4,deepfakes,1,0.0475,0.0561,0.0413,0.048,0.0472,0.0
FaceForensics/Face2Face/262_301.mp4,FaceForensics/original/262.mp4,face2face,1,0.1538,0.0784,0.0697,0.0862,0.066,0.0489
FaceForensics/FaceShifter/262_301.mp4,FaceForensics/original/262.mp4,faceshifter,1,0.0,0.0,0.1174,0.0577,0.0,0.0
FaceForensics/FaceSwap/262_301.mp4,FaceForensics/original/262.mp4,faceswap,1,0.0,0.0746,0.0509,0.0676,0.0697,0.0
FaceForensics/NeuralTextures/262_301.mp4,FaceForensics/original/262.mp4,neuraltextures,1,0.1062,0.1107,0.123,0.11,0.1034,0.0546
FaceForensics/original/263.mp4,FaceForensics/original/263.mp4,original,0,0.0,0.0,0.0,0.0,0.0,0.0
FaceForensics/Deepfakes/263_284.mp4,FaceForensics/original/263.mp4,deepfakes,1,0.0,0.0807,0.0,0.0842,0.0816,0.061
FaceForensics/Face2Face/263_284.mp4,FaceForensics/original/263.mp4,face2face,1,0.0,0.0,0.0,0.0,0.0,0.0
FaceForensics/FaceShifter/263_284.mp4,FaceForensics/original/263.mp4,faceshifter,1,0.0,0.0,0.0,0.0,0.0,0.0
FaceForensics/FaceSwap/263_284.mp4,FaceForensics/original/263.mp4,faceswap,1,0.0,0.0442,0.0495,0.0,0.0,0.0
FaceForensics/NeuralTextures/263_284.mp4,FaceForensics/original/263.mp4,neuraltextures,1,0.0,0.0,0.0,0.0,0.0,0.0
FaceForensics/original/264.mp4,FaceForensics/original/264.mp4,original,0,0.0,0.0,0.0,0.0,0.0,0.0
FaceForensics/Deepfakes/264_271.mp4,FaceForensics/original/264.mp4,deepfakes,1,0.0447,0.0,0.0578,0.0,0.0,0.0
FaceForensics/Face2Face/264_271.mp4,FaceForensics/original/264.mp4,face2face,1,0.0846,0.0,0.0935,0.0427,0.0732,0.0408
FaceForensics/FaceShifter/264_271.mp4,FaceForensics/original/264.mp4,faceshifter,1,0.0,0.0,0.0,0.0,0.0,0.0
FaceForensics/FaceSwap/264_271.mp4,FaceForensics/original/264.mp4,faceswap,1,0.0617,0.0,0.0,0.0539,0.0,0.0
FaceForensics/NeuralTextures/264_271.mp4,FaceForensics/original/264.mp4,neuraltextures,1,0.0912,0.0423,0.0846,0.0,0.0659,0.0467
FaceForensics/original/265.mp4,FaceForensics/original/265.mp4,original,0,0.0,0.0,0.0,0.0,0.0,0.0
FaceForensics/Deepfakes/265_475.mp4,FaceForensics/original/265.mp4,deepfakes,1,0.0777,0.0,0.0,0.0,0.0,0.0
FaceForensics/Face2Face/265_475.mp4,FaceForensics/original/265.mp4,face2face,1,0.0513,0.0,0.0,0.0,0.0,0.0
FaceForensics/FaceShifter/265_475.mp4,FaceForensics/original/265.mp4,faceshifter,1,0.0,0.0,0.0,0.0,0.0,0.0
FaceForensics/FaceSwap/265_475.mp4,FaceForensics/original/265.mp4,faceswap,1,0.0,0.0799,0.0,0.0,0.0,0.0
FaceForensics/NeuralTextures/265_475.mp4,FaceForensics/original/265.mp4,neuraltextures,1,0.0677,0.0,0.0,0.0,0.0,0.0
FaceForensics/original/266.mp4,FaceForensics/original/266.mp4,original,0,0.0,0.0,0.0,0.0,0.0,0.0
FaceForensics/Deepfakes/266_252.mp4,FaceForensics/original/266.mp4,deepfakes,1,0.0,0.0,0.0,0.0456,0.0,0.0
FaceForensics/Face2Face/266_252.mp4,FaceForensics/original/266.mp4,face2face,1,0.0,0.0,0.0,0.0,0.0,0.0
FaceForensics/FaceShifter/266_252.mp4,FaceForensics/original/266.mp4,faceshifter,1,0.0,0.0,0.0,0.0,0.0,0.0
FaceForensics/FaceSwap/266_252.mp4,FaceForensics/original/266.mp4,faceswap,1,0.0,0.0,0.0446,0.0,0.0,0.0428
FaceForensics/NeuralTextures/266_252.mp4,FaceForensics/original/266.mp4,neuraltextures,1,0.0,0.0,0.0,0.0,0.0,0.0
FaceForensics/original/267.mp4,FaceForensics/original/267.mp4,original,0,0.0,0.0,0.0,0.0,0.0,0.0
FaceForensics/Deepfakes/267_286.mp4,FaceForensics/original/267.mp4,deepfakes,1,0.0764,0.0,0.0,0.0514,0.0,0.0
FaceForensics/Face2Face/267_286.mp4,FaceForensics/original/267.mp4,face2face,1,0.0,0.0,0.0,0.0,0.0,0.0
FaceForensics/FaceShifter/267_286.mp4,FaceForensics/original/267.mp4,faceshifter,1,0.121,0.0506,0.0,0.0,0.0,0.0
FaceForensics/FaceSwap/267_286.mp4,FaceForensics/original/267.mp4,faceswap,1,0.081,0.0503,0.0438,0.0725,0.0469,0.0531
FaceForensics/NeuralTextures/267_286.mp4,FaceForensics/original/267.mp4,neuraltextures,1,0.0,0.0,0.0,0.0,0.0,0.0
FaceForensics/original/268.mp4,FaceForensics/original/268.mp4,original,0,0.0,0.0,0.0,0.0,0.0,0.0
FaceForensics/Deepfakes/268_269.mp4,FaceForensics/original/268.mp4,deepfakes,1,0.0,0.0,0.0472,0.0,0.0,0.0446
FaceForensics/Face2Face/268_269.mp4,FaceForensics/original/268.mp4,face2face,1,0.0,0.0,0.0,0.0,0.0,0.0
FaceForensics/FaceShifter/268_269.mp4,FaceForensics/original/268.mp4,faceshifter,1,0.1149,0.0532,0.1042,0.0875,0.0409,0.0537
FaceForensics/FaceSwap/268_269.mp4,FaceForensics/original/268.mp4,faceswap,1,0.1287,0.0506,0.0953,0.065,0.0421,0.0493
FaceForensics/NeuralTextures/268_269.mp4,FaceForensics/original/268.mp4,neuraltextures,1,0.0585,0.0526,0.0552,0.0,0.0,0.0
FaceForensics/original/269.mp4,FaceForensics/original/269.mp4,original,0,0.0,0.0,0.0,0.0,0.0,0.0
FaceForensics/Deepfakes/269_268.mp4,FaceForensics/original/269.mp4,deepfakes,1,0.2075,0.1237,0.1345,0.1045,0.0597,0.0978
FaceForensics/Face2Face/269_268.mp4,FaceForensics/original/269.mp4,face2face,1,0.0,0.0,0.0,0.0,0.0,0.0
FaceForensics/FaceShifter/269_268.mp4,FaceForensics/original/269.mp4,faceshifter,1,0.0,0.0,0.0,0.0,0.0,0.0
FaceForensics/FaceSwap/269_268.mp4,FaceForensics/original/269.mp4,faceswap,1,0.0,0.0,0.0,0.0,0.0,0.0
FaceForensics/NeuralTextures/269_268.mp4,FaceForensics/original/269.mp4,neuraltextures,1,0.0,0.0,0.0,0.0,0.0,0.0
FaceForensics/original/270.mp4,FaceForensics/original/270.mp4,original,0,0.0,0.0,0.0,0.0,0.0,0.0
FaceForensics/Deepfakes/270_297.mp4,FaceForensics/original/270.mp4,deepfakes,1,0.0716,0.1148,0.0,0.0554,0.0,0.0
FaceForensics/Face2Face/270_297.mp4,FaceForensics/original/270.mp4,face2face,1,0.0521,0.0631,0.0594,0.0,0.0,0.0
FaceForensics/FaceShifter/270_297.mp4,FaceForensics/original/270.mp4,faceshifter,1,0.0,0.0,0.0,0.0,0.0,0.0
FaceForensics/FaceSwap/270_297.mp4,FaceForensics/original/270.mp4,faceswap,1,0.0,0.0,0.0,0.0,0.0,0.0
FaceForensics/NeuralTextures/270_297.mp4,FaceForensics/original/270.mp4,neuraltextures,1,0.0,0.0,0.0,0.0,0.0,0.0
FaceForensics/original/271.mp4,FaceForensics/original/271.mp4,original,0,0.0,0.0,0.0,0.0,0.0,0.0
FaceForensics/Deepfakes/271_264.mp4,FaceForensics/original/271.mp4,deepfakes,1,0.0938,0.0702,0.0,0.0,0.0,0.0
FaceForensics/Face2Face/271_264.mp4,FaceForensics/original/271.mp4,face2face,1,0.0,0.0,0.0,0.0,0.0,0.0
FaceForensics/FaceShifter/271_264.mp4,FaceForensics/original/271.mp4,faceshifter,1,0.0,0.0,0.0,0.0,0.0,0.0
FaceForensics/FaceSwap/271_264.mp4,FaceForensics/original/271.mp4,faceswap,1,0.0,0.0,0.0,0.0,0.0,0.0
FaceForensics/NeuralTextures/271_264.mp4,FaceForensics/original/271.mp4,neuraltextures,1,0.0,0.0,0.0,0.0,0.0,0.0
FaceForensics/original/272.mp4,FaceForensics/original/272.mp4,original,0,0.0,0.0,0.0,0.0,0.0,0.0
FaceForensics/Deepfakes/272_396.mp4,FaceForensics/original/272.mp4,deepfakes,1,0.0,0.0,0.0,0.0,0.0,0.0
FaceForensics/Face2Face/272_396.mp4,FaceForensics/original/272.mp4,face2face,1,0.0,0.0,0.0,0.0,0.0,0.0
FaceForensics/FaceShifter/272_396.mp4,FaceForensics/original/272.mp4,faceshifter,1,0.0,0.0,0.0,0.0,0.0,0.0
FaceForensics/FaceSwap/272_396.mp4,FaceForensics/original/272.mp4,faceswap,1,0.0,0.0403,0.0,0.0,0.0,0.0
FaceForensics/NeuralTextures/272_396.mp4,FaceForensics/original/272.mp4,neuraltextures,1,0.0,0.0,0.0,0.0,0.0,0.0
FaceForensics/original/273.mp4,FaceForensics/original/273.mp4,original,0,0.0,0.0,0.0,0.0,0.0,0.0
FaceForensics/Deepfakes/273_807.mp4,FaceForensics/original/273.mp4,deepfakes,1,0.0,0.0,0.0,0.0,0.0,0.0
FaceForensics/Face2Face/273_807.mp4,FaceForensics/original/273.mp4,face2face,1,0.0,0.0,0.0,0.0,0.0,0.0
FaceForensics/FaceShifter/273_807.mp4,FaceForensics/original/273.mp4,faceshifter,1,0.0,0.0,0.0,0.0,0.0,0.0
FaceForensics/FaceSwap/273_807.mp4,FaceForensics/original/273.mp4,faceswap,1,0.1154,0.2811,0.0,0.0652,0.0,0.0
FaceForensics/NeuralTextures/273_807.mp4,FaceForensics/original/273.mp4,neuraltextures,1,0.0,0.0405,0.0,0.0,0.0,0.0
FaceForensics/original/274.mp4,FaceForensics/original/274.mp4,original,0,0.0,0.0,0.0,0.0,0.0,0.0
FaceForensics/Deepfakes/274_412.mp4,FaceForensics/original/274.mp4,deepfakes,1,0.139,0.1481,0.0893,0.1854,0.1478,0.1424
FaceForensics/Face2Face/274_412.mp4,FaceForensics/original/274.mp4,face2face,1,0.0762,0.0,0.0,0.0,0.0808,0.0438
FaceForensics/FaceShifter/274_412.mp4,FaceForensics/original/274.mp4,faceshifter,1,0.0,0.0,0.0,0.0,0.0,0.0
FaceForensics/FaceSwap/274_412.mp4,FaceForensics/original/274.mp4,faceswap,1,0.288,0.1757,0.0514,0.1399,0.1117,0.1181
FaceForensics/NeuralTextures/274_412.mp4,FaceForensics/original/274.mp4,neuraltextures,1,0.0456,0.0,0.0,0.0,0.0,0.0
FaceForensics/original/275.mp4,FaceForensics/original/275.mp4,original,0,0.0,0.0,0.0,0.0,0.0,0.0
FaceForensics/Deepfakes/275_887.mp4,FaceForensics/original/275.mp4,deepfakes,1,0.1109,0.0484,0.0,0.0439,0.0,0.0
FaceForensics/Face2Face/275_887.mp4,FaceForensics/original/275.mp4,face2face,1,0.2193,0.0728,0.0,0.0,0.0,0.0573
FaceForensics/FaceShifter/275_887.mp4,FaceForensics/original/275.mp4,faceshifter,1,0.0509,0.0785,0.0726,0.0697,0.0553,0.0589
FaceForensics/FaceSwap/275_887.mp4,FaceForensics/original/275.mp4,faceswap,1,0.1409,0.0613,0.0,0.0,0.0,0.0
FaceForensics/NeuralTextures/275_887.mp4,FaceForensics/original/275.mp4,neuraltextures,1,0.0,0.0,0.0,0.0,0.0,0.0
FaceForensics/original/276.mp4,FaceForensics/original/276.mp4,original,0,0.0,0.0,0.0,0.0,0.0,0.0
FaceForensics/Deepfakes/276_185.mp4,FaceForensics/original/276.mp4,deepfakes,1,0.0,0.0,0.0,0.0,0.0,0.0
FaceForensics/Face2Face/276_185.mp4,FaceForensics/original/276.mp4,face2face,1,0.0,0.0,0.0,0.0,0.0,0.0
FaceForensics/FaceShifter/276_185.mp4,FaceForensics/original/276.mp4,faceshifter,1,0.0,0.0,0.0,0.0,0.0,0.0
FaceForensics/FaceSwap/276_185.mp4,FaceForensics/original/276.mp4,faceswap,1,0.0,0.0,0.2268,0.1629,0.2576,0.1121
FaceForensics/NeuralTextures/276_185.mp4,FaceForensics/original/276.mp4,neuraltextures,1,0.0,0.0,0.0,0.0,0.0,0.0
FaceForensics/original/277.mp4,FaceForensics/original/277.mp4,original,0,0.0,0.0,0.0,0.0,0.0,0.0
FaceForensics/Deepfakes/277_335.mp4,FaceForensics/original/277.mp4,deepfakes,1,0.0,0.0,0.0,0.0,0.0,0.0
FaceForensics/Face2Face/277_335.mp4,FaceForensics/original/277.mp4,face2face,1,0.0525,0.0,0.0,0.0447,0.0,0.0
FaceForensics/FaceShifter/277_335.mp4,FaceForensics/original/277.mp4,faceshifter,1,0.0424,0.1095,0.0,0.0,0.041,0.0
FaceForensics/FaceSwap/277_335.mp4,FaceForensics/original/277.mp4,faceswap,1,0.0,0.1101,0.0,0.0,0.0,0.0
FaceForensics/NeuralTextures/277_335.mp4,FaceForensics/original/277.mp4,neuraltextures,1,0.0507,0.0,0.0,0.0,0.0,0.0
FaceForensics/original/278.mp4,FaceForensics/original/278.mp4,original,0,0.0,0.0,0.0489,0.0,0.0,0.0
FaceForensics/Deepfakes/278_306.mp4,FaceForensics/original/278.mp4,deepfakes,1,0.0778,0.082,0.0,0.0687,0.0448,0.0
FaceForensics/Face2Face/278_306.mp4,FaceForensics/original/278.mp4,face2face,1,0.0583,0.0511,0.0733,0.0493,0.0,0.0
FaceForensics/FaceShifter/278_306.mp4,FaceForensics/original/278.mp4,faceshifter,1,0.0,0.0,0.0,0.0,0.0,0.0
FaceForensics/FaceSwap/278_306.mp4,FaceForensics/original/278.mp4,faceswap,1,0.1642,0.1653,0.0529,0.0787,0.0,0.0438
FaceForensics/NeuralTextures/278_306.mp4,FaceForensics/original/278.mp4,neuraltextures,1,0.0,0.0,0.0,0.0,0.0,0.0
FaceForensics/original/279.mp4,FaceForensics/original/279.mp4,original,0,0.0,0.0,0.0,0.0,0.0,0.0
FaceForensics/Deepfakes/279_298.mp4,FaceForensics/original/279.mp4,deepfakes,1,0.0,0.0,0.0508,0.0,0.0,0.0
FaceForensics/Face2Face/279_298.mp4,FaceForensics/original/279.mp4,face2face,1,0.0,0.0,0.0,0.0,0.0,0.0
FaceForensics/FaceShifter/279_298.mp4,FaceForensics/original/279.mp4,faceshifter,1,0.0,0.0,0.0,0.0,0.0,0.0
FaceForensics/FaceSwap/279_298.mp4,FaceForensics/original/279.mp4,faceswap,1,0.0,0.042,0.0626,0.0,0.0,0.0
FaceForensics/NeuralTextures/279_298.mp4,FaceForensics/original/279.mp4,neuraltextures,1,0.0,0.0,0.0,0.0,0.0,0.0
FaceForensics/original/280.mp4,FaceForensics/original/280.mp4,original,0,0.0,0.0,0.0,0.0,0.0,0.0
FaceForensics/Deepfakes/280_249.mp4,FaceForensics/original/280.mp4,deepfakes,1,0.1655,0.0949,0.0623,0.045,0.0,0.0474
FaceForensics/Face2Face/280_249.mp4,FaceForensics/original/280.mp4,face2face,1,0.1441,0.0,0.0,0.0,0.0,0.0446
FaceForensics/FaceShifter/280_249.mp4,FaceForensics/original/280.mp4,faceshifter,1,0.0417,0.0,0.0569,0.0,0.0,0.0
FaceForensics/FaceSwap/280_249.mp4,FaceForensics/original/280.mp4,faceswap,1,0.1248,0.0558,0.0828,0.0493,0.0414,0.0
FaceForensics/NeuralTextures/280_249.mp4,FaceForensics/original/280.mp4,neuraltextures,1,0.0,0.0,0.0429,0.0,0.0,0.0
FaceForensics/original/281.mp4,FaceForensics/original/281.mp4,original,0,0.0,0.0,0.0,0.0,0.0,0.0
FaceForensics/Deepfakes/281_474.mp4,FaceForensics/original/281.mp4,deepfakes,1,0.0756,0.0513,0.0,0.0627,0.0,0.0
FaceForensics/Face2Face/281_474.mp4,FaceForensics/original/281.mp4,face2face,1,0.0,0.0,0.0,0.0,0.0,0.0
FaceForensics/FaceShifter/281_474.mp4,FaceForensics/original/281.mp4,faceshifter,1,0.0,0.0,0.0,0.0,0.0,0.0
FaceForensics/FaceSwap/281_474.mp4,FaceForensics/original/281.mp4,faceswap,1,0.0,0.0,0.0,0.0,0.0,0.0
FaceForensics/NeuralTextures/281_474.mp4,FaceForensics/original/281.mp4,neuraltextures,1,0.0,0.0,0.0,0.0,0.0,0.0
FaceForensics/original/282.mp4,FaceForensics/original/282.mp4,original,0,0.0,0.0,0.0,0.0,0.0,0.0
FaceForensics/Deepfakes/282_238.mp4,FaceForensics/original/282.mp4,deepfakes,1,0.0,0.0,0.0,0.0,0.0,0.0
FaceForensics/Face2Face/282_238.mp4,FaceForensics/original/282.mp4,face2face,1,0.0,0.0,0.0,0.0,0.0,0.0
FaceForensics/FaceShifter/282_238.mp4,FaceForensics/original/282.mp4,faceshifter,1,0.052,0.0,0.0418,0.0402,0.0,0.0
FaceForensics/FaceSwap/282_238.mp4,FaceForensics/original/282.mp4,faceswap,1,0.1256,0.07,0.0,0.0685,0.0486,0.0828
FaceForensics/NeuralTextures/282_238.mp4,FaceForensics/original/282.mp4,neuraltextures,1,0.0,0.0,0.0843,0.0,0.0,0.0
FaceForensics/original/283.mp4,FaceForensics/original/283.mp4,original,0,0.0,0.0,0.0,0.0,0.0,0.0
FaceForensics/Deepfakes/283_313.mp4,FaceForensics/original/283.mp4,deepfakes,1,0.0607,0.0,0.1269,0.0,0.0,0.0
FaceForensics/Face2Face/283_313.mp4,FaceForensics/original/283.mp4,face2face,1,0.0,0.0,0.0617,0.0,0.0,0.0
FaceForensics/FaceShifter/283_313.mp4,FaceForensics/original/283.mp4,faceshifter,1,0.0,0.0682,0.0959,0.0528,0.0,0.043
FaceForensics/FaceSwap/283_313.mp4,FaceForensics/original/283.mp4,faceswap,1,0.1104,0.1004,0.0582,0.091,0.0,0.0
FaceForensics/NeuralTextures/283_313.mp4,FaceForensics/original/283.mp4,neuraltextures,1,0.0,0.0,0.0734,0.0,0.0,0.0
FaceForensics/original/284.mp4,FaceForensics/original/284.mp4,original,0,0.0,0.0,0.0,0.0,0.0,0.0
FaceForensics/Deepfakes/284_263.mp4,FaceForensics/original/284.mp4,deepfakes,1,0.0,0.0,0.0,0.0,0.0,0.0
FaceForensics/Face2Face/284_263.mp4,FaceForensics/original/284.mp4,face2face,1,0.1781,0.2192,0.3042,0.2118,0.2075,0.2141
FaceForensics/FaceShifter/284_263.mp4,FaceForensics/original/284.mp4,faceshifter,1,0.0,0.0,0.0,0.0,0.0,0.0
FaceForensics/FaceSwap/284_263.mp4,FaceForensics/original/284.mp4,faceswap,1,0.0593,0.0524,0.0,0.0,0.0,0.0
FaceForensics/NeuralTextures/284_263.mp4,FaceForensics/original/284.mp4,neuraltextures,1,0.0612,0.0,0.0,0.0,0.0,0.0
FaceForensics/original/285.mp4,FaceForensics/original/285.mp4,original,0,0.0,0.0,0.0,0.0,0.0,0.0
FaceForensics/Deepfakes/285_136.mp4,FaceForensics/original/285.mp4,deepfakes,1,0.1327,0.097,0.1364,0.1218,0.0,0.0892
FaceForensics/Face2Face/285_136.mp4,FaceForensics/original/285.mp4,face2face,1,0.0,0.0,0.0,0.0,0.0,0.0
FaceForensics/FaceShifter/285_136.mp4,FaceForensics/original/285.mp4,faceshifter,1,0.0881,0.0,0.0644,0.0,0.0,0.0458
FaceForensics/FaceSwap/285_136.mp4,FaceForensics/original/285.mp4,faceswap,1,0.2037,0.1242,0.1339,0.1512,0.0763,0.1145
FaceForensics/NeuralTextures/285_136.mp4,FaceForensics/original/285.mp4,neuraltextures,1,0.0,0.0,0.0,0.0,0.0,0.0
FaceForensics/original/286.mp4,FaceForensics/original/286.mp4,original,0,0.0,0.0,0.0,0.0,0.0,0.0
FaceForensics/Deepfakes/286_267.mp4,FaceForensics/original/286.mp4,deepfakes,1,0.0,0.0,0.0,0.0,0.0,0.0
FaceForensics/Face2Face/286_267.mp4,FaceForensics/original/286.mp4,face2face,1,0.0,0.0,0.0,0.0,0.0,0.0
FaceForensics/FaceShifter/286_267.mp4,FaceForensics/original/286.mp4,faceshifter,1,0.0,0.0,0.0,0.0,0.0,0.0
FaceForensics/FaceSwap/286_267.mp4,FaceForensics/original/286.mp4,faceswap,1,0.103,0.1738,0.0,0.1407,0.0,0.0
FaceForensics/NeuralTextures/286_267.mp4,FaceForensics/original/286.mp4,neuraltextures,1,0.0,0.0492,0.0,0.0,0.0508,0.0
FaceForensics/original/287.mp4,FaceForensics/original/287.mp4,original,0,0.0,0.0,0.0,0.0,0.0,0.0
FaceForensics/Deepfakes/287_426.mp4,FaceForensics/original/287.mp4,deepfakes,1,0.0,0.0,0.0,0.0,0.0,0.0
FaceForensics/Face2Face/287_426.mp4,FaceForensics/original/287.mp4,face2face,1,0.0,0.0,0.0,0.0552,0.0,0.0
FaceForensics/FaceShifter/287_426.mp4,FaceForensics/original/287.mp4,faceshifter,1,0.0,0.0,0.0,0.0,0.0,0.0
FaceForensics/FaceSwap/287_426.mp4,FaceForensics/original/287.mp4,faceswap,1,0.0948,0.0902,0.0,0.0,0.0,0.0
FaceForensics/NeuralTextures/287_426.mp4,FaceForensics/original/287.mp4,neuraltextures,1,0.0,0.0419,0.0,0.0,0.0,0.0
FaceForensics/original/288.mp4,FaceForensics/original/288.mp4,original,0,0.0,0.0,0.0,0.0,0.0,0.0
FaceForensics/Deepfakes/288_321.mp4,FaceForensics/original/288.mp4,deepfakes,1,0.3372,0.1253,0.1034,0.0973,0.1182,0.0513
FaceForensics/Face2Face/288_321.mp4,FaceForensics/original/288.mp4,face2face,1,0.0,0.0,0.0732,0.0,0.0542,0.0511
FaceForensics/FaceShifter/288_321.mp4,FaceForensics/original/288.mp4,faceshifter,1,0.0662,0.0,0.0942,0.0,0.0463,0.0
FaceForensics/FaceSwap/288_321.mp4,FaceForensics/original/288.mp4,faceswap,1,0.1206,0.1073,0.118,0.052,0.1173,0.1216
FaceForensics/NeuralTextures/288_321.mp4,FaceForensics/original/288.mp4,neuraltextures,1,0.0,0.0,0.0,0.0,0.0,0.0
FaceForensics/original/289.mp4,FaceForensics/original/289.mp4,original,0,0.0,0.0,0.0435,0.0,0.0,0.0
FaceForensics/Deepfakes/289_228.mp4,FaceForensics/original/289.mp4,deepfakes,1,0.0,0.0,0.0,0.0,0.0,0.0
FaceForensics/Face2Face/289_228.mp4,FaceForensics/original/289.mp4,face2face,1,0.0,0.0,0.0,0.0,0.0,0.0
FaceForensics/FaceShifter/289_228.mp4,FaceForensics/original/289.mp4,faceshifter,1,0.0,0.0,0.0,0.0,0.0,0.0573
FaceForensics/FaceSwap/289_228.mp4,FaceForensics/original/289.mp4,faceswap,1,0.0,0.0,0.0,0.0,0.0,0.0
FaceForensics/NeuralTextures/289_228.mp4,FaceForensics/original/289.mp4,neuraltextures,1,0.0,0.0,0.0,0.0,0.0,0.0
FaceForensics/original/290.mp4,FaceForensics/original/290.mp4,original,0,0.0,0.0,0.0,0.0,0.0,0.0
FaceForensics/Deepfakes/290_240.mp4,FaceForensics/original/290.mp4,deepfakes,1,0.0545,0.0732,0.0,0.0,0.0451,0.0556
FaceForensics/Face2Face/290_240.mp4,FaceForensics/original/290.mp4,face2face,1,0.0,0.0,0.0459,0.0401,0.0,0.0
FaceForensics/FaceShifter/290_240.mp4,FaceForensics/original/290.mp4,faceshifter,1,0.0,0.0,0.0,0.0,0.0,0.0
FaceForensics/FaceSwap/290_240.mp4,FaceForensics/original/290.mp4,faceswap,1,0.0537,0.0594,0.0,0.0,0.0,0.0
FaceForensics/NeuralTextures/290_240.mp4,FaceForensics/original/290.mp4,neuraltextures,1,0.0519,0.0,0.0,0.0,0.0,0.0
FaceForensics/original/291.mp4,FaceForensics/original/291.mp4,original,0,0.0,0.0,0.0,0.0,0.0,0.0
FaceForensics/Deepfakes/291_874.mp4,FaceForensics/original/291.mp4,deepfakes,1,0.0,0.0,0.0,0.0,0.0,0.0
FaceForensics/Face2Face/291_874.mp4,FaceForensics/original/291.mp4,face2face,1,0.0848,0.0,0.0,0.0,0.0,0.0
FaceForensics/FaceShifter/291_874.mp4,FaceForensics/original/291.mp4,faceshifter,1,0.0,0.0,0.0,0.0,0.0,0.0
FaceForensics/FaceSwap/291_874.mp4,FaceForensics/original/291.mp4,faceswap,1,0.0,0.0,0.0,0.0,0.0,0.0
FaceForensics/NeuralTextures/291_874.mp4,FaceForensics/original/291.mp4,neuraltextures,1,0.0,0.0,0.0,0.0,0.0,0.0
FaceForensics/original/292.mp4,FaceForensics/original/292.mp4,original,0,0.0,0.0,0.0,0.0,0.0,0.0
FaceForensics/Deepfakes/292_294.mp4,FaceForensics/original/292.mp4,deepfakes,1,0.0706,0.0,0.0,0.0,0.0,0.0
FaceForensics/Face2Face/292_294.mp4,FaceForensics/original/292.mp4,face2face,1,0.1079,0.0431,0.0673,0.0,0.0,0.0
FaceForensics/FaceShifter/292_294.mp4,FaceForensics/original/292.mp4,faceshifter,1,0.0,0.0,0.0,0.0,0.0,0.0
FaceForensics/FaceSwap/292_294.mp4,FaceForensics/original/292.mp4,faceswap,1,0.0,0.0,0.0,0.0,0.0,0.0
FaceForensics/NeuralTextures/292_294.mp4,FaceForensics/original/292.mp4,neuraltextures,1,0.0924,0.0,0.0,0.0,0.0,0.0
FaceForensics/original/293.mp4,FaceForensics/original/293.mp4,original,0,0.0,0.0,0.0,0.0,0.0,0.0
FaceForensics/Deepfakes/293_296.mp4,FaceForensics/original/293.mp4,deepfakes,1,0.0,0.0753,0.0655,0.0547,0.0423,0.069
FaceForensics/Face2Face/293_296.mp4,FaceForensics/original/293.mp4,face2face,1,0.0,0.0,0.0,0.0,0.0523,0.0
FaceForensics/FaceShifter/293_296.mp4,FaceForensics/original/293.mp4,faceshifter,1,0.2464,0.0831,0.0,0.0483,0.0678,0.0536
FaceForensics/FaceSwap/293_296.mp4,FaceForensics/original/293.mp4,faceswap,1,0.1147,0.1373,0.0,0.0,0.0839,0.0449
FaceForensics/NeuralTextures/293_296.mp4,FaceForensics/original/293.mp4,neuraltextures,1,0.0,0.0,0.0,0.0433,0.0,0.0
FaceForensics/original/294.mp4,FaceForensics/original/294.mp4,original,0,0.0,0.0,0.0,0.0,0.0,0.0
FaceForensics/Deepfakes/294_292.mp4,FaceForensics/original/294.mp4,deepfakes,1,0.0,0.0,0.0,0.0,0.0,0.0
FaceForensics/Face2Face/294_292.mp4,FaceForensics/original/294.mp4,face2face,1,0.0602,0.0,0.0,0.0,0.0,0.0
FaceForensics/FaceShifter/294_292.mp4,FaceForensics/original/294.mp4,faceshifter,1,0.0,0.0,0.0,0.0,0.0,0.0
FaceForensics/FaceSwap/294_292.mp4,FaceForensics/original/294.mp4,faceswap,1,0.0868,0.0,0.0486,0.0431,0.0,0.0
FaceForensics/NeuralTextures/294_292.mp4,FaceForensics/original/294.mp4,neuraltextures,1,0.0,0.0,0.0,0.0,0.0,0.0
FaceForensics/original/295.mp4,FaceForensics/original/295.mp4,original,0,0.0,0.0,0.0,0.0,0.0,0.0
FaceForensics/Deepfakes/295_099.mp4,FaceForensics/original/295.mp4,deepfakes,1,0.1856,0.0453,0.0,0.0,0.0,0.0
FaceForensics/Face2Face/295_099.mp4,FaceForensics/original/295.mp4,face2face,1,0.0,0.0,0.0,0.0,0.0,0.0
FaceForensics/FaceShifter/295_099.mp4,FaceForensics/original/295.mp4,faceshifter,1,0.1064,0.0,0.0,0.0,0.0,0.0
FaceForensics/FaceSwap/295_099.mp4,FaceForensics/original/295.mp4,faceswap,1,0.0911,0.0849,0.0,0.0,0.0,0.0
FaceForensics/NeuralTextures/295_099.mp4,FaceForensics/original/295.mp4,neuraltextures,1,0.063,0.0,0.0,0.0,0.0,0.0
FaceForensics/original/296.mp4,FaceForensics/original/296.mp4,original,0,0.0,0.0,0.0,0.0,0.0,0.0
FaceForensics/Deepfakes/296_293.mp4,FaceForensics/original/296.mp4,deepfakes,1,0.0639,0.0648,0.0,0.0626,0.058,0.0
FaceForensics/Face2Face/296_293.mp4,FaceForensics/original/296.mp4,face2face,1,0.0887,0.0,0.0,0.0,0.0,0.0
FaceForensics/FaceShifter/296_293.mp4,FaceForensics/original/296.mp4,faceshifter,1,0.0,0.0,0.0,0.0,0.0,0.0
FaceForensics/FaceSwap/296_293.mp4,FaceForensics/original/296.mp4,faceswap,1,0.0,0.0,0.0,0.0,0.0,0.0
FaceForensics/NeuralTextures/296_293.mp4,FaceForensics/original/296.mp4,neuraltextures,1,0.1592,0.0,0.0,0.0,0.0,0.0
FaceForensics/original/297.mp4,FaceForensics/original/297.mp4,original,0,0.0,0.0,0.0,0.0,0.0,0.0
FaceForensics/Deepfakes/297_270.mp4,FaceForensics/original/297.mp4,deepfakes,1,0.3261,0.3281,0.2123,0.2092,0.1398,0.1517
FaceForensics/Face2Face/297_270.mp4,FaceForensics/original/297.mp4,face2face,1,0.0,0.0,0.0,0.0,0.0,0.0
FaceForensics/FaceShifter/297_270.mp4,FaceForensics/original/297.mp4,faceshifter,1,0.2524,0.138,0.1682,0.1573,0.109,0.113
FaceForensics/FaceSwap/297_270.mp4,FaceForensics/original/297.mp4,faceswap,1,0.2829,0.213,0.1642,0.0738,0.1041,0.0451
FaceForensics/NeuralTextures/297_270.mp4,FaceForensics/original/297.mp4,neuraltextures,1,0.0,0.0,0.0,0.0,0.0,0.0
FaceForensics/original/298.mp4,FaceForensics/original/298.mp4,original,0,0.0,0.0,0.0,0.0,0.0,0.0
FaceForensics/Deepfakes/298_279.mp4,FaceForensics/original/298.mp4,deepfakes,1,0.1501,0.2221,0.0,0.0,0.0814,0.0
FaceForensics/Face2Face/298_279.mp4,FaceForensics/original/298.mp4,face2face,1,0.0,0.0,0.0,0.0,0.0,0.0
FaceForensics/FaceShifter/298_279.mp4,FaceForensics/original/298.mp4,faceshifter,1,0.0515,0.0414,0.0475,0.0497,0.0,0.0
FaceForensics/FaceSwap/298_279.mp4,FaceForensics/original/298.mp4,faceswap,1,0.1525,0.2571,0.0,0.0,0.0857,0.0449
FaceForensics/NeuralTextures/298_279.mp4,FaceForensics/original/298.mp4,neuraltextures,1,0.0,0.0,0.0,0.0,0.0,0.0
FaceForensics/original/299.mp4,FaceForensics/original/299.mp4,original,0,0.0,0.0,0.0,0.0,0.0,0.0
FaceForensics/Deepfakes/299_145.mp4,FaceForensics/original/299.mp4,deepfakes,1,0.1236,0.0657,0.0,0.0,0.0437,0.0
FaceForensics/Face2Face/299_145.mp4,FaceForensics/original/299.mp4,face2face,1,0.0,0.0,0.0,0.0499,0.0,0.0
FaceForensics/FaceShifter/299_145.mp4,FaceForensics/original/299.mp4,faceshifter,1,0.1142,0.0,0.0,0.0501,0.0,0.0
FaceForensics/FaceSwap/299_145.mp4,FaceForensics/original/299.mp4,faceswap,1,0.0463,0.0,0.0431,0.0497,0.0,0.0
FaceForensics/NeuralTextures/299_145.mp4,FaceForensics/original/299.mp4,neuraltextures,1,0.0,0.0,0.0,0.0,0.0,0.0
FaceForensics/original/300.mp4,FaceForensics/original/300.mp4,original,0,0.0,0.0,0.0,0.0,0.0,0.0
FaceForensics/Deepfakes/300_304.mp4,FaceForensics/original/300.mp4,deepfakes,1,0.0581,0.0,0.0,0.0481,0.0,0.0
FaceForensics/Face2Face/300_304.mp4,FaceForensics/original/300.mp4,face2face,1,0.0,0.0,0.0,0.0,0.0,0.0
FaceForensics/FaceShifter/300_304.mp4,FaceForensics/original/300.mp4,faceshifter,1,0.0,0.0,0.0,0.0,0.0,0.0
FaceForensics/FaceSwap/300_304.mp4,FaceForensics/original/300.mp4,faceswap,1,0.0,0.0,0.0,0.0,0.0,0.0
FaceForensics/NeuralTextures/300_304.mp4,FaceForensics/original/300.mp4,neuraltextures,1,0.0,0.0462,0.0,0.0428,0.0,0.0716
FaceForensics/original/301.mp4,FaceForensics/original/301.mp4,original,0,0.0,0.0,0.0,0.0,0.0,0.0
FaceForensics/Deepfakes/301_262.mp4,FaceForensics/original/301.mp4,deepfakes,1,0.083,0.0553,0.0,0.0445,0.0,0.0
FaceForensics/Face2Face/301_262.mp4,FaceForensics/original/301.mp4,face2face,1,0.0439,0.0,0.0807,0.0469,0.0,0.0
FaceForensics/FaceShifter/301_262.mp4,FaceForensics/original/301.mp4,faceshifter,1,0.0,0.0,0.0,0.0,0.0,0.0
FaceForensics/FaceSwap/301_262.mp4,FaceForensics/original/301.mp4,faceswap,1,0.0971,0.0846,0.0584,0.0495,0.0426,0.0
FaceForensics/NeuralTextures/301_262.mp4,FaceForensics/original/301.mp4,neuraltextures,1,0.0,0.0,0.0,0.0,0.0,0.0
FaceForensics/original/302.mp4,FaceForensics/original/302.mp4,original,0,0.0,0.0,0.0,0.0,0.0,0.0
FaceForensics/Deepfakes/302_323.mp4,FaceForensics/original/302.mp4,deepfakes,1,0.0,0.0,0.0,0.0,0.0,0.0
FaceForensics/Face2Face/302_323.mp4,FaceForensics/original/302.mp4,face2face,1,0.0497,0.0,0.0603,0.044,0.0,0.0
FaceForensics/FaceShifter/302_323.mp4,FaceForensics/original/302.mp4,faceshifter,1,0.0906,0.0852,0.0818,0.0851,0.0617,0.0507
FaceForensics/FaceSwap/302_323.mp4,FaceForensics/original/302.mp4,faceswap,1,0.0,0.0,0.0835,0.0523,0.0,0.0592
FaceForensics/NeuralTextures/302_323.mp4,FaceForensics/original/302.mp4,neuraltextures,1,0.0,0.0,0.0,0.0,0.0,0.0
FaceForensics/original/303.mp4,FaceForensics/original/303.mp4,original,0,0.0,0.0,0.0,0.0,0.0,0.0
FaceForensics/Deepfakes/303_309.mp4,FaceForensics/original/303.mp4,deepfakes,1,0.0,0.0558,0.0,0.0,0.0,0.0
FaceForensics/Face2Face/303_309.mp4,FaceForensics/original/303.mp4,face2face,1,0.0,0.0,0.0,0.0,0.0,0.0
FaceForensics/FaceShifter/303_309.mp4,FaceForensics/original/303.mp4,faceshifter,1,0.061,0.0,0.0567,0.0,0.0,0.0
FaceForensics/FaceSwap/303_309.mp4,FaceForensics/original/303.mp4,faceswap,1,0.0,0.0,0.0,0.0,0.0,0.0
FaceForensics/NeuralTextures/303_309.mp4,FaceForensics/original/303.mp4,neuraltextures,1,0.0,0.0,0.0,0.0,0.0,0.0
FaceForensics/original/304.mp4,FaceForensics/original/304.mp4,original,0,0.0,0.0,0.0,0.0,0.0,0.0
FaceForensics/Deepfakes/304_300.mp4,FaceForensics/original/304.mp4,deepfakes,1,0.0,0.0,0.0,0.0,0.0,0.0
FaceForensics/Face2Face/304_300.mp4,FaceForensics/original/304.mp4,face2face,1,0.0,0.0,0.0,0.0,0.0637,0.0
FaceForensics/FaceShifter/304_300.mp4,FaceForensics/original/304.mp4,faceshifter,1,0.0,0.0,0.0534,0.0,0.0,0.0
FaceForensics/FaceSwap/304_300.mp4,FaceForensics/original/304.mp4,faceswap,1,0.0,0.0,0.0,0.0,0.0,0.0
FaceForensics/NeuralTextures/304_300.mp4,FaceForensics/original/304.mp4,neuraltextures,1,0.0,0.0,0.0,0.0,0.0,0.0
FaceForensics/original/305.mp4,FaceForensics/original/305.mp4,original,0,0.0,0.0,0.0,0.0,0.0,0.0
FaceForensics/Deepfakes/305_513.mp4,FaceForensics/original/305.mp4,deepfakes,1,0.0497,0.0681,0.1499,0.0437,0.0419,0.0
FaceForensics/Face2Face/305_513.mp4,FaceForensics/original/305.mp4,face2face,1,0.0,0.0,0.0,0.0,0.0,0.0
FaceForensics/FaceShifter/305_513.mp4,FaceForensics/original/305.mp4,faceshifter,1,0.0,0.0,0.0509,0.0,0.0,0.0
FaceForensics/FaceSwap/305_513.mp4,FaceForensics/original/305.mp4,faceswap,1,0.0498,0.0,0.0,0.0424,0.0,0.04
FaceForensics/NeuralTextures/305_513.mp4,FaceForensics/original/305.mp4,neuraltextures,1,0.0,0.0,0.0,0.0,0.0,0.0
FaceForensics/original/306.mp4,FaceForensics/original/306.mp4,original,0,0.0,0.0,0.0,0.0,0.0,0.0
FaceForensics/Deepfakes/306_278.mp4,FaceForensics/original/306.mp4,deepfakes,1,0.1279,0.0491,0.0,0.0531,0.0,0.0
FaceForensics/Face2Face/306_278.mp4,FaceForensics/original/306.mp4,face2face,1,0.0,0.0436,0.0,0.0569,0.0,0.0
FaceForensics/FaceShifter/306_278.mp4,FaceForensics/original/306.mp4,faceshifter,1,0.0602,0.0453,0.096,0.0801,0.0,0.0
FaceForensics/FaceSwap/306_278.mp4,FaceForensics/original/306.mp4,faceswap,1,0.1148,0.0501,0.0527,0.0569,0.0,0.0
FaceForensics/NeuralTextures/306_278.mp4,FaceForensics/original/306.mp4,neuraltextures,1,0.0837,0.0493,0.042,0.0446,0.0,0.0
FaceForensics/original/307.mp4,FaceForensics/original/307.mp4,original,0,0.0,0.0,0.0,0.0,0.0,0.0
FaceForensics/Deepfakes/307_365.mp4,FaceForensics/original/307.mp4,deepfakes,1,0.1596,0.0,0.0,0.0,0.0,0.0
FaceForensics/Face2Face/307_365.mp4,FaceForensics/original/307.mp4,face2face,1,0.0451,0.0,0.0,0.0,0.0,0.0
FaceForensics/FaceShifter/307_365.mp4,FaceForensics/original/307.mp4,faceshifter,1,0.0,0.0,0.0,0.0,0.0,0.0
FaceForensics/FaceSwap/307_365.mp4,FaceForensics/original/307.mp4,faceswap,1,0.0,0.0,0.0,0.0,0.0,0.0
FaceForensics/NeuralTextures/307_365.mp4,FaceForensics/original/307.mp4,neuraltextures,1,0.0,0.0,0.0,0.0,0.0,0.0
FaceForensics/original/308.mp4,FaceForensics/original/308.mp4,original,0,0.0,0.0,0.0,0.0,0.0,0.0
FaceForensics/Deepfakes/308_388.mp4,FaceForensics/original/308.mp4,deepfakes,1,0.0,0.0731,0.0,0.0448,0.0551,0.0
FaceForensics/Face2Face/308_388.mp4,FaceForensics/original/308.mp4,face2face,1,0.0,0.0,0.0,0.0,0.0,0.0
FaceForensics/FaceShifter/308_388.mp4,FaceForensics/original/308.mp4,faceshifter,1,0.0,0.0,0.0,0.0,0.0,0.0
FaceForensics/FaceSwap/308_388.mp4,FaceForensics/original/308.mp4,faceswap,1,0.0,0.0,0.0,0.0,0.0,0.0
FaceForensics/NeuralTextures/308_388.mp4,FaceForensics/original/308.mp4,neuraltextures,1,0.0,0.0,0.0,0.0,0.0,0.0
FaceForensics/original/309.mp4,FaceForensics/original/309.mp4,original,0,0.0,0.0408,0.0,0.0,0.0,0.0
FaceForensics/Deepfakes/309_303.mp4,FaceForensics/original/309.mp4,deepfakes,1,0.0,0.0,0.0518,0.0427,0.0,0.0
FaceForensics/Face2Face/309_303.mp4,FaceForensics/original/309.mp4,face2face,1,0.0637,0.0525,0.0982,0.0795,0.0756,0.0762
FaceForensics/FaceShifter/309_303.mp4,FaceForensics/original/309.mp4,faceshifter,1,0.0614,0.0,0.0,0.0,0.0,0.0
FaceForensics/FaceSwap/309_303.mp4,FaceForensics/original/309.mp4,faceswap,1,0.1468,0.0,0.0404,0.0,0.0,0.0
FaceForensics/NeuralTextures/309_303.mp4,FaceForensics/original/309.mp4,neuraltextures,1,0.1044,0.1066,0.1106,0.1182,0.0977,0.144
FaceForensics/original/310.mp4,FaceForensics/original/310.mp4,original,0,0.0,0.0,0.0,0.0,0.0,0.0
FaceForensics/Deepfakes/310_196.mp4,FaceForensics/original/310.mp4,deepfakes,1,0.0,0.1175,0.0,0.0,0.0545,0.0
FaceForensics/Face2Face/310_196.mp4,FaceForensics/original/310.mp4,face2face,1,0.0,0.0,0.0,0.0,0.0,0.0
FaceForensics/FaceShifter/310_196.mp4,FaceForensics/original/310.mp4,faceshifter,1,0.0,0.0,0.0,0.0,0.0464,0.0
FaceForensics/FaceSwap/310_196.mp4,FaceForensics/original/310.mp4,faceswap,1,0.0,0.0,0.0,0.0,0.0,0.0
FaceForensics/NeuralTextures/310_196.mp4,FaceForensics/original/310.mp4,neuraltextures,1,0.0,0.0,0.0,0.0,0.0,0.0
FaceForensics/original/311.mp4,FaceForensics/original/311.mp4,original,0,0.0,0.0,0.0,0.0,0.0,0.0
FaceForensics/Deepfakes/311_387.mp4,FaceForensics/original/311.mp4,deepfakes,1,0.0,0.0,0.0,0.0,0.0,0.0
FaceForensics/Face2Face/311_387.mp4,FaceForensics/original/311.mp4,face2face,1,0.0,0.0,0.0,0.0,0.0,0.0
FaceForensics/FaceShifter/311_387.mp4,FaceForensics/original/311.mp4,faceshifter,1,0.0,0.0,0.0,0.0,0.0,0.0
FaceForensics/FaceSwap/311_387.mp4,FaceForensics/original/311.mp4,faceswap,1,0.0,0.0,0.0,0.0,0.0,0.0
FaceForensics/NeuralTextures/311_387.mp4,FaceForensics/original/311.mp4,neuraltextures,1,0.0,0.0,0.0,0.0,0.0,0.0
FaceForensics/original/312.mp4,FaceForensics/original/312.mp4,original,0,0.0,0.0,0.0,0.0,0.0,0.0
FaceForensics/Deepfakes/312_021.mp4,FaceForensics/original/312.mp4,deepfakes,1,0.2756,0.1544,0.2259,0.1588,0.0518,0.1016
FaceForensics/Face2Face/312_021.mp4,FaceForensics/original/312.mp4,face2face,1,0.0,0.0,0.0,0.0,0.0,0.0
FaceForensics/FaceShifter/312_021.mp4,FaceForensics/original/312.mp4,faceshifter,1,0.1259,0.0609,0.0838,0.0978,0.0,0.0
FaceForensics/FaceSwap/312_021.mp4,FaceForensics/original/312.mp4,faceswap,1,0.0489,0.0,0.069,0.0,0.0,0.0
FaceForensics/NeuralTextures/312_021.mp4,FaceForensics/original/312.mp4,neuraltextures,1,0.0,0.0,0.0,0.0,0.0,0.0
FaceForensics/original/313.mp4,FaceForensics/original/313.mp4,original,0,0.0,0.0,0.0,0.0,0.0,0.0
FaceForensics/Deepfakes/313_283.mp4,FaceForensics/original/313.mp4,deepfakes,1,0.0,0.0,0.0,0.0,0.0,0.0
FaceForensics/Face2Face/313_283.mp4,FaceForensics/original/313.mp4,face2face,1,0.0,0.0,0.0,0.0,0.0,0.0
FaceForensics/FaceShifter/313_283.mp4,FaceForensics/original/313.mp4,faceshifter,1,0.0,0.0,0.0,0.0,0.0,0.0
FaceForensics/FaceSwap/313_283.mp4,FaceForensics/original/313.mp4,faceswap,1,0.0,0.0,0.0472,0.0,0.0,0.0
FaceForensics/NeuralTextures/313_283.mp4,FaceForensics/original/313.mp4,neuraltextures,1,0.0485,0.0457,0.0,0.0,0.0,0.0
FaceForensics/original/314.mp4,FaceForensics/original/314.mp4,original,0,0.0,0.0,0.0,0.0,0.0,0.0
FaceForensics/Deepfakes/314_347.mp4,FaceForensics/original/314.mp4,deepfakes,1,0.0,0.0,0.0,0.0,0.0,0.0
FaceForensics/Face2Face/314_347.mp4,FaceForensics/original/314.mp4,face2face,1,0.0,0.0,0.0,0.0,0.0,0.0
FaceForensics/FaceShifter/314_347.mp4,FaceForensics/original/314.mp4,faceshifter,1,0.0,0.0461,0.0469,0.0,0.0,0.0
FaceForensics/FaceSwap/314_347.mp4,FaceForensics/original/314.mp4,faceswap,1,0.0,0.0,0.0,0.0,0.0,0.0
FaceForensics/NeuralTextures/314_347.mp4,FaceForensics/original/314.mp4,neuraltextures,1,0.0,0.0,0.0427,0.0,0.0,0.0
FaceForensics/original/315.mp4,FaceForensics/original/315.mp4,original,0,0.0,0.0,0.0,0.0,0.0,0.0
FaceForensics/Deepfakes/315_322.mp4,FaceForensics/original/315.mp4,deepfakes,1,0.0,0.046,0.0,0.0,0.0,0.0
FaceForensics/Face2Face/315_322.mp4,FaceForensics/original/315.mp4,face2face,1,0.0,0.0563,0.0,0.0,0.0897,0.0
FaceForensics/FaceShifter/315_322.mp4,FaceForensics/original/315.mp4,faceshifter,1,0.1397,0.1924,0.0,0.0,0.0601,0.0
FaceForensics/FaceSwap/315_322.mp4,FaceForensics/original/315.mp4,faceswap,1,0.0,0.0452,0.0,0.0,0.0,0.0
FaceForensics/NeuralTextures/315_322.mp4,FaceForensics/original/315.mp4,neuraltextures,1,0.0442,0.0,0.0,0.0,0.0,0.0
FaceForensics/original/316.mp4,FaceForensics/original/316.mp4,original,0,0.0,0.0,0.0,0.0,0.0,0.0
FaceForensics/Deepfakes/316_369.mp4,FaceForensics/original/316.mp4,deepfakes,1,0.0,0.0,0.0442,0.0,0.0,0.0
FaceForensics/Face2Face/316_369.mp4,FaceForensics/original/316.mp4,face2face,1,0.0,0.0,0.0,0.0,0.0,0.0
FaceForensics/FaceShifter/316_369.mp4,FaceForensics/original/316.mp4,faceshifter,1,0.0638,0.0,0.0,0.0427,0.0,0.0
FaceForensics/FaceSwap/316_369.mp4,FaceForensics/original/316.mp4,faceswap,1,0.36,0.0535,0.0,0.0,0.081,0.0
FaceForensics/NeuralTextures/316_369.mp4,FaceForensics/original/316.mp4,neuraltextures,1,0.0,0.0,0.0,0.0,0.0,0.0
FaceForensics/original/317.mp4,FaceForensics/original/317.mp4,original,0,0.0,0.0,0.0,0.0,0.0,0.0
FaceForensics/Deepfakes/317_359.mp4,FaceForensics/original/317.mp4,deepfakes,1,0.0,0.0,0.0556,0.0822,0.0,0.0
FaceForensics/Face2Face/317_359.mp4,FaceForensics/original/317.mp4,face2face,1,0.0845,0.0695,0.0,0.0777,0.048,0.0
FaceForensics/FaceShifter/317_359.mp4,FaceForensics/original/317.mp4,faceshifter,1,0.0,0.0,0.0,0.0,0.0,0.0
FaceForensics/FaceSwap/317_359.mp4,FaceForensics/original/317.mp4,faceswap,1,0.0,0.0,0.0,0.0,0.0,0.0
FaceForensics/NeuralTextures/317_359.mp4,FaceForensics/original/317.mp4,neuraltextures,1,0.0,0.0,0.0,0.0476,0.0,0.0
FaceForensics/original/318.mp4,FaceForensics/original/318.mp4,original,0,0.0,0.0,0.0,0.0,0.0,0.0
FaceForensics/Deepfakes/318_334.mp4,FaceForensics/original/318.mp4,deepfakes,1,0.1201,0.1106,0.0947,0.0856,0.11,0.0526
FaceForensics/Face2Face/318_334.mp4,FaceForensics/original/318.mp4,face2face,1,0.0,0.0,0.0,0.0,0.0439,0.0
FaceForensics/FaceShifter/318_334.mp4,FaceForensics/original/318.mp4,faceshifter,1,0.0898,0.0614,0.0776,0.0841,0.0546,0.0631
FaceForensics/FaceSwap/318_334.mp4,FaceForensics/original/318.mp4,faceswap,1,0.0,0.0,0.0461,0.0,0.0,0.0
FaceForensics/NeuralTextures/318_334.mp4,FaceForensics/original/318.mp4,neuraltextures,1,0.0,0.0,0.0,0.0,0.0,0.0
FaceForensics/original/319.mp4,FaceForensics/original/319.mp4,original,0,0.0,0.0,0.0,0.0,0.0,0.0
FaceForensics/Deepfakes/319_352.mp4,FaceForensics/original/319.mp4,deepfakes,1,0.0,0.0,0.0,0.0,0.0,0.0
FaceForensics/Face2Face/319_352.mp4,FaceForensics/original/319.mp4,face2face,1,0.0861,0.0777,0.0884,0.0609,0.0,0.0
FaceForensics/FaceShifter/319_352.mp4,FaceForensics/original/319.mp4,faceshifter,1,0.0,0.0,0.0,0.0,0.0,0.0
FaceForensics/FaceSwap/319_352.mp4,FaceForensics/original/319.mp4,faceswap,1,0.0455,0.0,0.0516,0.0,0.0,0.0
FaceForensics/NeuralTextures/319_352.mp4,FaceForensics/original/319.mp4,neuraltextures,1,0.0867,0.0608,0.057,0.0644,0.05,0.0464
FaceForensics/original/320.mp4,FaceForensics/original/320.mp4,original,0,0.0,0.0,0.0,0.0,0.0,0.0
FaceForensics/Deepfakes/320_328.mp4,FaceForensics/original/320.mp4,deepfakes,1,0.0,0.0503,0.0,0.0521,0.0,0.0
FaceForensics/Face2Face/320_328.mp4,FaceForensics/original/320.mp4,face2face,1,0.0706,0.0,0.0,0.0,0.0,0.0
FaceForensics/FaceShifter/320_328.mp4,FaceForensics/original/320.mp4,faceshifter,1,0.072,0.0,0.0,0.0,0.0,0.0
FaceForensics/FaceSwap/320_328.mp4,FaceForensics/original/320.mp4,faceswap,1,0.0,0.0,0.0,0.0,0.0,0.0
FaceForensics/NeuralTextures/320_328.mp4,FaceForensics/original/320.mp4,neuraltextures,1,0.0,0.0,0.0,0.0,0.0,0.0
FaceForensics/original/321.mp4,FaceForensics/original/321.mp4,original,0,0.0,0.0,0.0,0.0,0.0,0.0
FaceForensics/Deepfakes/321_288.mp4,FaceForensics/original/321.mp4,deepfakes,1,0.0,0.0,0.0,0.0,0.047,0.0
FaceForensics/Face2Face/321_288.mp4,FaceForensics/original/321.mp4,face2face,1,0.0607,0.0,0.0,0.0,0.0533,0.0
FaceForensics/FaceShifter/321_288.mp4,FaceForensics/original/321.mp4,faceshifter,1,0.0,0.0,0.0,0.0,0.0,0.0
FaceForensics/FaceSwap/321_288.mp4,FaceForensics/original/321.mp4,faceswap,1,0.1054,0.0659,0.0538,0.0873,0.0606,0.0
FaceForensics/NeuralTextures/321_288.mp4,FaceForensics/original/321.mp4,neuraltextures,1,0.1245,0.0439,0.0545,0.0692,0.0457,0.0
FaceForensics/original/322.mp4,FaceForensics/original/322.mp4,original,0,0.0,0.0,0.0,0.0,0.0,0.0
FaceForensics/Deepfakes/322_315.mp4,FaceForensics/original/322.mp4,deepfakes,1,0.3077,0.0924,0.0881,0.0,0.1148,0.0521
FaceForensics/Face2Face/322_315.mp4,FaceForensics/original/322.mp4,face2face,1,0.0,0.0,0.0507,0.0838,0.043,0.0
FaceForensics/FaceShifter/322_315.mp4,FaceForensics/original/322.mp4,faceshifter,1,0.0622,0.0,0.1068,0.0,0.0,0.0
FaceForensics/FaceSwap/322_315.mp4,FaceForensics/original/322.mp4,faceswap,1,0.0487,0.0894,0.0889,0.0,0.0928,0.075
FaceForensics/NeuralTextures/322_315.mp4,FaceForensics/original/322.mp4,neuraltextures,1,0.0,0.0,0.0,0.0,0.0,0.0
FaceForensics/original/323.mp4,FaceForensics/original/323.mp4,original,0,0.0,0.0,0.0,0.0,0.0,0.0
FaceForensics/Deepfakes/323_302.mp4,FaceForensics/original/323.mp4,deepfakes,1,0.1094,0.1297,0.0,0.0443,0.0,0.0
FaceForensics/Face2Face/323_302.mp4,FaceForensics/original/323.mp4,face2face,1,0.0,0.0,0.0,0.0,0.0,0.0
FaceForensics/FaceShifter/323_302.mp4,FaceForensics/original/323.mp4,faceshifter,1,0.0,0.0,0.0,0.0,0.0,0.0
FaceForensics/FaceSwap/323_302.mp4,FaceForensics/original/323.mp4,faceswap,1,0.3357,0.2268,0.0,0.109,0.1067,0.1087
FaceForensics/NeuralTextures/323_302.mp4,FaceForensics/original/323.mp4,neuraltextures,1,0.0,0.0,0.0442,0.0,0.0,0.0
FaceForensics/original/324.mp4,FaceForensics/original/324.mp4,original,0,0.0,0.0,0.0,0.0,0.0,0.0
FaceForensics/Deepfakes/324_356.mp4,FaceForensics/original/324.mp4,deepfakes,1,0.0645,0.0869,0.0,0.0569,0.0,0.0
FaceForensics/Face2Face/324_356.mp4,FaceForensics/original/324.mp4,face2face,1,0.0553,0.0,0.0,0.0,0.051,0.0
FaceForensics/FaceShifter/324_356.mp4,FaceForensics/original/324.mp4,faceshifter,1,0.0,0.0,0.0,0.0,0.0,0.0
FaceForensics/FaceSwap/324_356.mp4,FaceForensics/original/324.mp4,faceswap,1,0.0,0.0,0.0804,0.0,0.0,0.0
FaceForensics/NeuralTextures/324_356.mp4,FaceForensics/original/324.mp4,neuraltextures,1,0.0,0.0,0.0662,0.0,0.0,0.0
FaceForensics/original/325.mp4,FaceForensics/original/325.mp4,original,0,0.0,0.0,0.0,0.0,0.0,0.0
FaceForensics/Deepfakes/325_492.mp4,FaceForensics/original/325.mp4,deepfakes,1,0.0,0.0,0.0421,0.0,0.0,0.0
FaceForensics/Face2Face/325_492.mp4,FaceForensics/original/325.mp4,face2face,1,0.0,0.0,0.0499,0.0,0.0,0.0
FaceForensics/FaceShifter/325_492.mp4,FaceForensics/original/325.mp4,faceshifter,1,0.0586,0.0,0.058,0.0,0.0,0.0481
FaceForensics/FaceSwap/325_492.mp4,FaceForensics/original/325.mp4,faceswap,1,0.0,0.0,0.0,0.0,0.0,0.0
FaceForensics/NeuralTextures/325_492.mp4,FaceForensics/original/325.mp4,neuraltextures,1,0.0,0.0,0.0467,0.0,0.0,0.0
FaceForensics/original/326.mp4,FaceForensics/original/326.mp4,original,0,0.0,0.0,0.0409,0.0835,0.0,0.0
FaceForensics/Deepfakes/326_501.mp4,FaceForensics/original/326.mp4,deepfakes,1,0.0,0.0545,0.0705,0.0,0.0,0.0
FaceForensics/Face2Face/326_501.mp4,FaceForensics/original/326.mp4,face2face,1,0.0577,0.0,0.0,0.0,0.0,0.0
FaceForensics/FaceShifter/326_501.mp4,FaceForensics/original/326.mp4,faceshifter,1,0.146,0.0444,0.055,0.095,0.0647,0.0
FaceForensics/FaceSwap/326_501.mp4,FaceForensics/original/326.mp4,faceswap,1,0.112,0.0521,0.0,0.0,0.0,0.0
FaceForensics/NeuralTextures/326_501.mp4,FaceForensics/original/326.mp4,neuraltextures,1,0.0728,0.0546,0.1106,0.0754,0.0459,0.0
FaceForensics/original/327.mp4,FaceForensics/original/327.mp4,original,0,0.0,0.0,0.0,0.0,0.0,0.0
FaceForensics/Deepfakes/327_329.mp4,FaceForensics/original/327.mp4,deepfakes,1,0.0,0.0,0.0,0.0,0.0,0.0
FaceForensics/Face2Face/327_329.mp4,FaceForensics/original/327.mp4,face2face,1,0.0,0.0,0.0,0.0,0.0,0.048
FaceForensics/FaceShifter/327_329.mp4,FaceForensics/original/327.mp4,faceshifter,1,0.139,0.0,0.0536,0.0642,0.0,0.0456
FaceForensics/FaceSwap/327_329.mp4,FaceForensics/original/327.mp4,faceswap,1,0.0,0.0,0.0,0.0,0.0,0.0
FaceForensics/NeuralTextures/327_329.mp4,FaceForensics/original/327.mp4,neuraltextures,1,0.0,0.0,0.0,0.0,0.0,0.0
FaceForensics/original/328.mp4,FaceForensics/original/328.mp4,original,0,0.0,0.0,0.0,0.0,0.0,0.0
FaceForensics/Deepfakes/328_320.mp4,FaceForensics/original/328.mp4,deepfakes,1,0.0491,0.229,0.1307,0.178,0.1992,0.1145
FaceForensics/Face2Face/328_320.mp4,FaceForensics/original/328.mp4,face2face,1,0.0,0.0,0.0,0.0,0.0,0.0
FaceForensics/FaceShifter/328_320.mp4,FaceForensics/original/328.mp4,faceshifter,1,0.0,0.0516,0.0,0.0,0.0,0.0
FaceForensics/FaceSwap/328_320.mp4,FaceForensics/original/328.mp4,faceswap,1,0.0,0.1166,0.0,0.0,0.0,0.0
FaceForensics/NeuralTextures/328_320.mp4,FaceForensics/original/328.mp4,neuraltextures,1,0.0,0.0,0.0,0.0,0.0,0.0
FaceForensics/original/329.mp4,FaceForensics/original/329.mp4,original,0,0.0,0.0,0.0,0.0,0.0,0.0
FaceForensics/Deepfakes/329_327.mp4,FaceForensics/original/329.mp4,deepfakes,1,0.2005,0.1636,0.0,0.0665,0.0796,0.0475
FaceForensics/Face2Face/329_327.mp4,FaceForensics/original/329.mp4,face2face,1,0.0,0.0,0.0,0.0,0.0,0.0
FaceForensics/FaceShifter/329_327.mp4,FaceForensics/original/329.mp4,faceshifter,1,0.0513,0.0,0.0,0.0,0.0,0.0
FaceForensics/FaceSwap/329_327.mp4,FaceForensics/original/329.mp4,faceswap,1,0.0444,0.044,0.0431,0.0,0.0437,0.0
FaceForensics/NeuralTextures/329_327.mp4,FaceForensics/original/329.mp4,neuraltextures,1,0.0409,0.0,0.0,0.0,0.0,0.0
FaceForensics/original/330.mp4,FaceForensics/original/330.mp4,original,0,0.0,0.0,0.0,0.0,0.0,0.0
FaceForensics/Deepfakes/330_162.mp4,FaceForensics/original/330.mp4,deepfakes,1,0.0,0.0,0.0,0.0,0.0,0.0
FaceForensics/Face2Face/330_162.mp4,FaceForensics/original/330.mp4,face2face,1,0.0,0.0,0.0,0.0,0.0,0.0
FaceForensics/FaceShifter/330_162.mp4,FaceForensics/original/330.mp4,faceshifter,1,0.09,0.0,0.0,0.0,0.0,0.04
FaceForensics/FaceSwap/330_162.mp4,FaceForensics/original/330.mp4,faceswap,1,0.0503,0.0,0.0,0.0,0.0,0.0
FaceForensics/NeuralTextures/330_162.mp4,FaceForensics/original/330.mp4,neuraltextures,1,0.0,0.0,0.0,0.0,0.0,0.0
FaceForensics/original/331.mp4,FaceForensics/original/331.mp4,original,0,0.0,0.0,0.0,0.0,0.0,0.0
FaceForensics/Deepfakes/331_260.mp4,FaceForensics/original/331.mp4,deepfakes,1,0.0,0.0,0.0,0.0,0.0,0.0
FaceForensics/Face2Face/331_260.mp4,FaceForensics/original/331.mp4,face2face,1,0.0,0.0,0.0,0.0,0.0,0.0
FaceForensics/FaceShifter/331_260.mp4,FaceForensics/original/331.mp4,faceshifter,1,0.0431,0.0,0.0,0.0,0.0,0.0
FaceForensics/FaceSwap/331_260.mp4,FaceForensics/original/331.mp4,faceswap,1,0.0,0.0,0.0,0.0,0.0,0.0
FaceForensics/NeuralTextures/331_260.mp4,FaceForensics/original/331.mp4,neuraltextures,1,0.0,0.0,0.0,0.0,0.0,0.0
FaceForensics/original/332.mp4,FaceForensics/original/332.mp4,original,0,0.0,0.0,0.0,0.0,0.0,0.0
FaceForensics/Deepfakes/332_051.mp4,FaceForensics/original/332.mp4,deepfakes,1,0.0662,0.0,0.1135,0.0712,0.0,0.0526
FaceForensics/Face2Face/332_051.mp4,FaceForensics/original/332.mp4,face2face,1,0.0403,0.0,0.0614,0.0477,0.0,0.0
FaceForensics/FaceShifter/332_051.mp4,FaceForensics/original/332.mp4,faceshifter,1,0.0,0.0,0.0531,0.0,0.0,0.0
FaceForensics/FaceSwap/332_051.mp4,FaceForensics/original/332.mp4,faceswap,1,0.1317,0.0684,0.1459,0.1104,0.0467,0.0818
FaceForensics/NeuralTextures/332_051.mp4,FaceForensics/original/332.mp4,neuraltextures,1,0.0923,0.0683,0.1557,0.1065,0.0,0.0531
FaceForensics/original/333.mp4,FaceForensics/original/333.mp4,original,0,0.0,0.0,0.0,0.0,0.0,0.0
FaceForensics/Deepfakes/333_377.mp4,FaceForensics/original/333.mp4,deepfakes,1,0.0752,0.0601,0.0859,0.0581,0.0424,0.053
FaceForensics/Face2Face/333_377.mp4,FaceForensics/original/333.mp4,face2face,1,0.0413,0.0,0.0679,0.0,0.0,0.0
FaceForensics/FaceShifter/333_377.mp4,FaceForensics/original/333.mp4,faceshifter,1,0.0,0.0,0.2098,0.0,0.0,0.0
FaceForensics/FaceSwap/333_377.mp4,FaceForensics/original/333.mp4,faceswap,1,0.0458,0.0,0.0998,0.0,0.0,0.0
FaceForensics/NeuralTextures/333_377.mp4,FaceForensics/original/333.mp4,neuraltextures,1,0.0751,0.0,0.0858,0.0465,0.0,0.0
FaceForensics/original/334.mp4,FaceForensics/original/334.mp4,original,0,0.0,0.0,0.0553,0.0,0.0,0.0
FaceForensics/Deepfakes/334_318.mp4,FaceForensics/original/334.mp4,deepfakes,1,0.0,0.0637,0.0,0.0,0.0,0.0568
FaceForensics/Face2Face/334_318.mp4,FaceForensics/original/334.mp4,face2face,1,0.215,0.049,0.0959,0.0537,0.0779,0.0
FaceForensics/FaceShifter/334_318.mp4,FaceForensics/original/334.mp4,faceshifter,1,0.0677,0.0685,0.0,0.0,0.0,0.0
FaceForensics/FaceSwap/334_318.mp4,FaceForensics/original/334.mp4,faceswap,1,0.2144,0.1128,0.1114,0.1322,0.0681,0.0945
FaceForensics/NeuralTextures/334_318.mp4,FaceForensics/original/334.mp4,neuraltextures,1,0.1343,0.0,0.042,0.0599,0.0464,0.0
FaceForensics/original/335.mp4,FaceForensics/original/335.mp4,original,0,0.0,0.0,0.0,0.0,0.0,0.0
FaceForensics/Deepfakes/335_277.mp4,FaceForensics/original/335.mp4,deepfakes,1,0.0,0.0,0.0,0.0,0.0,0.0
FaceForensics/Face2Face/335_277.mp4,FaceForensics/original/335.mp4,face2face,1,0.0,0.0,0.0,0.0,0.0,0.0
FaceForensics/FaceShifter/335_277.mp4,FaceForensics/original/335.mp4,faceshifter,1,0.0,0.0,0.0,0.0,0.0,0.0
FaceForensics/FaceSwap/335_277.mp4,FaceForensics/original/335.mp4,faceswap,1,0.0461,0.0439,0.0498,0.0,0.0,0.0
FaceForensics/NeuralTextures/335_277.mp4,FaceForensics/original/335.mp4,neuraltextures,1,0.0,0.0,0.0504,0.0,0.0419,0.0405
FaceForensics/original/336.mp4,FaceForensics/original/336.mp4,original,0,0.0,0.0,0.0,0.0,0.0,0.0
FaceForensics/Deepfakes/336_338.mp4,FaceForensics/original/336.mp4,deepfakes,1,0.0647,0.0,0.0,0.0585,0.0,0.0578
FaceForensics/Face2Face/336_338.mp4,FaceForensics/original/336.mp4,face2face,1,0.0805,0.0,0.0563,0.0467,0.0,0.0
FaceForensics/FaceShifter/336_338.mp4,FaceForensics/original/336.mp4,faceshifter,1,0.0645,0.0,0.0606,0.0532,0.0,0.0415
FaceForensics/FaceSwap/336_338.mp4,FaceForensics/original/336.mp4,faceswap,1,0.1288,0.1193,0.0836,0.0645,0.0448,0.079
FaceForensics/NeuralTextures/336_338.mp4,FaceForensics/original/336.mp4,neuraltextures,1,0.0,0.0,0.0,0.0,0.0,0.0
FaceForensics/original/337.mp4,FaceForensics/original/337.mp4,original,0,0.0,0.0,0.0,0.0,0.0,0.0
FaceForensics/Deepfakes/337_522.mp4,FaceForensics/original/337.mp4,deepfakes,1,0.0,0.0,0.0,0.0,0.0,0.0
FaceForensics/Face2Face/337_522.mp4,FaceForensics/original/337.mp4,face2face,1,0.0,0.0,0.0,0.0,0.0,0.0
FaceForensics/FaceShifter/337_522.mp4,FaceForensics/original/337.mp4,faceshifter,1,0.0,0.0,0.0,0.0,0.0,0.0
FaceForensics/FaceSwap/337_522.mp4,FaceForensics/original/337.mp4,faceswap,1,0.0,0.0,0.0,0.0,0.0,0.0
FaceForensics/NeuralTextures/337_522.mp4,FaceForensics/original/337.mp4,neuraltextures,1,0.0,0.0,0.0,0.0,0.0,0.0
FaceForensics/original/338.mp4,FaceForensics/original/338.mp4,original,0,0.0,0.0,0.0,0.0,0.0,0.0
FaceForensics/Deepfakes/338_336.mp4,FaceForensics/original/338.mp4,deepfakes,1,0.063,0.0,0.0849,0.0755,0.0,0.0441
FaceForensics/Face2Face/338_336.mp4,FaceForensics/original/338.mp4,face2face,1,0.0,0.0,0.0,0.0664,0.0,0.0
FaceForensics/FaceShifter/338_336.mp4,FaceForensics/original/338.mp4,faceshifter,1,0.0,0.0404,0.0835,0.0,0.0,0.0
FaceForensics/FaceSwap/338_336.mp4,FaceForensics/original/338.mp4,faceswap,1,0.0,0.0,0.0,0.0,0.0,0.0
FaceForensics/NeuralTextures/338_336.mp4,FaceForensics/original/338.mp4,neuraltextures,1,0.0,0.0,0.0,0.0558,0.0,0.0
FaceForensics/original/339.mp4,FaceForensics/original/339.mp4,original,0,0.0,0.0,0.0,0.0,0.0,0.0
FaceForensics/Deepfakes/339_392.mp4,FaceForensics/original/339.mp4,deepfakes,1,0.3395,0.2679,0.0,0.1242,0.0758,0.0
FaceForensics/Face2Face/339_392.mp4,FaceForensics/original/339.mp4,face2face,1,0.0,0.0,0.0,0.0,0.0475,0.0663
FaceForensics/FaceShifter/339_392.mp4,FaceForensics/original/339.mp4,faceshifter,1,0.0997,0.0989,0.0696,0.0776,0.0437,0.0786
FaceForensics/FaceSwap/339_392.mp4,FaceForensics/original/339.mp4,faceswap,1,0.1167,0.1598,0.0,0.0,0.0,0.0
FaceForensics/NeuralTextures/339_392.mp4,FaceForensics/original/339.mp4,neuraltextures,1,0.084,0.0573,0.0764,0.0492,0.0478,0.0667
FaceForensics/original/340.mp4,FaceForensics/original/340.mp4,original,0,0.0,0.0,0.0,0.0,0.0,0.0
FaceForensics/Deepfakes/340_341.mp4,FaceForensics/original/340.mp4,deepfakes,1,0.0,0.0,0.0,0.0,0.0,0.0
FaceForensics/Face2Face/340_341.mp4,FaceForensics/original/340.mp4,face2face,1,0.0714,0.0,0.0,0.0,0.0,0.0
FaceForensics/FaceShifter/340_341.mp4,FaceForensics/original/340.mp4,faceshifter,1,0.0,0.0,0.0,0.0,0.0,0.0
FaceForensics/FaceSwap/340_341.mp4,FaceForensics/original/340.mp4,faceswap,1,0.0,0.0,0.0,0.0,0.0,0.0
FaceForensics/NeuralTextures/340_341.mp4,FaceForensics/original/340.mp4,neuraltextures,1,0.0455,0.0,0.0,0.0,0.0,0.0
FaceForensics/original/341.mp4,FaceForensics/original/341.mp4,original,0,0.0,0.0,0.0,0.0,0.0,0.0557
FaceForensics/Deepfakes/341_340.mp4,FaceForensics/original/341.mp4,deepfakes,1,0.0454,0.0,0.0,0.0,0.0,0.0
FaceForensics/Face2Face/341_340.mp4,FaceForensics/original/341.mp4,face2face,1,0.0432,0.0,0.0,0.0,0.0453,0.0
FaceForensics/FaceShifter/341_340.mp4,FaceForensics/original/341.mp4,faceshifter,1,0.0824,0.0,0.0673,0.0594,0.0427,0.0
FaceForensics/FaceSwap/341_340.mp4,FaceForensics/original/341.mp4,faceswap,1,0.068,0.0,0.0,0.0,0.0,0.0
FaceForensics/NeuralTextures/341_340.mp4,FaceForensics/original/341.mp4,neuraltextures,1,0.0,0.0,0.0,0.0,0.0,0.0
FaceForensics/original/342.mp4,FaceForensics/original/342.mp4,original,0,0.0,0.0,0.0,0.0,0.0,0.0
FaceForensics/Deepfakes/342_416.mp4,FaceForensics/original/342.mp4,deepfakes,1,0.0,0.0474,0.0,0.0,0.0,0.0
FaceForensics/Face2Face/342_416.mp4,FaceForensics/original/342.mp4,face2face,1,0.0,0.0,0.0,0.0,0.0,0.0
FaceForensics/FaceShifter/342_416.mp4,FaceForensics/original/342.mp4,faceshifter,1,0.0,0.0,0.0,0.0,0.0,0.0
FaceForensics/FaceSwap/342_416.mp4,FaceForensics/original/342.mp4,faceswap,1,0.0,0.049,0.0,0.0546,0.0,0.0
FaceForensics/NeuralTextures/342_416.mp4,FaceForensics/original/342.mp4,neuraltextures,1,0.0,0.0,0.0,0.0,0.0,0.0
FaceForensics/original/343.mp4,FaceForensics/original/343.mp4,original,0,0.0,0.0,0.0,0.0,0.0,0.0
FaceForensics/Deepfakes/343_363.mp4,FaceForensics/original/343.mp4,deepfakes,1,0.1493,0.0932,0.0637,0.0883,0.0,0.0
FaceForensics/Face2Face/343_363.mp4,FaceForensics/original/343.mp4,face2face,1,0.0,0.0,0.0,0.0,0.0,0.0
FaceForensics/FaceShifter/343_363.mp4,FaceForensics/original/343.mp4,faceshifter,1,0.1494,0.0979,0.0,0.0567,0.0,0.0
FaceForensics/FaceSwap/343_363.mp4,FaceForensics/original/343.mp4,faceswap,1,0.0455,0.0509,0.0442,0.0631,0.0,0.0
FaceForensics/NeuralTextures/343_363.mp4,FaceForensics/original/343.mp4,neuraltextures,1,0.0,0.0,0.0,0.0,0.0,0.0
FaceForensics/original/344.mp4,FaceForensics/original/344.mp4,original,0,0.0,0.0,0.0,0.0,0.0,0.0
FaceForensics/Deepfakes/344_020.mp4,FaceForensics/original/344.mp4,deepfakes,1,0.0736,0.0439,0.0477,0.0,0.0,0.057
FaceForensics/Face2Face/344_020.mp4,FaceForensics/original/344.mp4,face2face,1,0.0,0.0,0.0524,0.0,0.0,0.0418
FaceForensics/FaceShifter/344_020.mp4,FaceForensics/original/344.mp4,faceshifter,1,0.048,0.0,0.0,0.0,0.0,0.0
FaceForensics/FaceSwap/344_020.mp4,FaceForensics/original/344.mp4,faceswap,1,0.0737,0.0772,0.0602,0.0469,0.0,0.0576
FaceForensics/NeuralTextures/344_020.mp4,FaceForensics/original/344.mp4,neuraltextures,1,0.0579,0.0,0.041,0.0458,0.0,0.0441
FaceForensics/original/345.mp4,FaceForensics/original/345.mp4,original,0,0.0,0.0,0.0,0.0,0.0,0.0
FaceForensics/Deepfakes/345_259.mp4,FaceForensics/original/345.mp4,deepfakes,1,0.065,0.0,0.0645,0.0423,0.0,0.0
FaceForensics/Face2Face/345_259.mp4,FaceForensics/original/345.mp4,face2face,1,0.0,0.0428,0.0,0.0613,0.0459,0.0
FaceForensics/FaceShifter/345_259.mp4,FaceForensics/original/345.mp4,faceshifter,1,0.0,0.0,0.0,0.0,0.0,0.0
FaceForensics/FaceSwap/345_259.mp4,FaceForensics/original/345.mp4,faceswap,1,0.0692,0.0566,0.093,0.0572,0.0,0.0449
FaceForensics/NeuralTextures/345_259.mp4,FaceForensics/original/345.mp4,neuraltextures,1,0.0,0.0404,0.0,0.0,0.0,0.0
FaceForensics/original/346.mp4,FaceForensics/original/346.mp4,original,0,0.0,0.0,0.0,0.0,0.0,0.0
FaceForensics/Deepfakes/346_351.mp4,FaceForensics/original/346.mp4,deepfakes,1,0.07,0.0489,0.0601,0.0757,0.0413,0.0
FaceForensics/Face2Face/346_351.mp4,FaceForensics/original/346.mp4,face2face,1,0.0,0.0,0.0429,0.0439,0.0,0.0
FaceForensics/FaceShifter/346_351.mp4,FaceForensics/original/346.mp4,faceshifter,1,0.0781,0.0,0.0,0.0,0.0,0.0
FaceForensics/FaceSwap/346_351.mp4,FaceForensics/original/346.mp4,faceswap,1,0.1292,0.0801,0.0753,0.1194,0.0637,0.0749
FaceForensics/NeuralTextures/346_351.mp4,FaceForensics/original/346.mp4,neuraltextures,1,0.0,0.0,0.0,0.0427,0.0,0.0
FaceForensics/original/347.mp4,FaceForensics/original/347.mp4,original,0,0.0,0.0,0.0,0.0,0.0,0.0
FaceForensics/Deepfakes/347_314.mp4,FaceForensics/original/347.mp4,deepfakes,1,0.0,0.0,0.0,0.0,0.0,0.0411
FaceForensics/Face2Face/347_314.mp4,FaceForensics/original/347.mp4,face2face,1,0.0,0.0417,0.0516,0.0421,0.0,0.043
FaceForensics/FaceShifter/347_314.mp4,FaceForensics/original/347.mp4,faceshifter,1,0.0,0.0,0.0,0.0,0.0,0.0
FaceForensics/FaceSwap/347_314.mp4,FaceForensics/original/347.mp4,faceswap,1,0.0,0.0,0.0,0.0,0.0,0.0
FaceForensics/NeuralTextures/347_314.mp4,FaceForensics/original/347.mp4,neuraltextures,1,0.0,0.046,0.0553,0.047,0.0,0.0
FaceForensics/original/348.mp4,FaceForensics/original/348.mp4,original,0,0.0,0.0,0.0,0.0,0.0,0.0
FaceForensics/Deepfakes/348_202.mp4,FaceForensics/original/348.mp4,deepfakes,1,0.1421,0.0,0.0,0.0,0.0,0.0
FaceForensics/Face2Face/348_202.mp4,FaceForensics/original/348.mp4,face2face,1,0.0823,0.0684,0.1026,0.0,0.0,0.0
FaceForensics/FaceShifter/348_202.mp4,FaceForensics/original/348.mp4,faceshifter,1,0.0534,0.0,0.0,0.0,0.0,0.0
FaceForensics/FaceSwap/348_202.mp4,FaceForensics/original/348.mp4,faceswap,1,0.0634,0.0599,0.0599,0.0,0.0,0.0
FaceForensics/NeuralTextures/348_202.mp4,FaceForensics/original/348.mp4,neuraltextures,1,0.0885,0.0422,0.1469,0.0806,0.058,0.0
FaceForensics/original/349.mp4,FaceForensics/original/349.mp4,original,0,0.0,0.0,0.0,0.0,0.0,0.0
FaceForensics/Deepfakes/349_350.mp4,FaceForensics/original/349.mp4,deepfakes,1,0.0,0.0,0.0,0.0,0.0,0.0
FaceForensics/Face2Face/349_350.mp4,FaceForensics/original/349.mp4,face2face,1,0.0,0.0,0.0,0.0,0.0,0.0
FaceForensics/FaceShifter/349_350.mp4,FaceForensics/original/349.mp4,faceshifter,1,0.0,0.0,0.0,0.0,0.0,0.0
FaceForensics/FaceSwap/349_350.mp4,FaceForensics/original/349.mp4,faceswap,1,0.0,0.0,0.0,0.0,0.0,0.0
FaceForensics/NeuralTextures/349_350.mp4,FaceForensics/original/349.mp4,neuraltextures,1,0.0,0.0,0.0,0.0,0.0,0.0
FaceForensics/original/350.mp4,FaceForensics/original/350.mp4,original,0,0.0,0.0,0.0,0.0,0.0,0.0
FaceForensics/Deepfakes/350_349.mp4,FaceForensics/original/350.mp4,deepfakes,1,0.0592,0.0,0.0489,0.0461,0.0,0.0
FaceForensics/Face2Face/350_349.mp4,FaceForensics/original/350.mp4,face2face,1,0.0,0.0,0.0,0.0,0.0,0.0
FaceForensics/FaceShifter/350_349.mp4,FaceForensics/original/350.mp4,faceshifter,1,0.0606,0.0,0.0428,0.0,0.0,0.0
FaceForensics/FaceSwap/350_349.mp4,FaceForensics/original/350.mp4,faceswap,1,0.0681,0.0,0.0432,0.0,0.0,0.0
FaceForensics/NeuralTextures/350_349.mp4,FaceForensics/original/350.mp4,neuraltextures,1,0.0,0.0,0.0,0.0413,0.0,0.0
FaceForensics/original/351.mp4,FaceForensics/original/351.mp4,original,0,0.0,0.0,0.0,0.0,0.0,0.0
FaceForensics/Deepfakes/351_346.mp4,FaceForensics/original/351.mp4,deepfakes,1,0.0417,0.1138,0.1188,0.07,0.0413,0.0
FaceForensics/Face2Face/351_346.mp4,FaceForensics/original/351.mp4,face2face,1,0.0796,0.0635,0.0701,0.047,0.0,0.0498
FaceForensics/FaceShifter/351_346.mp4,FaceForensics/original/351.mp4,faceshifter,1,0.0581,0.0,0.0,0.0419,0.0,0.0
FaceForensics/FaceSwap/351_346.mp4,FaceForensics/original/351.mp4,faceswap,1,0.1691,0.2087,0.0675,0.0805,0.0427,0.0492
FaceForensics/NeuralTextures/351_346.mp4,FaceForensics/original/351.mp4,neuraltextures,1,0.0667,0.0443,0.0,0.0,0.0,0.0
FaceForensics/original/352.mp4,FaceForensics/original/352.mp4,original,0,0.0,0.0,0.0,0.0,0.0,0.0
FaceForensics/Deepfakes/352_319.mp4,FaceForensics/original/352.mp4,deepfakes,1,0.1718,0.1483,0.1497,0.2324,0.115,0.1513
FaceForensics/Face2Face/352_319.mp4,FaceForensics/original/352.mp4,face2face,1,0.0442,0.0,0.0984,0.0964,0.0507,0.0
FaceForensics/FaceShifter/352_319.mp4,FaceForensics/original/352.mp4,faceshifter,1,0.0511,0.0,0.0871,0.0808,0.0757,0.0
FaceForensics/FaceSwap/352_319.mp4,FaceForensics/original/352.mp4,faceswap,1,0.149,0.0862,0.0412,0.0871,0.0,0.0768
FaceForensics/NeuralTextures/352_319.mp4,FaceForensics/original/352.mp4,neuraltextures,1,0.0,0.0,0.0,0.0,0.0,0.0479
FaceForensics/original/353.mp4,FaceForensics/original/353.mp4,original,0,0.0,0.0,0.0,0.0,0.0,0.0
FaceForensics/Deepfakes/353_383.mp4,FaceForensics/original/353.mp4,deepfakes,1,0.0,0.0,0.0,0.0,0.0,0.0
FaceForensics/Face2Face/353_383.mp4,FaceForensics/original/353.mp4,face2face,1,0.0,0.0,0.0,0.0,0.0,0.0
FaceForensics/FaceShifter/353_383.mp4,FaceForensics/original/353.mp4,faceshifter,1,0.0,0.0644,0.0,0.0,0.0461,0.0
FaceForensics/FaceSwap/353_383.mp4,FaceForensics/original/353.mp4,faceswap,1,0.0648,0.0663,0.0,0.0,0.0,0.0
FaceForensics/NeuralTextures/353_383.mp4,FaceForensics/original/353.mp4,neuraltextures,1,0.0,0.0,0.0543,0.0,0.0,0.0
FaceForensics/original/354.mp4,FaceForensics/original/354.mp4,original,0,0.0,0.0,0.0,0.0,0.0,0.0
FaceForensics/Deepfakes/354_362.mp4,FaceForensics/original/354.mp4,deepfakes,1,0.0867,0.0,0.0,0.0446,0.0,0.0
FaceForensics/Face2Face/354_362.mp4,FaceForensics/original/354.mp4,face2face,1,0.0,0.0,0.0,0.0,0.0,0.0
FaceForensics/FaceShifter/354_362.mp4,FaceForensics/original/354.mp4,faceshifter,1,0.0,0.0,0.0,0.0,0.0,0.0
FaceForensics/FaceSwap/354_362.mp4,FaceForensics/original/354.mp4,faceswap,1,0.0,0.0,0.0621,0.0,0.0,0.0
FaceForensics/NeuralTextures/354_362.mp4,FaceForensics/original/354.mp4,neuraltextures,1,0.0,0.0,0.0,0.0,0.0,0.0
FaceForensics/original/355.mp4,FaceForensics/original/355.mp4,original,0,0.0,0.0,0.0,0.0,0.0,0.0
FaceForensics/Deepfakes/355_748.mp4,FaceForensics/original/355.mp4,deepfakes,1,0.0,0.0564,0.0,0.0641,0.0,0.0
FaceForensics/Face2Face/355_748.mp4,FaceForensics/original/355.mp4,face2face,1,0.0433,0.0,0.0,0.0,0.0,0.0
FaceForensics/FaceShifter/355_748.mp4,FaceForensics/original/355.mp4,faceshifter,1,0.0,0.0,0.0,0.0,0.0,0.0
FaceForensics/FaceSwap/355_748.mp4,FaceForensics/original/355.mp4,faceswap,1,0.0,0.1081,0.1348,0.0846,0.0498,0.0451
FaceForensics/NeuralTextures/355_748.mp4,FaceForensics/original/355.mp4,neuraltextures,1,0.0618,0.0,0.0,0.0,0.0,0.0
FaceForensics/original/356.mp4,FaceForensics/original/356.mp4,original,0,0.0,0.0,0.0,0.0,0.0,0.0
FaceForensics/Deepfakes/356_324.mp4,FaceForensics/original/356.mp4,deepfakes,1,0.0,0.0,0.0,0.0,0.0,0.0
FaceForensics/Face2Face/356_324.mp4,FaceForensics/original/356.mp4,face2face,1,0.0617,0.0,0.1047,0.0871,0.0,0.0
FaceForensics/FaceShifter/356_324.mp4,FaceForensics/original/356.mp4,faceshifter,1,0.0,0.0,0.0,0.0,0.0,0.0
FaceForensics/FaceSwap/356_324.mp4,FaceForensics/original/356.mp4,faceswap,1,0.0,0.0,0.0715,0.0,0.0,0.0
FaceForensics/NeuralTextures/356_324.mp4,FaceForensics/original/356.mp4,neuraltextures,1,0.0439,0.0,0.0906,0.0,0.0,0.0439
FaceForensics/original/357.mp4,FaceForensics/original/357.mp4,original,0,0.0,0.0,0.0,0.0,0.0,0.0
FaceForensics/Deepfakes/357_432.mp4,FaceForensics/original/357.mp4,deepfakes,1,0.0,0.0,0.3578,0.0,0.0743,0.0979
FaceForensics/Face2Face/357_432.mp4,FaceForensics/original/357.mp4,face2face,1,0.0,0.0,0.0,0.0,0.0,0.0
FaceForensics/FaceShifter/357_432.mp4,FaceForensics/original/357.mp4,faceshifter,1,0.0,0.0,0.0,0.0,0.0,0.0
FaceForensics/FaceSwap/357_432.mp4,FaceForensics/original/357.mp4,faceswap,1,0.0,0.0,0.088,0.0,0.0,0.0
FaceForensics/NeuralTextures/357_432.mp4,FaceForensics/original/357.mp4,neuraltextures,1,0.0,0.0,0.0,0.0,0.0,0.0
FaceForensics/original/358.mp4,FaceForensics/original/358.mp4,original,0,0.0,0.0,0.0,0.0,0.0,0.0
FaceForensics/Deepfakes/358_380.mp4,FaceForensics/original/358.mp4,deepfakes,1,0.0595,0.0,0.0415,0.0499,0.0404,0.0
FaceForensics/Face2Face/358_380.mp4,FaceForensics/original/358.mp4,face2face,1,0.0,0.0,0.0,0.0,0.0,0.0
FaceForensics/FaceShifter/358_380.mp4,FaceForensics/original/358.mp4,faceshifter,1,0.0,0.0,0.0,0.0,0.0,0.0
FaceForensics/FaceSwap/358_380.mp4,FaceForensics/original/358.mp4,faceswap,1,0.0,0.0,0.0,0.0,0.0421,0.0
FaceForensics/NeuralTextures/358_380.mp4,FaceForensics/original/358.mp4,neuraltextures,1,0.0,0.0,0.0,0.0,0.0,0.0
FaceForensics/original/359.mp4,FaceForensics/original/359.mp4,original,0,0.0,0.0,0.0,0.0,0.0,0.0
FaceForensics/Deepfakes/359_317.mp4,FaceForensics/original/359.mp4,deepfakes,1,0.2241,0.0945,0.0971,0.0915,0.0668,0.057
FaceForensics/Face2Face/359_317.mp4,FaceForensics/original/359.mp4,face2face,1,0.2757,0.0,0.2099,0.0,0.0,0.0
FaceForensics/FaceShifter/359_317.mp4,FaceForensics/original/359.mp4,faceshifter,1,0.1424,0.0,0.0,0.0,0.0,0.0
FaceForensics/FaceSwap/359_317.mp4,FaceForensics/original/359.mp4,faceswap,1,0.1228,0.0644,0.0862,0.0854,0.0406,0.0
FaceForensics/NeuralTextures/359_317.mp4,FaceForensics/original/359.mp4,neuraltextures,1,0.0,0.0,0.0,0.0,0.0,0.0
FaceForensics/original/360.mp4,FaceForensics/original/360.mp4,original,0,0.0,0.0,0.0,0.0,0.0,0.0
FaceForensics/Deepfakes/360_437.mp4,FaceForensics/original/360.mp4,deepfakes,1,0.0,0.0,0.0,0.0,0.0,0.0
FaceForensics/Face2Face/360_437.mp4,FaceForensics/original/360.mp4,face2face,1,0.0,0.0,0.0,0.0,0.0,0.0
FaceForensics/FaceShifter/360_437.mp4,FaceForensics/original/360.mp4,faceshifter,1,0.0,0.0,0.0,0.0,0.0,0.0
FaceForensics/FaceSwap/360_437.mp4,FaceForensics/original/360.mp4,faceswap,1,0.121,0.0,0.0,0.0,0.043,0.0577
FaceForensics/NeuralTextures/360_437.mp4,FaceForensics/original/360.mp4,neuraltextures,1,0.0,0.0,0.0,0.0,0.0,0.0
FaceForensics/original/361.mp4,FaceForensics/original/361.mp4,original,0,0.0,0.0,0.0,0.0,0.0,0.0
FaceForensics/Deepfakes/361_448.mp4,FaceForensics/original/361.mp4,deepfakes,1,0.0,0.0422,0.0,0.0,0.0,0.0
FaceForensics/Face2Face/361_448.mp4,FaceForensics/original/361.mp4,face2face,1,0.0,0.0,0.0,0.0,0.0,0.0
FaceForensics/FaceShifter/361_448.mp4,FaceForensics/original/361.mp4,faceshifter,1,0.0,0.0784,0.0553,0.0,0.0,0.0
FaceForensics/FaceSwap/361_448.mp4,FaceForensics/original/361.mp4,faceswap,1,0.1327,0.1436,0.0,0.0475,0.0,0.0485
FaceForensics/NeuralTextures/361_448.mp4,FaceForensics/original/361.mp4,neuraltextures,1,0.0,0.0,0.0,0.0,0.0,0.0
FaceForensics/original/362.mp4,FaceForensics/original/362.mp4,original,0,0.0,0.0,0.0,0.0,0.0,0.0
FaceForensics/Deepfakes/362_354.mp4,FaceForensics/original/362.mp4,deepfakes,1,0.0853,0.0517,0.0,0.0482,0.0,0.0425
FaceForensics/Face2Face/362_354.mp4,FaceForensics/original/362.mp4,face2face,1,0.0735,0.0,0.0,0.0,0.0,0.0
FaceForensics/FaceShifter/362_354.mp4,FaceForensics/original/362.mp4,faceshifter,1,0.0,0.0,0.0,0.0,0.0,0.0
FaceForensics/FaceSwap/362_354.mp4,FaceForensics/original/362.mp4,faceswap,1,0.1172,0.1237,0.1071,0.0755,0.0539,0.0769
FaceForensics/NeuralTextures/362_354.mp4,FaceForensics/original/362.mp4,neuraltextures,1,0.0,0.0,0.0,0.0,0.0,0.0
FaceForensics/original/363.mp4,FaceForensics/original/363.mp4,original,0,0.0,0.0,0.0,0.0,0.0,0.0
FaceForensics/Deepfakes/363_343.mp4,FaceForensics/original/363.mp4,deepfakes,1,0.043,0.0,0.0665,0.0,0.0491,0.0
FaceForensics/Face2Face/363_343.mp4,FaceForensics/original/363.mp4,face2face,1,0.0,0.0,0.0,0.0,0.0,0.0
FaceForensics/FaceShifter/363_343.mp4,FaceForensics/original/363.mp4,faceshifter,1,0.0814,0.0,0.0762,0.0484,0.0,0.0
FaceForensics/FaceSwap/363_343.mp4,FaceForensics/original/363.mp4,faceswap,1,0.1413,0.0717,0.1095,0.0,0.0,0.0
FaceForensics/NeuralTextures/363_343.mp4,FaceForensics/original/363.mp4,neuraltextures,1,0.0,0.0,0.0,0.0,0.0,0.0
FaceForensics/original/364.mp4,FaceForensics/original/364.mp4,original,0,0.0,0.0,0.0,0.0,0.0,0.0
FaceForensics/Deepfakes/364_440.mp4,FaceForensics/original/364.mp4,deepfakes,1,0.0648,0.0528,0.0843,0.0728,0.0,0.0503
FaceForensics/Face2Face/364_440.mp4,FaceForensics/original/364.mp4,face2face,1,0.0,0.0,0.0,0.0,0.0,0.0
FaceForensics/FaceShifter/364_440.mp4,FaceForensics/original/364.mp4,faceshifter,1,0.0701,0.0,0.05,0.0565,0.0,0.0
FaceForensics/FaceSwap/364_440.mp4,FaceForensics/original/364.mp4,faceswap,1,0.1028,0.1826,0.0,0.0479,0.0434,0.0
FaceForensics/NeuralTextures/364_440.mp4,FaceForensics/original/364.mp4,neuraltextures,1,0.0,0.0,0.0832,0.0,0.0,0.0
FaceForensics/original/365.mp4,FaceForensics/original/365.mp4,original,0,0.0,0.0,0.0,0.0,0.0,0.0
FaceForensics/Deepfakes/365_307.mp4,FaceForensics/original/365.mp4,deepfakes,1,0.0,0.2015,0.7019,0.2186,0.1865,0.0706
FaceForensics/Face2Face/365_307.mp4,FaceForensics/original/365.mp4,face2face,1,0.0,0.0,0.0,0.0,0.0,0.0
FaceForensics/FaceShifter/365_307.mp4,FaceForensics/original/365.mp4,faceshifter,1,0.062,0.0,0.0432,0.0,0.0494,0.0411
FaceForensics/FaceSwap/365_307.mp4,FaceForensics/original/365.mp4,faceswap,1,0.0518,0.0576,0.0,0.0,0.0634,0.0
FaceForensics/NeuralTextures/365_307.mp4,FaceForensics/original/365.mp4,neuraltextures,1,0.0,0.0,0.0,0.0,0.0,0.0
FaceForensics/original/366.mp4,FaceForensics/original/366.mp4,original,0,0.0,0.0,0.0,0.0,0.0,0.0
FaceForensics/Deepfakes/366_473.mp4,FaceForensics/original/366.mp4,deepfakes,1,0.0613,0.0489,0.0,0.0,0.0,0.0
FaceForensics/Face2Face/366_473.mp4,FaceForensics/original/366.mp4,face2face,1,0.0,0.0,0.0,0.0,0.0,0.0
FaceForensics/FaceShifter/366_473.mp4,FaceForensics/original/366.mp4,faceshifter,1,0.0563,0.0,0.0,0.0,0.0,0.0
FaceForensics/FaceSwap/366_473.mp4,FaceForensics/original/366.mp4,faceswap,1,0.074,0.0512,0.0435,0.06,0.04,0.0
FaceForensics/NeuralTextures/366_473.mp4,FaceForensics/original/366.mp4,neuraltextures,1,0.0,0.0,0.0,0.0,0.0,0.0
FaceForensics/original/367.mp4,FaceForensics/original/367.mp4,original,0,0.0,0.0,0.0,0.0,0.0,0.0
FaceForensics/Deepfakes/367_371.mp4,FaceForensics/original/367.mp4,deepfakes,1,0.0,0.0,0.0718,0.0607,0.0,0.0
FaceForensics/Face2Face/367_371.mp4,FaceForensics/original/367.mp4,face2face,1,0.0,0.0,0.0,0.0717,0.0,0.0
FaceForensics/FaceShifter/367_371.mp4,FaceForensics/original/367.mp4,faceshifter,1,0.0417,0.0426,0.0773,0.0,0.0,0.0
FaceForensics/FaceSwap/367_371.mp4,FaceForensics/original/367.mp4,faceswap,1,0.0,0.0,0.0589,0.0401,0.0,0.0
FaceForensics/NeuralTextures/367_371.mp4,FaceForensics/original/367.mp4,neuraltextures,1,0.0,0.0,0.0,0.0562,0.0,0.0
FaceForensics/original/368.mp4,FaceForensics/original/368.mp4,original,0,0.0,0.0,0.0,0.0,0.0,0.0
FaceForensics/Deepfakes/368_378.mp4,FaceForensics/original/368.mp4,deepfakes,1,0.0,0.0,0.0,0.0,0.0,0.0
FaceForensics/Face2Face/368_378.mp4,FaceForensics/original/368.mp4,face2face,1,0.0,0.0,0.0757,0.0539,0.0,0.0
FaceForensics/FaceShifter/368_378.mp4,FaceForensics/original/368.mp4,faceshifter,1,0.0,0.0,0.0412,0.0453,0.0,0.0
FaceForensics/FaceSwap/368_378.mp4,FaceForensics/original/368.mp4,faceswap,1,0.0,0.0497,0.0459,0.0,0.0,0.0
FaceForensics/NeuralTextures/368_378.mp4,FaceForensics/original/368.mp4,neuraltextures,1,0.0899,0.0,0.0656,0.0,0.0,0.0
FaceForensics/original/369.mp4,FaceForensics/original/369.mp4,original,0,0.0,0.0,0.0,0.0,0.0,0.0
FaceForensics/Deepfakes/369_316.mp4,FaceForensics/original/369.mp4,deepfakes,1,0.0,0.0,0.0,0.0,0.0407,0.0
FaceForensics/Face2Face/369_316.mp4,FaceForensics/original/369.mp4,face2face,1,0.0,0.0,0.0,0.0,0.0,0.0
FaceForensics/FaceShifter/369_316.mp4,FaceForensics/original/369.mp4,faceshifter,1,0.0,0.0,0.0,0.0,0.0,0.0
FaceForensics/FaceSwap/369_316.mp4,FaceForensics/original/369.mp4,faceswap,1,0.0,0.0452,0.0,0.0,0.0486,0.0
FaceForensics/NeuralTextures/369_316.mp4,FaceForensics/original/369.mp4,neuraltextures,1,0.1033,0.0,0.0,0.0,0.0,0.0
FaceForensics/original/370.mp4,FaceForensics/original/370.mp4,original,0,0.0,0.0,0.0,0.0,0.0,0.0
FaceForensics/Deepfakes/370_483.mp4,FaceForensics/original/370.mp4,deepfakes,1,0.0,0.0,0.0,0.0418,0.0,0.0
FaceForensics/Face2Face/370_483.mp4,FaceForensics/original/370.mp4,face2face,1,0.0,0.0,0.0513,0.0508,0.0,0.0
FaceForensics/FaceShifter/370_483.mp4,FaceForensics/original/370.mp4,faceshifter,1,0.0,0.0,0.0,0.0,0.0,0.0
FaceForensics/FaceSwap/370_483.mp4,FaceForensics/original/370.mp4,faceswap,1,0.0,0.0,0.0693,0.054,0.0,0.0
FaceForensics/NeuralTextures/370_483.mp4,FaceForensics/original/370.mp4,neuraltextures,1,0.2051,0.0,0.0934,0.0456,0.0,0.0
FaceForensics/original/371.mp4,FaceForensics/original/371.mp4,original,0,0.0,0.0,0.0,0.0,0.0,0.0
FaceForensics/Deepfakes/371_367.mp4,FaceForensics/original/371.mp4,deepfakes,1,0.0,0.0,0.0,0.0,0.0,0.0
FaceForensics/Face2Face/371_367.mp4,FaceForensics/original/371.mp4,face2face,1,0.0439,0.0,0.0,0.0,0.0,0.0
FaceForensics/FaceShifter/371_367.mp4,FaceForensics/original/371.mp4,faceshifter,1,0.0665,0.0,0.0917,0.0523,0.0,0.0
FaceForensics/FaceSwap/371_367.mp4,FaceForensics/original/371.mp4,faceswap,1,0.2092,0.0736,0.0,0.0,0.045,0.0
FaceForensics/NeuralTextures/371_367.mp4,FaceForensics/original/371.mp4,neuraltextures,1,0.063,0.0,0.0,0.0,0.0,0.0
FaceForensics/original/372.mp4,FaceForensics/original/372.mp4,original,0,0.0,0.0,0.0,0.0,0.0,0.0
FaceForensics/Deepfakes/372_413.mp4,FaceForensics/original/372.mp4,deepfakes,1,0.0,0.0498,0.0914,0.0604,0.0793,0.0584
FaceForensics/Face2Face/372_413.mp4,FaceForensics/original/372.mp4,face2face,1,0.1109,0.0,0.0,0.0,0.0,0.0
FaceForensics/FaceShifter/372_413.mp4,FaceForensics/original/372.mp4,faceshifter,1,0.0,0.0,0.0,0.0,0.0,0.0
FaceForensics/FaceSwap/372_413.mp4,FaceForensics/original/372.mp4,faceswap,1,0.0,0.0,0.0,0.0,0.0,0.0
FaceForensics/NeuralTextures/372_413.mp4,FaceForensics/original/372.mp4,neuraltextures,1,0.0905,0.0,0.0,0.0,0.0,0.0
FaceForensics/original/373.mp4,FaceForensics/original/373.mp4,original,0,0.0,0.0,0.0,0.0,0.0,0.0
FaceForensics/Deepfakes/373_394.mp4,FaceForensics/original/373.mp4,deepfakes,1,0.0,0.0,0.0,0.0,0.0,0.0
FaceForensics/Face2Face/373_394.mp4,FaceForensics/original/373.mp4,face2face,1,0.0893,0.0489,0.0938,0.0466,0.0,0.0
FaceForensics/FaceShifter/373_394.mp4,FaceForensics/original/373.mp4,faceshifter,1,0.0,0.0,0.0,0.0,0.0,0.0
FaceForensics/FaceSwap/373_394.mp4,FaceForensics/original/373.mp4,faceswap,1,0.1066,0.1271,0.0,0.0,0.0617,0.0507
FaceForensics/NeuralTextures/373_394.mp4,FaceForensics/original/373.mp4,neuraltextures,1,0.0686,0.0786,0.0745,0.0669,0.0439,0.0511
FaceForensics/original/374.mp4,FaceForensics/original/374.mp4,original,0,0.0,0.0,0.0,0.0,0.0,0.0
FaceForensics/Deepfakes/374_407.mp4,FaceForensics/original/374.mp4,deepfakes,1,0.0,0.0,0.0,0.0,0.0,0.0
FaceForensics/Face2Face/374_407.mp4,FaceForensics/original/374.mp4,face2face,1,0.0,0.0,0.0,0.0,0.0,0.0
FaceForensics/FaceShifter/374_407.mp4,FaceForensics/original/374.mp4,faceshifter,1,0.0,0.0,0.0,0.0,0.0,0.0
FaceForensics/FaceSwap/374_407.mp4,FaceForensics/original/374.mp4,faceswap,1,0.0,0.0,0.0,0.0,0.0,0.0
FaceForensics/NeuralTextures/374_407.mp4,FaceForensics/original/374.mp4,neuraltextures,1,0.0,0.0,0.0,0.0,0.0,0.0
FaceForensics/original/375.mp4,FaceForensics/original/375.mp4,original,0,0.0,0.0,0.0,0.0,0.0,0.0
FaceForensics/Deepfakes/375_251.mp4,FaceForensics/original/375.mp4,deepfakes,1,0.3701,0.0494,0.0,0.0491,0.0642,0.0
FaceForensics/Face2Face/375_251.mp4,FaceForensics/original/375.mp4,face2face,1,0.0,0.0,0.0,0.0,0.0578,0.0
FaceForensics/FaceShifter/375_251.mp4,FaceForensics/original/375.mp4,faceshifter,1,0.1428,0.0,0.0,0.0,0.0469,0.0
FaceForensics/FaceSwap/375_251.mp4,FaceForensics/original/375.mp4,faceswap,1,0.3153,0.0847,0.0787,0.104,0.1056,0.1015
FaceForensics/NeuralTextures/375_251.mp4,FaceForensics/original/375.mp4,neuraltextures,1,0.0,0.0,0.0,0.0,0.0406,0.0
FaceForensics/original/376.mp4,FaceForensics/original/376.mp4,original,0,0.0,0.0,0.0,0.0,0.0,0.0
FaceForensics/Deepfakes/376_381.mp4,FaceForensics/original/376.mp4,deepfakes,1,0.0,0.0,0.0,0.0,0.0,0.0
FaceForensics/Face2Face/376_381.mp4,FaceForensics/original/376.mp4,face2face,1,0.0,0.0,0.0477,0.0714,0.0,0.0
FaceForensics/FaceShifter/376_381.mp4,FaceForensics/original/376.mp4,faceshifter,1,0.0467,0.0,0.0,0.0,0.0,0.0
FaceForensics/FaceSwap/376_381.mp4,FaceForensics/original/376.mp4,faceswap,1,0.0,0.0,0.0,0.0,0.0,0.0
FaceForensics/NeuralTextures/376_381.mp4,FaceForensics/original/376.mp4,neuraltextures,1,0.0,0.0,0.0,0.0,0.0,0.0
FaceForensics/original/377.mp4,FaceForensics/original/377.mp4,original,0,0.0,0.0,0.0,0.0,0.0,0.0
FaceForensics/Deepfakes/377_333.mp4,FaceForensics/original/377.mp4,deepfakes,1,0.2184,0.3081,0.0,0.0887,0.0741,0.0
FaceForensics/Face2Face/377_333.mp4,FaceForensics/original/377.mp4,face2face,1,0.0651,0.0686,0.0,0.0604,0.0,0.0401
FaceForensics/FaceShifter/377_333.mp4,FaceForensics/original/377.mp4,faceshifter,1,0.1853,0.075,0.0,0.0658,0.0437,0.0
FaceForensics/FaceSwap/377_333.mp4,FaceForensics/original/377.mp4,faceswap,1,0.0,0.0,0.0,0.0,0.0,0.0
FaceForensics/NeuralTextures/377_333.mp4,FaceForensics/original/377.mp4,neuraltextures,1,0.0,0.0,0.0,0.0,0.0,0.0
FaceForensics/original/378.mp4,FaceForensics/original/378.mp4,original,0,0.0,0.0,0.0,0.0,0.0,0.0
FaceForensics/Deepfakes/378_368.mp4,FaceForensics/original/378.mp4,deepfakes,1,0.0,0.0,0.0,0.0,0.0,0.0
FaceForensics/Face2Face/378_368.mp4,FaceForensics/original/378.mp4,face2face,1,0.0,0.0,0.0,0.0,0.0,0.0
FaceForensics/FaceShifter/378_368.mp4,FaceForensics/original/378.mp4,faceshifter,1,0.0,0.0,0.0,0.0,0.0,0.0
FaceForensics/FaceSwap/378_368.mp4,FaceForensics/original/378.mp4,faceswap,1,0.0,0.0,0.0,0.0,0.0,0.0
FaceForensics/NeuralTextures/378_368.mp4,FaceForensics/original/378.mp4,neuraltextures,1,0.0,0.0,0.0,0.0,0.0,0.0
FaceForensics/original/379.mp4,FaceForensics/original/379.mp4,original,0,0.0,0.0,0.0,0.0,0.0,0.0
FaceForensics/Deepfakes/379_158.mp4,FaceForensics/original/379.mp4,deepfakes,1,0.0,0.0,0.0,0.0,0.0,0.0
FaceForensics/Face2Face/379_158.mp4,FaceForensics/original/379.mp4,face2face,1,0.0607,0.0,0.0537,0.0,0.0745,0.0
FaceForensics/FaceShifter/379_158.mp4,FaceForensics/original/379.mp4,faceshifter,1,0.0,0.0,0.0488,0.0,0.0,0.0
FaceForensics/FaceSwap/379_158.mp4,FaceForensics/original/379.mp4,faceswap,1,0.0548,0.0,0.0638,0.0416,0.0,0.0
FaceForensics/NeuralTextures/379_158.mp4,FaceForensics/original/379.mp4,neuraltextures,1,0.0,0.0,0.0,0.0,0.0,0.0
FaceForensics/original/380.mp4,FaceForensics/original/380.mp4,original,0,0.0,0.0,0.0,0.0,0.0,0.0
FaceForensics/Deepfakes/380_358.mp4,FaceForensics/original/380.mp4,deepfakes,1,0.0645,0.0567,0.0728,0.0779,0.0,0.0
FaceForensics/Face2Face/380_358.mp4,FaceForensics/original/380.mp4,face2face,1,0.0,0.0,0.0,0.0,0.0,0.0
FaceForensics/FaceShifter/380_358.mp4,FaceForensics/original/380.mp4,faceshifter,1,0.0725,0.0725,0.0,0.0562,0.0,0.0
FaceForensics/FaceSwap/380_358.mp4,FaceForensics/original/380.mp4,faceswap,1,0.0,0.0907,0.0702,0.0,0.0,0.0
FaceForensics/NeuralTextures/380_358.mp4,FaceForensics/original/380.mp4,neuraltextures,1,0.0,0.0,0.0722,0.0415,0.0,0.0
FaceForensics/original/381.mp4,FaceForensics/original/381.mp4,original,0,0.0,0.0,0.0,0.0,0.0,0.0
FaceForensics/Deepfakes/381_376.mp4,FaceForensics/original/381.mp4,deepfakes,1,0.0903,0.1334,0.0,0.0526,0.0411,0.0
FaceForensics/Face2Face/381_376.mp4,FaceForensics/original/381.mp4,face2face,1,0.0,0.0,0.0,0.0,0.0,0.0
FaceForensics/FaceShifter/381_376.mp4,FaceForensics/original/381.mp4,faceshifter,1,0.0,0.0,0.0474,0.0,0.0,0.0
FaceForensics/FaceSwap/381_376.mp4,FaceForensics/original/381.mp4,faceswap,1,0.2273,0.2024,0.1297,0.1149,0.0848,0.0646
FaceForensics/NeuralTextures/381_376.mp4,FaceForensics/original/381.mp4,neuraltextures,1,0.0,0.0,0.0,0.0435,0.0,0.0
FaceForensics/original/382.mp4,FaceForensics/original/382.mp4,original,0,0.0,0.0,0.0,0.0,0.0,0.0
FaceForensics/Deepfakes/382_409.mp4,FaceForensics/original/382.mp4,deepfakes,1,0.0,0.0,0.0,0.0,0.0,0.0
FaceForensics/Face2Face/382_409.mp4,FaceForensics/original/382.mp4,face2face,1,0.0,0.0,0.0,0.0,0.0,0.0
FaceForensics/FaceShifter/382_409.mp4,FaceForensics/original/382.mp4,faceshifter,1,0.0516,0.0403,0.0,0.0,0.0,0.0
FaceForensics/FaceSwap/382_409.mp4,FaceForensics/original/382.mp4,faceswap,1,0.0581,0.0,0.0,0.0,0.0,0.0
FaceForensics/NeuralTextures/382_409.mp4,FaceForensics/original/382.mp4,neuraltextures,1,0.0,0.0,0.0,0.0,0.0,0.0
FaceForensics/original/383.mp4,FaceForensics/original/383.mp4,original,0,0.0,0.0,0.0,0.0,0.0,0.0
FaceForensics/Deepfakes/383_353.mp4,FaceForensics/original/383.mp4,deepfakes,1,0.0,0.0,0.0,0.0,0.0,0.0
FaceForensics/Face2Face/383_353.mp4,FaceForensics/original/383.mp4,face2face,1,0.0,0.0,0.0,0.0,0.0,0.0
FaceForensics/FaceShifter/383_353.mp4,FaceForensics/original/383.mp4,faceshifter,1,0.0625,0.0,0.0,0.0,0.0,0.0
FaceForensics/FaceSwap/383_353.mp4,FaceForensics/original/383.mp4,faceswap,1,0.1135,0.0,0.0,0.0,0.0,0.0
FaceForensics/NeuralTextures/383_353.mp4,FaceForensics/original/383.mp4,neuraltextures,1,0.0,0.0,0.0,0.0,0.0,0.0
FaceForensics/original/384.mp4,FaceForensics/original/384.mp4,original,0,0.0,0.0,0.0,0.0,0.0,0.0
FaceForensics/Deepfakes/384_932.mp4,FaceForensics/original/384.mp4,deepfakes,1,0.1503,0.1715,0.0788,0.1745,0.1422,0.1485
FaceForensics/Face2Face/384_932.mp4,FaceForensics/original/384.mp4,face2face,1,0.0,0.0,0.0,0.0,0.0,0.0
FaceForensics/FaceShifter/384_932.mp4,FaceForensics/original/384.mp4,faceshifter,1,0.0,0.0,0.0,0.0,0.0,0.0
FaceForensics/FaceSwap/384_932.mp4,FaceForensics/original/384.mp4,faceswap,1,0.1985,0.2149,0.2503,0.3223,0.2014,0.2108
FaceForensics/NeuralTextures/384_932.mp4,FaceForensics/original/384.mp4,neuraltextures,1,0.0,0.0,0.0,0.0,0.0,0.0
FaceForensics/original/385.mp4,FaceForensics/original/385.mp4,original,0,0.0,0.0,0.0,0.0,0.0,0.0
FaceForensics/Deepfakes/385_414.mp4,FaceForensics/original/385.mp4,deepfakes,1,0.0,0.0,0.0,0.0,0.0,0.0
FaceForensics/Face2Face/385_414.mp4,FaceForensics/original/385.mp4,face2face,1,0.1959,0.0,0.0542,0.0,0.0,0.0
FaceForensics/FaceShifter/385_414.mp4,FaceForensics/original/385.mp4,faceshifter,1,0.0,0.0,0.0,0.0,0.0,0.0
FaceForensics/FaceSwap/385_414.mp4,FaceForensics/original/385.mp4,faceswap,1,0.0,0.0,0.0,0.0,0.0,0.0
FaceForensics/NeuralTextures/385_414.mp4,FaceForensics/original/385.mp4,neuraltextures,1,0.0,0.0,0.0,0.0,0.0,0.0
FaceForensics/original/386.mp4,FaceForensics/original/386.mp4,original,0,0.0,0.0,0.0,0.0,0.0,0.0
FaceForensics/Deepfakes/386_154.mp4,FaceForensics/original/386.mp4,deepfakes,1,0.0,0.0,0.0,0.0563,0.0506,0.0451
FaceForensics/Face2Face/386_154.mp4,FaceForensics/original/386.mp4,face2face,1,0.0,0.0,0.0,0.0,0.0,0.0
FaceForensics/FaceShifter/386_154.mp4,FaceForensics/original/386.mp4,faceshifter,1,0.0,0.0407,0.2158,0.1453,0.0829,0.2029
FaceForensics/FaceSwap/386_154.mp4,FaceForensics/original/386.mp4,faceswap,1,0.1079,0.1175,0.0,0.0,0.0,0.0
FaceForensics/NeuralTextures/386_154.mp4,FaceForensics/original/386.mp4,neuraltextures,1,0.0,0.0,0.0,0.0,0.0,0.0
FaceForensics/original/387.mp4,FaceForensics/original/387.mp4,original,0,0.0,0.0,0.0,0.0,0.0,0.0
FaceForensics/Deepfakes/387_311.mp4,FaceForensics/original/387.mp4,deepfakes,1,0.0436,0.0,0.0,0.0,0.0,0.0
FaceForensics/Face2Face/387_311.mp4,FaceForensics/original/387.mp4,face2face,1,0.0421,0.0,0.0,0.0,0.0,0.0
FaceForensics/FaceShifter/387_311.mp4,FaceForensics/original/387.mp4,faceshifter,1,0.0523,0.0,0.0,0.0,0.0,0.0
FaceForensics/FaceSwap/387_311.mp4,FaceForensics/original/387.mp4,faceswap,1,0.1018,0.0543,0.0,0.0,0.0,0.0
FaceForensics/NeuralTextures/387_311.mp4,FaceForensics/original/387.mp4,neuraltextures,1,0.0461,0.0,0.0,0.0,0.0,0.0
FaceForensics/original/388.mp4,FaceForensics/original/388.mp4,original,0,0.0,0.0,0.0,0.0,0.0,0.0
FaceForensics/Deepfakes/388_308.mp4,FaceForensics/original/388.mp4,deepfakes,1,0.0,0.0,0.0,0.0,0.0,0.0
FaceForensics/Face2Face/388_308.mp4,FaceForensics/original/388.mp4,face2face,1,0.0,0.0,0.0415,0.0,0.0,0.0
FaceForensics/FaceShifter/388_308.mp4,FaceForensics/original/388.mp4,faceshifter,1,0.0,0.0,0.0,0.0,0.0,0.0
FaceForensics/FaceSwap/388_308.mp4,FaceForensics/original/388.mp4,faceswap,1,0.072,0.0893,0.0,0.0636,0.0,0.0
FaceForensics/NeuralTextures/388_308.mp4,FaceForensics/original/388.mp4,neuraltextures,1,0.0,0.0,0.0,0.0,0.0,0.0
FaceForensics/original/389.mp4,FaceForensics/original/389.mp4,original,0,0.0,0.0,0.0,0.0,0.0,0.0
FaceForensics/Deepfakes/389_480.mp4,FaceForensics/original/389.mp4,deepfakes,1,0.0,0.054,0.0,0.0644,0.0466,0.0
FaceForensics/Face2Face/389_480.mp4,FaceForensics/original/389.mp4,face2face,1,0.1474,0.0615,0.0,0.0,0.0,0.0
FaceForensics/FaceShifter/389_480.mp4,FaceForensics/original/389.mp4,faceshifter,1,0.0,0.0,0.0,0.0,0.0,0.0
FaceForensics/FaceSwap/389_480.mp4,FaceForensics/original/389.mp4,faceswap,1,0.0,0.0,0.0,0.0,0.0,0.0
FaceForensics/NeuralTextures/389_480.mp4,FaceForensics/original/389.mp4,neuraltextures,1,0.0572,0.0,0.0,0.0,0.0,0.0
FaceForensics/original/390.mp4,FaceForensics/original/390.mp4,original,0,0.0,0.0,0.0,0.0,0.0,0.0
FaceForensics/Deepfakes/390_709.mp4,FaceForensics/original/390.mp4,deepfakes,1,0.0,0.0,0.0,0.0,0.0,0.0
FaceForensics/Face2Face/390_709.mp4,FaceForensics/original/390.mp4,face2face,1,0.0957,0.0,0.0,0.0,0.0,0.0
FaceForensics/FaceShifter/390_709.mp4,FaceForensics/original/390.mp4,faceshifter,1,0.0,0.0,0.0,0.0,0.0,0.0
FaceForensics/FaceSwap/390_709.mp4,FaceForensics/original/390.mp4,faceswap,1,0.0,0.0,0.0,0.0,0.0,0.0
FaceForensics/NeuralTextures/390_709.mp4,FaceForensics/original/390.mp4,neuraltextures,1,0.0,0.0,0.0,0.0,0.0,0.0
FaceForensics/original/391.mp4,FaceForensics/original/391.mp4,original,0,0.0,0.0,0.0,0.0,0.0,0.0
FaceForensics/Deepfakes/391_406.mp4,FaceForensics/original/391.mp4,deepfakes,1,0.0644,0.0752,0.0855,0.0747,0.0917,0.086
FaceForensics/Face2Face/391_406.mp4,FaceForensics/original/391.mp4,face2face,1,0.0652,0.0447,0.0657,0.0,0.071,0.0
FaceForensics/FaceShifter/391_406.mp4,FaceForensics/original/391.mp4,faceshifter,1,0.0796,0.0609,0.0615,0.0404,0.059,0.0
FaceForensics/FaceSwap/391_406.mp4,FaceForensics/original/391.mp4,faceswap,1,0.0585,0.1079,0.0,0.0435,0.09,0.0
FaceForensics/NeuralTextures/391_406.mp4,FaceForensics/original/391.mp4,neuraltextures,1,0.0847,0.0,0.0483,0.0,0.0,0.0
FaceForensics/original/392.mp4,FaceForensics/original/392.mp4,original,0,0.0,0.0,0.0,0.0,0.0,0.0
FaceForensics/Deepfakes/392_339.mp4,FaceForensics/original/392.mp4,deepfakes,1,0.0,0.0,0.0432,0.0,0.0,0.0
FaceForensics/Face2Face/392_339.mp4,FaceForensics/original/392.mp4,face2face,1,0.1108,0.0,0.0,0.0478,0.0,0.0
FaceForensics/FaceShifter/392_339.mp4,FaceForensics/original/392.mp4,faceshifter,1,0.0,0.0,0.0,0.0,0.0,0.0
FaceForensics/FaceSwap/392_339.mp4,FaceForensics/original/392.mp4,faceswap,1,0.0676,0.0491,0.0448,0.0434,0.0469,0.0587
FaceForensics/NeuralTextures/392_339.mp4,FaceForensics/original/392.mp4,neuraltextures,1,0.0,0.0,0.0,0.0,0.0,0.0
FaceForensics/original/393.mp4,FaceForensics/original/393.mp4,original,0,0.0,0.0,0.0,0.0,0.0,0.0
FaceForensics/Deepfakes/393_405.mp4,FaceForensics/original/393.mp4,deepfakes,1,0.0,0.0,0.0,0.0,0.0,0.0
FaceForensics/Face2Face/393_405.mp4,FaceForensics/original/393.mp4,face2face,1,0.0,0.0,0.0,0.0,0.0,0.0
FaceForensics/FaceShifter/393_405.mp4,FaceForensics/original/393.mp4,faceshifter,1,0.0,0.0,0.0937,0.0,0.0,0.0
FaceForensics/FaceSwap/393_405.mp4,FaceForensics/original/393.mp4,faceswap,1,0.0,0.0,0.0,0.0,0.0,0.0
FaceForensics/NeuralTextures/393_405.mp4,FaceForensics/original/393.mp4,neuraltextures,1,0.0,0.0,0.0,0.0,0.0,0.0
FaceForensics/original/394.mp4,FaceForensics/original/394.mp4,original,0,0.0,0.0,0.0,0.0,0.0,0.0
FaceForensics/Deepfakes/394_373.mp4,FaceForensics/original/394.mp4,deepfakes,1,0.0663,0.0,0.0854,0.0576,0.0548,0.0552
FaceForensics/Face2Face/394_373.mp4,FaceForensics/original/394.mp4,face2face,1,0.0,0.0,0.0,0.0,0.0498,0.0
FaceForensics/FaceShifter/394_373.mp4,FaceForensics/original/394.mp4,faceshifter,1,0.0,0.0,0.0,0.0,0.0,0.0
FaceForensics/FaceSwap/394_373.mp4,FaceForensics/original/394.mp4,faceswap,1,0.0,0.0,0.0,0.0,0.0,0.0
FaceForensics/NeuralTextures/394_373.mp4,FaceForensics/original/394.mp4,neuraltextures,1,0.0404,0.0584,0.0422,0.047,0.0,0.0
FaceForensics/original/395.mp4,FaceForensics/original/395.mp4,original,0,0.0,0.0,0.0,0.0,0.0,0.0
FaceForensics/Deepfakes/395_401.mp4,FaceForensics/original/395.mp4,deepfakes,1,0.065,0.0529,0.0,0.0647,0.0,0.0
FaceForensics/Face2Face/395_401.mp4,FaceForensics/original/395.mp4,face2face,1,0.0,0.0,0.0,0.0,0.0,0.0
FaceForensics/FaceShifter/395_401.mp4,FaceForensics/original/395.mp4,faceshifter,1,0.1301,0.0532,0.0,0.0777,0.0,0.0435
FaceForensics/FaceSwap/395_401.mp4,FaceForensics/original/395.mp4,faceswap,1,0.0,0.0,0.0,0.0,0.0,0.0
FaceForensics/NeuralTextures/395_401.mp4,FaceForensics/original/395.mp4,neuraltextures,1,0.0445,0.0,0.0,0.0,0.0,0.0
FaceForensics/original/396.mp4,FaceForensics/original/396.mp4,original,0,0.0,0.0,0.0,0.0,0.0,0.0
FaceForensics/Deepfakes/396_272.mp4,FaceForensics/original/396.mp4,deepfakes,1,0.0,0.0,0.0,0.0,0.0,0.0
FaceForensics/Face2Face/396_272.mp4,FaceForensics/original/396.mp4,face2face,1,0.0,0.0,0.0,0.0,0.0,0.0
FaceForensics/FaceShifter/396_272.mp4,FaceForensics/original/396.mp4,faceshifter,1,0.0,0.0571,0.0,0.0,0.0,0.0
FaceForensics/FaceSwap/396_272.mp4,FaceForensics/original/396.mp4,faceswap,1,0.1229,0.1864,0.0,0.0,0.0,0.0
FaceForensics/NeuralTextures/396_272.mp4,FaceForensics/original/396.mp4,neuraltextures,1,0.0,0.0,0.0,0.0,0.0,0.0
FaceForensics/original/397.mp4,FaceForensics/original/397.mp4,original,0,0.0,0.0,0.0,0.0,0.0,0.0
FaceForensics/Deepfakes/397_602.mp4,FaceForensics/original/397.mp4,deepfakes,1,0.0866,0.0,0.1353,0.1698,0.0972,0.0897
FaceForensics/Face2Face/397_602.mp4,FaceForensics/original/397.mp4,face2face,1,0.1277,0.0,0.0,0.0,0.0,0.0
FaceForensics/FaceShifter/397_602.mp4,FaceForensics/original/397.mp4,faceshifter,1,0.1982,0.0,0.0,0.0,0.0,0.0
FaceForensics/FaceSwap/397_602.mp4,FaceForensics/original/397.mp4,faceswap,1,0.0453,0.0,0.0,0.0,0.0,0.0
FaceForensics/NeuralTextures/397_602.mp4,FaceForensics/original/397.mp4,neuraltextures,1,0.0,0.0,0.0,0.0,0.0,0.0
FaceForensics/original/398.mp4,FaceForensics/original/398.mp4,original,0,0.0,0.0,0.0,0.0,0.0,0.0
FaceForensics/Deepfakes/398_457.mp4,FaceForensics/original/398.mp4,deepfakes,1,0.0,0.0432,0.0578,0.0507,0.0599,0.0
FaceForensics/Face2Face/398_457.mp4,FaceForensics/original/398.mp4,face2face,1,0.052,0.0,0.0,0.0,0.0,0.0
FaceForensics/FaceShifter/398_457.mp4,FaceForensics/original/398.mp4,faceshifter,1,0.0675,0.0507,0.1064,0.063,0.0,0.0516
FaceForensics/FaceSwap/398_457.mp4,FaceForensics/original/398.mp4,faceswap,1,0.1072,0.0745,0.0725,0.0927,0.0766,0.0847
FaceForensics/NeuralTextures/398_457.mp4,FaceForensics/original/398.mp4,neuraltextures,1,0.0854,0.0885,0.0522,0.0456,0.0,0.0651
FaceForensics/original/399.mp4,FaceForensics/original/399.mp4,original,0,0.0,0.0,0.0,0.0,0.0,0.0
FaceForensics/Deepfakes/399_488.mp4,FaceForensics/original/399.mp4,deepfakes,1,0.0435,0.0,0.0727,0.0,0.0,0.0
FaceForensics/Face2Face/399_488.mp4,FaceForensics/original/399.mp4,face2face,1,0.0586,0.0,0.0,0.0491,0.0,0.0
FaceForensics/FaceShifter/399_488.mp4,FaceForensics/original/399.mp4,faceshifter,1,0.0,0.0,0.0,0.0,0.0,0.0
FaceForensics/FaceSwap/399_488.mp4,FaceForensics/original/399.mp4,faceswap,1,0.0,0.0624,0.0475,0.0,0.0,0.0
FaceForensics/NeuralTextures/399_488.mp4,FaceForensics/original/399.mp4,neuraltextures,1,0.0,0.0,0.0,0.0,0.0,0.0
FaceForensics/original/400.mp4,FaceForensics/original/400.mp4,original,0,0.0,0.0,0.0,0.0,0.0,0.0
FaceForensics/Deepfakes/400_476.mp4,FaceForensics/original/400.mp4,deepfakes,1,0.0,0.0,0.0,0.0,0.0,0.0
FaceForensics/Face2Face/400_476.mp4,FaceForensics/original/400.mp4,face2face,1,0.129,0.0443,0.0,0.0,0.0,0.0
FaceForensics/FaceShifter/400_476.mp4,FaceForensics/original/400.mp4,faceshifter,1,0.0,0.0,0.0,0.0,0.0,0.0
FaceForensics/FaceSwap/400_476.mp4,FaceForensics/original/400.mp4,faceswap,1,0.0,0.0,0.0,0.0,0.0,0.0
FaceForensics/NeuralTextures/400_476.mp4,FaceForensics/original/400.mp4,neuraltextures,1,0.1162,0.0,0.0,0.0,0.0,0.0
FaceForensics/original/401.mp4,FaceForensics/original/401.mp4,original,0,0.0,0.0,0.0,0.0,0.0,0.0
FaceForensics/Deepfakes/401_395.mp4,FaceForensics/original/401.mp4,deepfakes,1,0.0,0.084,0.0,0.0423,0.0,0.0
FaceForensics/Face2Face/401_395.mp4,FaceForensics/original/401.mp4,face2face,1,0.0,0.0,0.0,0.0,0.0,0.0
FaceForensics/FaceShifter/401_395.mp4,FaceForensics/original/401.mp4,faceshifter,1,0.0,0.0,0.0,0.0,0.0,0.0
FaceForensics/FaceSwap/401_395.mp4,FaceForensics/original/401.mp4,faceswap,1,0.0,0.0777,0.0,0.0486,0.0,0.0
FaceForensics/NeuralTextures/401_395.mp4,FaceForensics/original/401.mp4,neuraltextures,1,0.0,0.0,0.0,0.0,0.0,0.0
FaceForensics/original/402.mp4,FaceForensics/original/402.mp4,original,0,0.0,0.0,0.0,0.0,0.0,0.0
FaceForensics/Deepfakes/402_453.mp4,FaceForensics/original/402.mp4,deepfakes,1,0.0,0.0,0.0,0.0,0.0,0.0
FaceForensics/Face2Face/402_453.mp4,FaceForensics/original/402.mp4,face2face,1,0.0,0.0,0.0,0.0,0.0,0.0
FaceForensics/FaceShifter/402_453.mp4,FaceForensics/original/402.mp4,faceshifter,1,0.0,0.0,0.0,0.0,0.0,0.0
FaceForensics/FaceSwap/402_453.mp4,FaceForensics/original/402.mp4,faceswap,1,0.1269,0.1632,0.0,0.0814,0.0,0.0
FaceForensics/NeuralTextures/402_453.mp4,FaceForensics/original/402.mp4,neuraltextures,1,0.0,0.0,0.056,0.0,0.0,0.0
FaceForensics/original/403.mp4,FaceForensics/original/403.mp4,original,0,0.0,0.0,0.0,0.0,0.0,0.0
FaceForensics/Deepfakes/403_497.mp4,FaceForensics/original/403.mp4,deepfakes,1,0.0,0.0,0.0896,0.0588,0.0,0.0
FaceForensics/Face2Face/403_497.mp4,FaceForensics/original/403.mp4,face2face,1,0.0,0.0,0.0838,0.0,0.0,0.0
FaceForensics/FaceShifter/403_497.mp4,FaceForensics/original/403.mp4,faceshifter,1,0.0,0.0,0.0563,0.044,0.0,0.0
FaceForensics/FaceSwap/403_497.mp4,FaceForensics/original/403.mp4,faceswap,1,0.0,0.0573,0.0788,0.0511,0.0,0.0
FaceForensics/NeuralTextures/403_497.mp4,FaceForensics/original/403.mp4,neuraltextures,1,0.0,0.0,0.1338,0.0528,0.0,0.0
FaceForensics/original/404.mp4,FaceForensics/original/404.mp4,original,0,0.0,0.0,0.0,0.0,0.0,0.0
FaceForensics/Deepfakes/404_429.mp4,FaceForensics/original/404.mp4,deepfakes,1,0.0,0.0,0.0,0.0,0.0,0.0
FaceForensics/Face2Face/404_429.mp4,FaceForensics/original/404.mp4,face2face,1,0.0,0.0,0.0435,0.0,0.0,0.0
FaceForensics/FaceShifter/404_429.mp4,FaceForensics/original/404.mp4,faceshifter,1,0.0,0.0,0.0,0.0,0.0,0.0
FaceForensics/FaceSwap/404_429.mp4,FaceForensics/original/404.mp4,faceswap,1,0.0,0.0,0.0,0.0,0.0,0.0
FaceForensics/NeuralTextures/404_429.mp4,FaceForensics/original/404.mp4,neuraltextures,1,0.0,0.0,0.0,0.0,0.0,0.0
FaceForensics/original/405.mp4,FaceForensics/original/405.mp4,original,0,0.0,0.0,0.0,0.0,0.0,0.0
FaceForensics/Deepfakes/405_393.mp4,FaceForensics/original/405.mp4,deepfakes,1,0.0,0.0,0.0581,0.0,0.0,0.0
FaceForensics/Face2Face/405_393.mp4,FaceForensics/original/405.mp4,face2face,1,0.0,0.0,0.0,0.0,0.0,0.0
FaceForensics/FaceShifter/405_393.mp4,FaceForensics/original/405.mp4,faceshifter,1,0.0,0.0,0.0,0.0,0.0489,0.0
FaceForensics/FaceSwap/405_393.mp4,FaceForensics/original/405.mp4,faceswap,1,0.0,0.0,0.0,0.0,0.0,0.0
FaceForensics/NeuralTextures/405_393.mp4,FaceForensics/original/405.mp4,neuraltextures,1,0.0,0.0,0.0,0.0,0.0,0.0
FaceForensics/original/406.mp4,FaceForensics/original/406.mp4,original,0,0.0,0.0,0.0,0.0,0.0,0.0
FaceForensics/Deepfakes/406_391.mp4,FaceForensics/original/406.mp4,deepfakes,1,0.0,0.0425,0.0,0.0,0.0,0.0
FaceForensics/Face2Face/406_391.mp4,FaceForensics/original/406.mp4,face2face,1,0.0945,0.0547,0.0422,0.0465,0.0459,0.0689
FaceForensics/FaceShifter/406_391.mp4,FaceForensics/original/406.mp4,faceshifter,1,0.0,0.0,0.0,0.0,0.0,0.0
FaceForensics/FaceSwap/406_391.mp4,FaceForensics/original/406.mp4,faceswap,1,0.0,0.0,0.0,0.0,0.0,0.0
FaceForensics/NeuralTextures/406_391.mp4,FaceForensics/original/406.mp4,neuraltextures,1,0.0979,0.0666,0.0871,0.0689,0.0,0.0593
FaceForensics/original/407.mp4,FaceForensics/original/407.mp4,original,0,0.0,0.0,0.0,0.0,0.0,0.0
FaceForensics/Deepfakes/407_374.mp4,FaceForensics/original/407.mp4,deepfakes,1,0.0514,0.0,0.0,0.0,0.0,0.0
FaceForensics/Face2Face/407_374.mp4,FaceForensics/original/407.mp4,face2face,1,0.0,0.0,0.0,0.0,0.0,0.0
FaceForensics/FaceShifter/407_374.mp4,FaceForensics/original/407.mp4,faceshifter,1,0.0,0.0,0.0,0.0,0.0,0.0
FaceForensics/FaceSwap/407_374.mp4,FaceForensics/original/407.mp4,faceswap,1,0.0883,0.1006,0.1057,0.1169,0.0446,0.0
FaceForensics/NeuralTextures/407_374.mp4,FaceForensics/original/407.mp4,neuraltextures,1,0.0515,0.0,0.0,0.0,0.0,0.0
FaceForensics/original/408.mp4,FaceForensics/original/408.mp4,original,0,0.0,0.0,0.0,0.0,0.0,0.0
FaceForensics/Deepfakes/408_424.mp4,FaceForensics/original/408.mp4,deepfakes,1,0.0906,0.0623,0.0541,0.0491,0.0,0.0
FaceForensics/Face2Face/408_424.mp4,FaceForensics/original/408.mp4,face2face,1,0.0,0.0,0.0,0.0,0.0,0.0
FaceForensics/FaceShifter/408_424.mp4,FaceForensics/original/408.mp4,faceshifter,1,0.0,0.0,0.0,0.0,0.0,0.0
FaceForensics/FaceSwap/408_424.mp4,FaceForensics/original/408.mp4,faceswap,1,0.058,0.0,0.0,0.0,0.0,0.0
FaceForensics/NeuralTextures/408_424.mp4,FaceForensics/original/408.mp4,neuraltextures,1,0.0,0.0,0.0,0.0,0.0,0.0
FaceForensics/original/409.mp4,FaceForensics/original/409.mp4,original,0,0.0,0.0,0.0,0.0,0.0,0.0
FaceForensics/Deepfakes/409_382.mp4,FaceForensics/original/409.mp4,deepfakes,1,0.0,0.0,0.0,0.0,0.0,0.0
FaceForensics/Face2Face/409_382.mp4,FaceForensics/original/409.mp4,face2face,1,0.0,0.0,0.0,0.0,0.0,0.0
FaceForensics/FaceShifter/409_382.mp4,FaceForensics/original/409.mp4,faceshifter,1,0.0,0.0,0.0,0.0,0.0,0.0
FaceForensics/FaceSwap/409_382.mp4,FaceForensics/original/409.mp4,faceswap,1,0.0,0.0,0.0,0.0,0.0,0.0
FaceForensics/NeuralTextures/409_382.mp4,FaceForensics/original/409.mp4,neuraltextures,1,0.0,0.0,0.0,0.0,0.0,0.0
FaceForensics/original/410.mp4,FaceForensics/original/410.mp4,original,0,0.0,0.0,0.0,0.0,0.0,0.0
FaceForensics/Deepfakes/410_411.mp4,FaceForensics/original/410.mp4,deepfakes,1,0.1587,0.0808,0.0556,0.0804,0.0747,0.0907
FaceForensics/Face2Face/410_411.mp4,FaceForensics/original/410.mp4,face2face,1,0.0591,0.0,0.0,0.0519,0.0,0.0
FaceForensics/FaceShifter/410_411.mp4,FaceForensics/original/410.mp4,faceshifter,1,0.1175,0.0522,0.0427,0.0469,0.0,0.0423
FaceForensics/FaceSwap/410_411.mp4,FaceForensics/original/410.mp4,faceswap,1,0.1141,0.1098,0.1094,0.1203,0.0543,0.0686
FaceForensics/NeuralTextures/410_411.mp4,FaceForensics/original/410.mp4,neuraltextures,1,0.0,0.0,0.0,0.0,0.0,0.0
FaceForensics/original/411.mp4,FaceForensics/original/411.mp4,original,0,0.0,0.0,0.0,0.0,0.0,0.0
FaceForensics/Deepfakes/411_410.mp4,FaceForensics/original/411.mp4,deepfakes,1,0.0,0.0,0.0,0.0,0.0,0.0
FaceForensics/Face2Face/411_410.mp4,FaceForensics/original/411.mp4,face2face,1,0.069,0.0,0.0,0.0,0.0,0.0
FaceForensics/FaceShifter/411_410.mp4,FaceForensics/original/411.mp4,faceshifter,1,0.0,0.0,0.0,0.0,0.0,0.0
FaceForensics/FaceSwap/411_410.mp4,FaceForensics/original/411.mp4,faceswap,1,0.0,0.0,0.0,0.0,0.0,0.0
FaceForensics/NeuralTextures/411_410.mp4,FaceForensics/original/411.mp4,neuraltextures,1,0.0456,0.0,0.0,0.0,0.0,0.0
FaceForensics/original/412.mp4,FaceForensics/original/412.mp4,original,0,0.0,0.0,0.0,0.0,0.0,0.0
FaceForensics/Deepfakes/412_274.mp4,FaceForensics/original/412.mp4,deepfakes,1,0.0567,0.0,0.0,0.0,0.0,0.0
FaceForensics/Face2Face/412_274.mp4,FaceForensics/original/412.mp4,face2face,1,0.0,0.0,0.0,0.0,0.0,0.0
FaceForensics/FaceShifter/412_274.mp4,FaceForensics/original/412.mp4,faceshifter,1,0.1484,0.0482,0.0,0.0,0.0461,0.0
FaceForensics/FaceSwap/412_274.mp4,FaceForensics/original/412.mp4,faceswap,1,0.0,0.0,0.0,0.0,0.0,0.0
FaceForensics/NeuralTextures/412_274.mp4,FaceForensics/original/412.mp4,neuraltextures,1,0.0,0.0,0.0,0.0,0.0,0.0
FaceForensics/original/413.mp4,FaceForensics/original/413.mp4,original,0,0.0,0.0,0.0,0.0,0.0,0.0
FaceForensics/Deepfakes/413_372.mp4,FaceForensics/original/413.mp4,deepfakes,1,0.1502,0.1076,0.1911,0.2129,0.0521,0.1874
FaceForensics/Face2Face/413_372.mp4,FaceForensics/original/413.mp4,face2face,1,0.0,0.0,0.0,0.0,0.0,0.0
FaceForensics/FaceShifter/413_372.mp4,FaceForensics/original/413.mp4,faceshifter,1,0.0,0.0,0.0,0.0506,0.0,0.0
FaceForensics/FaceSwap/413_372.mp4,FaceForensics/original/413.mp4,faceswap,1,0.0775,0.1077,0.0,0.0,0.1103,0.0466
FaceForensics/NeuralTextures/413_372.mp4,FaceForensics/original/413.mp4,neuraltextures,1,0.0,0.0,0.0,0.0,0.0,0.0
FaceForensics/original/414.mp4,FaceForensics/original/414.mp4,original,0,0.0,0.0,0.0,0.0,0.0,0.0
FaceForensics/Deepfakes/414_385.mp4,FaceForensics/original/414.mp4,deepfakes,1,0.0977,0.0,0.0563,0.0,0.0,0.0
FaceForensics/Face2Face/414_385.mp4,FaceForensics/original/414.mp4,face2face,1,0.0,0.0,0.0,0.0,0.0,0.0
FaceForensics/FaceShifter/414_385.mp4,FaceForensics/original/414.mp4,faceshifter,1,0.0628,0.0,0.0468,0.0,0.0,0.0
FaceForensics/FaceSwap/414_385.mp4,FaceForensics/original/414.mp4,faceswap,1,0.0,0.0804,0.0,0.0438,0.0778,0.0
FaceForensics/NeuralTextures/414_385.mp4,FaceForensics/original/414.mp4,neuraltextures,1,0.0,0.0,0.0,0.0,0.0,0.0
FaceForensics/original/415.mp4,FaceForensics/original/415.mp4,original,0,0.0,0.0,0.0,0.0,0.0,0.0
FaceForensics/Deepfakes/415_484.mp4,FaceForensics/original/415.mp4,deepfakes,1,0.0581,0.0898,0.0607,0.0914,0.0,0.0
FaceForensics/Face2Face/415_484.mp4,FaceForensics/original/415.mp4,face2face,1,0.0,0.0,0.0,0.0,0.0,0.0
FaceForensics/FaceShifter/415_484.mp4,FaceForensics/original/415.mp4,faceshifter,1,0.0,0.0,0.0,0.0,0.0,0.0
FaceForensics/FaceSwap/415_484.mp4,FaceForensics/original/415.mp4,faceswap,1,0.0,0.0633,0.0,0.0,0.0,0.0
FaceForensics/NeuralTextures/415_484.mp4,FaceForensics/original/415.mp4,neuraltextures,1,0.0,0.0,0.0657,0.0,0.0,0.0
FaceForensics/original/416.mp4,FaceForensics/original/416.mp4,original,0,0.0,0.0,0.0,0.0,0.0,0.0
FaceForensics/Deepfakes/416_342.mp4,FaceForensics/original/416.mp4,deepfakes,1,0.157,0.0,0.5123,0.1748,0.1278,0.1699
FaceForensics/Face2Face/416_342.mp4,FaceForensics/original/416.mp4,face2face,1,0.0,0.0,0.0,0.0,0.0,0.0
FaceForensics/FaceShifter/416_342.mp4,FaceForensics/original/416.mp4,faceshifter,1,0.0,0.0,0.0,0.0,0.0,0.0
FaceForensics/FaceSwap/416_342.mp4,FaceForensics/original/416.mp4,faceswap,1,0.0473,0.0,0.0,0.0,0.0,0.0
FaceForensics/NeuralTextures/416_342.mp4,FaceForensics/original/416.mp4,neuraltextures,1,0.0,0.0,0.0,0.0,0.0,0.0
FaceForensics/original/417.mp4,FaceForensics/original/417.mp4,original,0,0.0,0.0,0.0,0.0,0.0,0.0
FaceForensics/Deepfakes/417_496.mp4,FaceForensics/original/417.mp4,deepfakes,1,0.0,0.0,0.0461,0.0,0.0,0.0
FaceForensics/Face2Face/417_496.mp4,FaceForensics/original/417.mp4,face2face,1,0.0608,0.0,0.0541,0.0,0.0,0.0
FaceForensics/FaceShifter/417_496.mp4,FaceForensics/original/417.mp4,faceshifter,1,0.0,0.0,0.0,0.0,0.0,0.0
FaceForensics/FaceSwap/417_496.mp4,FaceForensics/original/417.mp4,faceswap,1,0.113,0.0807,0.0494,0.0,0.0,0.0
FaceForensics/NeuralTextures/417_496.mp4,FaceForensics/original/417.mp4,neuraltextures,1,0.1403,0.0536,0.0558,0.0412,0.0,0.0
FaceForensics/original/418.mp4,FaceForensics/original/418.mp4,original,0,0.0,0.0,0.0,0.0,0.0,0.0
FaceForensics/Deepfakes/418_507.mp4,FaceForensics/original/418.mp4,deepfakes,1,0.0819,0.0458,0.0,0.0472,0.0571,0.0862
FaceForensics/Face2Face/418_507.mp4,FaceForensics/original/418.mp4,face2face,1,0.0,0.0,0.0,0.0,0.0,0.0
FaceForensics/FaceShifter/418_507.mp4,FaceForensics/original/418.mp4,faceshifter,1,0.2762,0.3039,0.0,0.1561,0.0567,0.0862
FaceForensics/FaceSwap/418_507.mp4,FaceForensics/original/418.mp4,faceswap,1,0.1256,0.1283,0.0,0.0858,0.0889,0.0958
FaceForensics/NeuralTextures/418_507.mp4,FaceForensics/original/418.mp4,neuraltextures,1,0.0,0.0,0.0,0.0,0.0,0.0
FaceForensics/original/419.mp4,FaceForensics/original/419.mp4,original,0,0.0,0.0,0.0,0.0,0.0,0.0
FaceForensics/Deepfakes/419_824.mp4,FaceForensics/original/419.mp4,deepfakes,1,0.0,0.0,0.0,0.0,0.0,0.0
FaceForensics/Face2Face/419_824.mp4,FaceForensics/original/419.mp4,face2face,1,0.0607,0.0,0.0,0.0,0.0,0.0
FaceForensics/FaceShifter/419_824.mp4,FaceForensics/original/419.mp4,faceshifter,1,0.0,0.0,0.0,0.0,0.0,0.0
FaceForensics/FaceSwap/419_824.mp4,FaceForensics/original/419.mp4,faceswap,1,0.0,0.0,0.0,0.0,0.0,0.0
FaceForensics/NeuralTextures/419_824.mp4,FaceForensics/original/419.mp4,neuraltextures,1,0.04,0.0,0.0,0.0,0.0,0.0
FaceForensics/original/420.mp4,FaceForensics/original/420.mp4,original,0,0.0,0.0,0.0,0.0,0.0,0.0
FaceForensics/Deepfakes/420_257.mp4,FaceForensics/original/420.mp4,deepfakes,1,0.0,0.0,0.0,0.0,0.0,0.0
FaceForensics/Face2Face/420_257.mp4,FaceForensics/original/420.mp4,face2face,1,0.0802,0.0,0.0801,0.0509,0.0,0.0
FaceForensics/FaceShifter/420_257.mp4,FaceForensics/original/420.mp4,faceshifter,1,0.0,0.0,0.0439,0.0,0.0,0.0
FaceForensics/FaceSwap/420_257.mp4,FaceForensics/original/420.mp4,faceswap,1,0.0,0.0,0.0,0.0,0.0,0.0
FaceForensics/NeuralTextures/420_257.mp4,FaceForensics/original/420.mp4,neuraltextures,1,0.0602,0.04,0.1368,0.078,0.0443,0.0
FaceForensics/original/421.mp4,FaceForensics/original/421.mp4,original,0,0.0,0.0,0.0,0.0,0.0,0.0
FaceForensics/Deepfakes/421_423.mp4,FaceForensics/original/421.mp4,deepfakes,1,0.0,0.0555,0.1235,0.0,0.0,0.0
FaceForensics/Face2Face/421_423.mp4,FaceForensics/original/421.mp4,face2face,1,0.0,0.0,0.0,0.0,0.0,0.0
FaceForensics/FaceShifter/421_423.mp4,FaceForensics/original/421.mp4,faceshifter,1,0.0,0.0,0.0413,0.0,0.0,0.0
FaceForensics/FaceSwap/421_423.mp4,FaceForensics/original/421.mp4,faceswap,1,0.0,0.0,0.0494,0.0,0.0,0.0
FaceForensics/NeuralTextures/421_423.mp4,FaceForensics/original/421.mp4,neuraltextures,1,0.0,0.0,0.0,0.0,0.0,0.0
FaceForensics/original/422.mp4,FaceForensics/original/422.mp4,original,0,0.0,0.0,0.0,0.0,0.0,0.0
FaceForensics/Deepfakes/422_695.mp4,FaceForensics/original/422.mp4,deepfakes,1,0.0,0.0,0.0,0.0,0.0,0.0
FaceForensics/Face2Face/422_695.mp4,FaceForensics/original/422.mp4,face2face,1,0.0916,0.0,0.0,0.0,0.0,0.0
FaceForensics/FaceShifter/422_695.mp4,FaceForensics/original/422.mp4,faceshifter,1,0.0,0.0,0.0,0.0,0.0,0.0
FaceForensics/FaceSwap/422_695.mp4,FaceForensics/original/422.mp4,faceswap,1,0.0,0.0586,0.0,0.0438,0.0402,0.0513
FaceForensics/NeuralTextures/422_695.mp4,FaceForensics/original/422.mp4,neuraltextures,1,0.0,0.0,0.0,0.0,0.0,0.0
FaceForensics/original/423.mp4,FaceForensics/original/423.mp4,original,0,0.0,0.0,0.0,0.0,0.0,0.0
FaceForensics/Deepfakes/423_421.mp4,FaceForensics/original/423.mp4,deepfakes,1,0.0,0.0,0.0474,0.0,0.0,0.0423
FaceForensics/Face2Face/423_421.mp4,FaceForensics/original/423.mp4,face2face,1,0.0,0.0,0.0523,0.0874,0.0,0.0
FaceForensics/FaceShifter/423_421.mp4,FaceForensics/original/423.mp4,faceshifter,1,0.0,0.0,0.0438,0.0,0.0,0.0
FaceForensics/FaceSwap/423_421.mp4,FaceForensics/original/423.mp4,faceswap,1,0.056,0.0,0.0,0.0,0.0,0.0
FaceForensics/NeuralTextures/423_421.mp4,FaceForensics/original/423.mp4,neuraltextures,1,0.0,0.0,0.0517,0.0,0.0,0.0
FaceForensics/original/424.mp4,FaceForensics/original/424.mp4,original,0,0.0,0.0,0.0,0.0,0.0,0.0
FaceForensics/Deepfakes/424_408.mp4,FaceForensics/original/424.mp4,deepfakes,1,0.0449,0.0817,0.0,0.073,0.0638,0.0636
FaceForensics/Face2Face/424_408.mp4,FaceForensics/original/424.mp4,face2face,1,0.0,0.0,0.0,0.0,0.0,0.0
FaceForensics/FaceShifter/424_408.mp4,FaceForensics/original/424.mp4,faceshifter,1,0.1095,0.0738,0.0735,0.0668,0.0,0.0586
FaceForensics/FaceSwap/424_408.mp4,FaceForensics/original/424.mp4,faceswap,1,0.136,0.085,0.0,0.0,0.0402,0.0
FaceForensics/NeuralTextures/424_408.mp4,FaceForensics/original/424.mp4,neuraltextures,1,0.0,0.0,0.0,0.0,0.0,0.0
FaceForensics/original/425.mp4,FaceForensics/original/425.mp4,original,0,0.0,0.0,0.0,0.0,0.0,0.0
FaceForensics/Deepfakes/425_485.mp4,FaceForensics/original/425.mp4,deepfakes,1,0.0631,0.0,0.0743,0.0799,0.0572,0.0488
FaceForensics/Face2Face/425_485.mp4,FaceForensics/original/425.mp4,face2face,1,0.0,0.0,0.0,0.0,0.0,0.0
FaceForensics/FaceShifter/425_485.mp4,FaceForensics/original/425.mp4,faceshifter,1,0.1721,0.0839,0.1086,0.1295,0.0782,0.092
FaceForensics/FaceSwap/425_485.mp4,FaceForensics/original/425.mp4,faceswap,1,0.0,0.0,0.0,0.0,0.0,0.0
FaceForensics/NeuralTextures/425_485.mp4,FaceForensics/original/425.mp4,neuraltextures,1,0.0694,0.0,0.0783,0.0,0.0,0.0
FaceForensics/original/426.mp4,FaceForensics/original/426.mp4,original,0,0.0,0.0,0.0,0.0,0.0,0.0
FaceForensics/Deepfakes/426_287.mp4,FaceForensics/original/426.mp4,deepfakes,1,0.0728,0.126,0.0832,0.1209,0.0587,0.1169
FaceForensics/Face2Face/426_287.mp4,FaceForensics/original/426.mp4,face2face,1,0.5081,0.0,0.049,0.071,0.043,0.0779
FaceForensics/FaceShifter/426_287.mp4,FaceForensics/original/426.mp4,faceshifter,1,0.0682,0.0,0.0,0.0,0.0,0.0
FaceForensics/FaceSwap/426_287.mp4,FaceForensics/original/426.mp4,faceswap,1,0.1807,0.1463,0.0,0.0454,0.0,0.042
FaceForensics/NeuralTextures/426_287.mp4,FaceForensics/original/426.mp4,neuraltextures,1,0.0631,0.0,0.0,0.0,0.0,0.0
FaceForensics/original/427.mp4,FaceForensics/original/427.mp4,original,0,0.0,0.0,0.0,0.0,0.0,0.0
FaceForensics/Deepfakes/427_637.mp4,FaceForensics/original/427.mp4,deepfakes,1,0.0831,0.0,0.0446,0.0769,0.0,0.0489
FaceForensics/Face2Face/427_637.mp4,FaceForensics/original/427.mp4,face2face,1,0.0,0.0,0.0,0.0,0.0,0.0
FaceForensics/FaceShifter/427_637.mp4,FaceForensics/original/427.mp4,faceshifter,1,0.0,0.0,0.0,0.0,0.0,0.0
FaceForensics/FaceSwap/427_637.mp4,FaceForensics/original/427.mp4,faceswap,1,0.059,0.0,0.0,0.0528,0.0,0.0489
FaceForensics/NeuralTextures/427_637.mp4,FaceForensics/original/427.mp4,neuraltextures,1,0.0,0.0,0.0,0.0,0.0,0.0
FaceForensics/original/428.mp4,FaceForensics/original/428.mp4,original,0,0.0,0.0,0.0,0.0,0.0,0.0
FaceForensics/Deepfakes/428_466.mp4,FaceForensics/original/428.mp4,deepfakes,1,0.0,0.0,0.0,0.0,0.0,0.0
FaceForensics/Face2Face/428_466.mp4,FaceForensics/original/428.mp4,face2face,1,0.0,0.0469,0.0,0.0,0.0974,0.0
FaceForensics/FaceShifter/428_466.mp4,FaceForensics/original/428.mp4,faceshifter,1,0.0,0.0,0.0,0.0,0.0,0.0
FaceForensics/FaceSwap/428_466.mp4,FaceForensics/original/428.mp4,faceswap,1,0.1011,0.0,0.0,0.0,0.0517,0.0
FaceForensics/NeuralTextures/428_466.mp4,FaceForensics/original/428.mp4,neuraltextures,1,0.0,0.0,0.0,0.0546,0.0,0.0
FaceForensics/original/429.mp4,FaceForensics/original/429.mp4,original,0,0.0,0.0,0.0,0.0,0.0,0.0
FaceForensics/Deepfakes/429_404.mp4,FaceForensics/original/429.mp4,deepfakes,1,0.0638,0.0,0.0,0.0499,0.0,0.0475
FaceForensics/Face2Face/429_404.mp4,FaceForensics/original/429.mp4,face2face,1,0.0,0.0,0.0,0.0,0.0,0.0
FaceForensics/FaceShifter/429_404.mp4,FaceForensics/original/429.mp4,faceshifter,1,0.0,0.0,0.1272,0.0442,0.0,0.0634
FaceForensics/FaceSwap/429_404.mp4,FaceForensics/original/429.mp4,faceswap,1,0.0407,0.0474,0.0461,0.0542,0.0,0.0483
FaceForensics/NeuralTextures/429_404.mp4,FaceForensics/original/429.mp4,neuraltextures,1,0.0,0.0,0.0,0.0,0.0,0.0
FaceForensics/original/430.mp4,FaceForensics/original/430.mp4,original,0,0.0,0.0,0.0,0.0,0.0,0.0
FaceForensics/Deepfakes/430_459.mp4,FaceForensics/original/430.mp4,deepfakes,1,0.0,0.0,0.0,0.0603,0.0,0.0
FaceForensics/Face2Face/430_459.mp4,FaceForensics/original/430.mp4,face2face,1,0.0571,0.0,0.0,0.0,0.0,0.0
FaceForensics/FaceShifter/430_459.mp4,FaceForensics/original/430.mp4,faceshifter,1,0.0,0.0,0.0,0.0,0.0,0.0
FaceForensics/FaceSwap/430_459.mp4,FaceForensics/original/430.mp4,faceswap,1,0.0,0.0,0.0,0.0,0.0,0.0
FaceForensics/NeuralTextures/430_459.mp4,FaceForensics/original/430.mp4,neuraltextures,1,0.0,0.0,0.0,0.0,0.0,0.0
FaceForensics/original/431.mp4,FaceForensics/original/431.mp4,original,0,0.0,0.0,0.0,0.0,0.0,0.0
FaceForensics/Deepfakes/431_447.mp4,FaceForensics/original/431.mp4,deepfakes,1,0.1688,0.0,0.1225,0.052,0.0,0.0
FaceForensics/Face2Face/431_447.mp4,FaceForensics/original/431.mp4,face2face,1,0.0,0.0,0.0,0.0,0.0,0.0
FaceForensics/FaceShifter/431_447.mp4,FaceForensics/original/431.mp4,faceshifter,1,0.0457,0.0,0.0,0.0,0.0,0.0
FaceForensics/FaceSwap/431_447.mp4,FaceForensics/original/431.mp4,faceswap,1,0.1348,0.0469,0.0,0.0,0.0,0.0
FaceForensics/NeuralTextures/431_447.mp4,FaceForensics/original/431.mp4,neuraltextures,1,0.0696,0.0438,0.0,0.0,0.0,0.0
FaceForensics/original/432.mp4,FaceForensics/original/432.mp4,original,0,0.0,0.0,0.0,0.0,0.0,0.0
FaceForensics/Deepfakes/432_357.mp4,FaceForensics/original/432.mp4,deepfakes,1,0.0766,0.0538,0.2345,0.0701,0.0,0.1388
FaceForensics/Face2Face/432_357.mp4,FaceForensics/original/432.mp4,face2face,1,0.1228,0.0821,0.1101,0.0,0.0,0.0616
FaceForensics/FaceShifter/432_357.mp4,FaceForensics/original/432.mp4,faceshifter,1,0.0518,0.0,0.1025,0.0507,0.0,0.0796
FaceForensics/FaceSwap/432_357.mp4,FaceForensics/original/432.mp4,faceswap,1,0.0643,0.0,0.0,0.0,0.0,0.0
FaceForensics/NeuralTextures/432_357.mp4,FaceForensics/original/432.mp4,neuraltextures,1,0.0,0.0425,0.0,0.0506,0.0,0.0
FaceForensics/original/433.mp4,FaceForensics/original/433.mp4,original,0,0.0,0.0,0.0,0.0,0.0,0.0
FaceForensics/Deepfakes/433_498.mp4,FaceForensics/original/433.mp4,deepfakes,1,0.0,0.0,0.0,0.0,0.0,0.0
FaceForensics/Face2Face/433_498.mp4,FaceForensics/original/433.mp4,face2face,1,0.0,0.0,0.0,0.0,0.0,0.0
FaceForensics/FaceShifter/433_498.mp4,FaceForensics/original/433.mp4,faceshifter,1,0.0,0.0,0.0,0.0,0.0,0.0
FaceForensics/FaceSwap/433_498.mp4,FaceForensics/original/433.mp4,faceswap,1,0.0,0.0,0.0,0.0,0.0,0.0
FaceForensics/NeuralTextures/433_498.mp4,FaceForensics/original/433.mp4,neuraltextures,1,0.0,0.0,0.0,0.0,0.0,0.0
FaceForensics/original/434.mp4,FaceForensics/original/434.mp4,original,0,0.0,0.0,0.0,0.0,0.0,0.0
FaceForensics/Deepfakes/434_438.mp4,FaceForensics/original/434.mp4,deepfakes,1,0.0842,0.186,0.0,0.0,0.0,0.0603
FaceForensics/Face2Face/434_438.mp4,FaceForensics/original/434.mp4,face2face,1,0.3675,0.3052,0.6169,0.1052,0.238,0.1439
FaceForensics/FaceShifter/434_438.mp4,FaceForensics/original/434.mp4,faceshifter,1,0.0,0.0,0.0,0.0,0.0,0.0
FaceForensics/FaceSwap/434_438.mp4,FaceForensics/original/434.mp4,faceswap,1,0.0,0.0,0.0,0.0,0.0,0.0
FaceForensics/NeuralTextures/434_438.mp4,FaceForensics/original/434.mp4,neuraltextures,1,0.0908,0.0,0.0558,0.0,0.0,0.0
FaceForensics/original/435.mp4,FaceForensics/original/435.mp4,original,0,0.0,0.0,0.0,0.0,0.0,0.0
FaceForensics/Deepfakes/435_456.mp4,FaceForensics/original/435.mp4,deepfakes,1,0.0792,0.0,0.0437,0.0,0.0,0.0
FaceForensics/Face2Face/435_456.mp4,FaceForensics/original/435.mp4,face2face,1,0.0,0.0,0.0,0.0,0.0,0.0
FaceForensics/FaceShifter/435_456.mp4,FaceForensics/original/435.mp4,faceshifter,1,0.0,0.0516,0.0,0.0,0.0,0.0
FaceForensics/FaceSwap/435_456.mp4,FaceForensics/original/435.mp4,faceswap,1,0.0,0.0,0.0,0.0,0.0,0.0
FaceForensics/NeuralTextures/435_456.mp4,FaceForensics/original/435.mp4,neuraltextures,1,0.0,0.0,0.0,0.0,0.0,0.0
FaceForensics/original/436.mp4,FaceForensics/original/436.mp4,original,0,0.0,0.0,0.0,0.0,0.0,0.0
FaceForensics/Deepfakes/436_526.mp4,FaceForensics/original/436.mp4,deepfakes,1,0.0,0.0,0.0,0.0,0.0,0.0
FaceForensics/Face2Face/436_526.mp4,FaceForensics/original/436.mp4,face2face,1,0.0,0.0416,0.062,0.0,0.0,0.0599
FaceForensics/FaceShifter/436_526.mp4,FaceForensics/original/436.mp4,faceshifter,1,0.0639,0.0,0.0,0.043,0.0,0.0
FaceForensics/FaceSwap/436_526.mp4,FaceForensics/original/436.mp4,faceswap,1,0.0957,0.0589,0.0,0.0426,0.0592,0.0589
FaceForensics/NeuralTextures/436_526.mp4,FaceForensics/original/436.mp4,neuraltextures,1,0.0,0.0,0.0826,0.0415,0.0,0.0
FaceForensics/original/437.mp4,FaceForensics/original/437.mp4,original,0,0.0,0.0,0.0,0.0,0.0,0.0
FaceForensics/Deepfakes/437_360.mp4,FaceForensics/original/437.mp4,deepfakes,1,0.0,0.0,0.0,0.0,0.0,0.0
FaceForensics/Face2Face/437_360.mp4,FaceForensics/original/437.mp4,face2face,1,0.2851,0.0762,0.153,0.1452,0.1497,0.0
FaceForensics/FaceShifter/437_360.mp4,FaceForensics/original/437.mp4,faceshifter,1,0.0482,0.0,0.0486,0.0,0.0,0.0
FaceForensics/FaceSwap/437_360.mp4,FaceForensics/original/437.mp4,faceswap,1,0.0677,0.0,0.0,0.0,0.0,0.0
FaceForensics/NeuralTextures/437_360.mp4,FaceForensics/original/437.mp4,neuraltextures,1,0.0,0.0,0.0,0.0,0.0,0.0
FaceForensics/original/438.mp4,FaceForensics/original/438.mp4,original,0,0.0,0.0,0.0,0.0,0.0,0.0
FaceForensics/Deepfakes/438_434.mp4,FaceForensics/original/438.mp4,deepfakes,1,0.092,0.0554,0.0602,0.0,0.0,0.0593
FaceForensics/Face2Face/438_434.mp4,FaceForensics/original/438.mp4,face2face,1,0.0,0.0,0.0,0.0,0.0,0.0
FaceForensics/FaceShifter/438_434.mp4,FaceForensics/original/438.mp4,faceshifter,1,0.0432,0.0,0.1174,0.0,0.0,0.0
FaceForensics/FaceSwap/438_434.mp4,FaceForensics/original/438.mp4,faceswap,1,0.0,0.0,0.0,0.0,0.0,0.0
FaceForensics/NeuralTextures/438_434.mp4,FaceForensics/original/438.mp4,neuraltextures,1,0.0,0.0,0.0,0.0,0.0,0.0
FaceForensics/original/439.mp4,FaceForensics/original/439.mp4,original,0,0.0,0.0,0.0,0.0,0.0,0.0
FaceForensics/Deepfakes/439_441.mp4,FaceForensics/original/439.mp4,deepfakes,1,0.1274,0.0,0.0473,0.0606,0.0,0.0
FaceForensics/Face2Face/439_441.mp4,FaceForensics/original/439.mp4,face2face,1,0.1327,0.0,0.0,0.0,0.0,0.0
FaceForensics/FaceShifter/439_441.mp4,FaceForensics/original/439.mp4,faceshifter,1,0.1688,0.0749,0.0426,0.0,0.0,0.0594
FaceForensics/FaceSwap/439_441.mp4,FaceForensics/original/439.mp4,faceswap,1,0.3711,0.2013,0.0833,0.1113,0.1821,0.1739
FaceForensics/NeuralTextures/439_441.mp4,FaceForensics/original/439.mp4,neuraltextures,1,0.166,0.0,0.0,0.0,0.0,0.0
FaceForensics/original/440.mp4,FaceForensics/original/440.mp4,original,0,0.0,0.0,0.0,0.0,0.0,0.0
FaceForensics/Deepfakes/440_364.mp4,FaceForensics/original/440.mp4,deepfakes,1,0.0,0.0,0.0,0.0,0.0,0.0
FaceForensics/Face2Face/440_364.mp4,FaceForensics/original/440.mp4,face2face,1,0.0,0.0,0.0,0.0,0.0,0.0
FaceForensics/FaceShifter/440_364.mp4,FaceForensics/original/440.mp4,faceshifter,1,0.0,0.0,0.0,0.0,0.0,0.0
FaceForensics/FaceSwap/440_364.mp4,FaceForensics/original/440.mp4,faceswap,1,0.0,0.0,0.0,0.0,0.0,0.0
FaceForensics/NeuralTextures/440_364.mp4,FaceForensics/original/440.mp4,neuraltextures,1,0.0,0.0407,0.0472,0.0,0.0,0.0
FaceForensics/original/441.mp4,FaceForensics/original/441.mp4,original,0,0.0,0.0,0.0,0.0,0.0,0.0
FaceForensics/Deepfakes/441_439.mp4,FaceForensics/original/441.mp4,deepfakes,1,0.2578,0.1991,0.145,0.1551,0.0658,0.1097
FaceForensics/Face2Face/441_439.mp4,FaceForensics/original/441.mp4,face2face,1,0.3137,0.0,0.2403,0.1898,0.1541,0.0951
FaceForensics/FaceShifter/441_439.mp4,FaceForensics/original/441.mp4,faceshifter,1,0.065,0.0,0.0,0.0,0.0,0.0
FaceForensics/FaceSwap/441_439.mp4,FaceForensics/original/441.mp4,faceswap,1,0.1021,0.1357,0.0,0.0604,0.0,0.0417
FaceForensics/NeuralTextures/441_439.mp4,FaceForensics/original/441.mp4,neuraltextures,1,0.0423,0.0,0.0466,0.0456,0.0,0.0
FaceForensics/original/442.mp4,FaceForensics/original/442.mp4,original,0,0.0,0.0,0.0,0.0,0.0,0.0
FaceForensics/Deepfakes/442_195.mp4,FaceForensics/original/442.mp4,deepfakes,1,0.2058,0.2308,0.1338,0.2161,0.1694,0.2139
FaceForensics/Face2Face/442_195.mp4,FaceForensics/original/442.mp4,face2face,1,0.0,0.0,0.0,0.0,0.0,0.0
FaceForensics/FaceShifter/442_195.mp4,FaceForensics/original/442.mp4,faceshifter,1,0.0,0.0,0.0,0.0,0.0,0.0
FaceForensics/FaceSwap/442_195.mp4,FaceForensics/original/442.mp4,faceswap,1,0.0,0.0,0.0,0.0,0.0,0.0
FaceForensics/NeuralTextures/442_195.mp4,FaceForensics/original/442.mp4,neuraltextures,1,0.0,0.0,0.0,0.0,0.0,0.0
FaceForensics/original/443.mp4,FaceForensics/original/443.mp4,original,0,0.0,0.0,0.0,0.0,0.0,0.0
FaceForensics/Deepfakes/443_514.mp4,FaceForensics/original/443.mp4,deepfakes,1,0.1116,0.0805,0.0693,0.087,0.04,0.0502
FaceForensics/Face2Face/443_514.mp4,FaceForensics/original/443.mp4,face2face,1,0.0825,0.0509,0.0438,0.0,0.0,0.0
FaceForensics/FaceShifter/443_514.mp4,FaceForensics/original/443.mp4,faceshifter,1,0.0,0.0,0.0,0.0567,0.0584,0.0
FaceForensics/FaceSwap/443_514.mp4,FaceForensics/original/443.mp4,faceswap,1,0.0437,0.0,0.0,0.0,0.0,0.0
FaceForensics/NeuralTextures/443_514.mp4,FaceForensics/original/443.mp4,neuraltextures,1,0.101,0.04,0.0517,0.0,0.0,0.0
FaceForensics/original/444.mp4,FaceForensics/original/444.mp4,original,0,0.0,0.0,0.0,0.0,0.0,0.0
FaceForensics/Deepfakes/444_655.mp4,FaceForensics/original/444.mp4,deepfakes,1,0.0431,0.0,0.0627,0.0,0.0,0.0408
FaceForensics/Face2Face/444_655.mp4,FaceForensics/original/444.mp4,face2face,1,0.0904,0.0,0.0825,0.0543,0.0447,0.0582
FaceForensics/FaceShifter/444_655.mp4,FaceForensics/original/444.mp4,faceshifter,1,0.0,0.0,0.051,0.0,0.0,0.0
FaceForensics/FaceSwap/444_655.mp4,FaceForensics/original/444.mp4,faceswap,1,0.0,0.0,0.0552,0.0,0.0,0.0
FaceForensics/NeuralTextures/444_655.mp4,FaceForensics/original/444.mp4,neuraltextures,1,0.0904,0.0,0.0823,0.0597,0.0,0.0426
FaceForensics/original/445.mp4,FaceForensics/original/445.mp4,original,0,0.0,0.0,0.0,0.0,0.0,0.0
FaceForensics/Deepfakes/445_494.mp4,FaceForensics/original/445.mp4,deepfakes,1,0.1007,0.0,0.1269,0.0,0.0404,0.0
FaceForensics/Face2Face/445_494.mp4,FaceForensics/original/445.mp4,face2face,1,0.0,0.0,0.0,0.0,0.0,0.0
FaceForensics/FaceShifter/445_494.mp4,FaceForensics/original/445.mp4,faceshifter,1,0.1472,0.2286,0.0777,0.0609,0.0548,0.0813
FaceForensics/FaceSwap/445_494.mp4,FaceForensics/original/445.mp4,faceswap,1,0.0747,0.0,0.0,0.0,0.0481,0.0
FaceForensics/NeuralTextures/445_494.mp4,FaceForensics/original/445.mp4,neuraltextures,1,0.0,0.0,0.1417,0.0469,0.0431,0.0
FaceForensics/original/446.mp4,FaceForensics/original/446.mp4,original,0,0.0,0.0,0.0,0.0,0.0,0.0
FaceForensics/Deepfakes/446_667.mp4,FaceForensics/original/446.mp4,deepfakes,1,0.0,0.0,0.0,0.0579,0.0,0.0
FaceForensics/Face2Face/446_667.mp4,FaceForensics/original/446.mp4,face2face,1,0.0675,0.04,0.0,0.0,0.0,0.0
FaceForensics/FaceShifter/446_667.mp4,FaceForensics/original/446.mp4,faceshifter,1,0.0513,0.0,0.0,0.0,0.0,0.0
FaceForensics/FaceSwap/446_667.mp4,FaceForensics/original/446.mp4,faceswap,1,0.0,0.0,0.0,0.0,0.0,0.0
FaceForensics/NeuralTextures/446_667.mp4,FaceForensics/original/446.mp4,neuraltextures,1,0.0,0.0,0.0,0.0,0.0,0.0
FaceForensics/original/447.mp4,FaceForensics/original/447.mp4,original,0,0.0,0.0,0.0,0.0,0.0,0.0
FaceForensics/Deepfakes/447_431.mp4,FaceForensics/original/447.mp4,deepfakes,1,0.0902,0.0691,0.0,0.0611,0.0793,0.0
FaceForensics/Face2Face/447_431.mp4,FaceForensics/original/447.mp4,face2face,1,0.0,0.0,0.0,0.0,0.0846,0.0
FaceForensics/FaceShifter/447_431.mp4,FaceForensics/original/447.mp4,faceshifter,1,0.0,0.0565,0.0,0.0,0.0526,0.0
FaceForensics/FaceSwap/447_431.mp4,FaceForensics/original/447.mp4,faceswap,1,0.0,0.0,0.0,0.0,0.0884,0.0
FaceForensics/NeuralTextures/447_431.mp4,FaceForensics/original/447.mp4,neuraltextures,1,0.0,0.0,0.0,0.0,0.0,0.0
FaceForensics/original/448.mp4,FaceForensics/original/448.mp4,original,0,0.0,0.0,0.0,0.0,0.0,0.0
FaceForensics/Deepfakes/448_361.mp4,FaceForensics/original/448.mp4,deepfakes,1,0.1069,0.1795,0.0,0.0417,0.0,0.0
FaceForensics/Face2Face/448_361.mp4,FaceForensics/original/448.mp4,face2face,1,0.0631,0.0,0.0,0.0,0.0,0.0
FaceForensics/FaceShifter/448_361.mp4,FaceForensics/original/448.mp4,faceshifter,1,0.0,0.0,0.0,0.0,0.0,0.0
FaceForensics/FaceSwap/448_361.mp4,FaceForensics/original/448.mp4,faceswap,1,0.1819,0.3096,0.2648,0.233,0.1498,0.1199
FaceForensics/NeuralTextures/448_361.mp4,FaceForensics/original/448.mp4,neuraltextures,1,0.0763,0.0445,0.0,0.0,0.0,0.0
FaceForensics/original/449.mp4,FaceForensics/original/449.mp4,original,0,0.0,0.0,0.0,0.0,0.0,0.0
FaceForensics/Deepfakes/449_451.mp4,FaceForensics/original/449.mp4,deepfakes,1,0.212,0.0,0.0,0.0,0.0,0.0
FaceForensics/Face2Face/449_451.mp4,FaceForensics/original/449.mp4,face2face,1,0.0,0.0,0.0,0.0,0.0,0.0
FaceForensics/FaceShifter/449_451.mp4,FaceForensics/original/449.mp4,faceshifter,1,0.0,0.0,0.0,0.0,0.0,0.0
FaceForensics/FaceSwap/449_451.mp4,FaceForensics/original/449.mp4,faceswap,1,0.1665,0.0831,0.0,0.0,0.0,0.0
FaceForensics/NeuralTextures/449_451.mp4,FaceForensics/original/449.mp4,neuraltextures,1,0.0,0.0,0.0,0.0,0.0,0.0
FaceForensics/original/450.mp4,FaceForensics/original/450.mp4,original,0,0.0,0.0,0.0,0.0,0.0,0.0
FaceForensics/Deepfakes/450_533.mp4,FaceForensics/original/450.mp4,deepfakes,1,0.0632,0.0,0.0,0.0,0.0,0.0
FaceForensics/Face2Face/450_533.mp4,FaceForensics/original/450.mp4,face2face,1,0.2177,0.0,0.0746,0.0,0.0402,0.0
FaceForensics/FaceShifter/450_533.mp4,FaceForensics/original/450.mp4,faceshifter,1,0.0446,0.0,0.0,0.0,0.0,0.0
FaceForensics/FaceSwap/450_533.mp4,FaceForensics/original/450.mp4,faceswap,1,0.0485,0.0635,0.0,0.0404,0.0418,0.0605
FaceForensics/NeuralTextures/450_533.mp4,FaceForensics/original/450.mp4,neuraltextures,1,0.0,0.0,0.0,0.0,0.0,0.0
FaceForensics/original/451.mp4,FaceForensics/original/451.mp4,original,0,0.0,0.0,0.0,0.0,0.0,0.0
FaceForensics/Deepfakes/451_449.mp4,FaceForensics/original/451.mp4,deepfakes,1,0.0,0.0,0.0,0.0,0.0,0.0
FaceForensics/Face2Face/451_449.mp4,FaceForensics/original/451.mp4,face2face,1,0.0,0.0,0.0,0.0,0.0,0.0
FaceForensics/FaceShifter/451_449.mp4,FaceForensics/original/451.mp4,faceshifter,1,0.0,0.0,0.0,0.0,0.0,0.0
FaceForensics/FaceSwap/451_449.mp4,FaceForensics/original/451.mp4,faceswap,1,0.0,0.0793,0.0637,0.1597,0.0715,0.0411
FaceForensics/NeuralTextures/451_449.mp4,FaceForensics/original/451.mp4,neuraltextures,1,0.0,0.0,0.0,0.0,0.0,0.0
FaceForensics/original/452.mp4,FaceForensics/original/452.mp4,original,0,0.0,0.0,0.0,0.0,0.0,0.0
FaceForensics/Deepfakes/452_550.mp4,FaceForensics/original/452.mp4,deepfakes,1,0.0,0.0,0.0729,0.0557,0.0,0.0
FaceForensics/Face2Face/452_550.mp4,FaceForensics/original/452.mp4,face2face,1,0.0,0.0,0.0753,0.0,0.0,0.0
FaceForensics/FaceShifter/452_550.mp4,FaceForensics/original/452.mp4,faceshifter,1,0.0,0.0,0.0545,0.0,0.0,0.0
FaceForensics/FaceSwap/452_550.mp4,FaceForensics/original/452.mp4,faceswap,1,0.0,0.0,0.1553,0.0672,0.0,0.0
FaceForensics/NeuralTextures/452_550.mp4,FaceForensics/original/452.mp4,neuraltextures,1,0.0,0.0,0.067,0.0,0.0,0.0
FaceForensics/original/453.mp4,FaceForensics/original/453.mp4,original,0,0.0,0.0,0.0,0.0,0.0,0.0
FaceForensics/Deepfakes/453_402.mp4,FaceForensics/original/453.mp4,deepfakes,1,0.0,0.0,0.0,0.0,0.0,0.0
FaceForensics/Face2Face/453_402.mp4,FaceForensics/original/453.mp4,face2face,1,0.0,0.0549,0.0,0.0,0.0431,0.0
FaceForensics/FaceShifter/453_402.mp4,FaceForensics/original/453.mp4,faceshifter,1,0.0,0.0,0.0,0.0,0.0,0.0
FaceForensics/FaceSwap/453_402.mp4,FaceForensics/original/453.mp4,faceswap,1,0.0803,0.0735,0.0,0.0,0.0642,0.0
FaceForensics/NeuralTextures/453_402.mp4,FaceForensics/original/453.mp4,neuraltextures,1,0.0,0.0,0.0,0.0,0.0,0.0
FaceForensics/original/454.mp4,FaceForensics/original/454.mp4,original,0,0.0,0.0,0.0,0.0,0.0,0.0
FaceForensics/Deepfakes/454_527.mp4,FaceForensics/original/454.mp4,deepfakes,1,0.0637,0.0,0.0413,0.0,0.0,0.0
FaceForensics/Face2Face/454_527.mp4,FaceForensics/original/454.mp4,face2face,1,0.0428,0.0,0.0,0.0,0.0408,0.0
FaceForensics/FaceShifter/454_527.mp4,FaceForensics/original/454.mp4,faceshifter,1,0.0,0.0,0.0718,0.0,0.0,0.0
FaceForensics/FaceSwap/454_527.mp4,FaceForensics/original/454.mp4,faceswap,1,0.0407,0.0,0.0,0.0,0.0,0.0
FaceForensics/NeuralTextures/454_527.mp4,FaceForensics/original/454.mp4,neuraltextures,1,0.0,0.0,0.0464,0.0,0.0,0.0
FaceForensics/original/455.mp4,FaceForensics/original/455.mp4,original,0,0.0,0.0,0.0,0.0,0.0,0.0
FaceForensics/Deepfakes/455_471.mp4,FaceForensics/original/455.mp4,deepfakes,1,0.4399,0.1139,0.0975,0.106,0.0851,0.0998
FaceForensics/Face2Face/455_471.mp4,FaceForensics/original/455.mp4,face2face,1,0.073,0.0,0.058,0.0,0.0,0.0
FaceForensics/FaceShifter/455_471.mp4,FaceForensics/original/455.mp4,faceshifter,1,0.2159,0.115,0.1583,0.1209,0.1045,0.0891
FaceForensics/FaceSwap/455_471.mp4,FaceForensics/original/455.mp4,faceswap,1,0.1187,0.068,0.0692,0.0735,0.071,0.0555
FaceForensics/NeuralTextures/455_471.mp4,FaceForensics/original/455.mp4,neuraltextures,1,0.0,0.0,0.0493,0.0,0.0,0.0
FaceForensics/original/456.mp4,FaceForensics/original/456.mp4,original,0,0.0,0.0,0.0,0.0,0.0,0.0
FaceForensics/Deepfakes/456_435.mp4,FaceForensics/original/456.mp4,deepfakes,1,0.0647,0.0463,0.0,0.062,0.0413,0.0451
FaceForensics/Face2Face/456_435.mp4,FaceForensics/original/456.mp4,face2face,1,0.0,0.0,0.0,0.0,0.0,0.0
FaceForensics/FaceShifter/456_435.mp4,FaceForensics/original/456.mp4,faceshifter,1,0.0,0.0,0.0,0.0,0.0,0.0
FaceForensics/FaceSwap/456_435.mp4,FaceForensics/original/456.mp4,faceswap,1,0.0433,0.0,0.0,0.0,0.0,0.0
FaceForensics/NeuralTextures/456_435.mp4,FaceForensics/original/456.mp4,neuraltextures,1,0.0,0.0,0.0,0.0,0.0,0.0
FaceForensics/original/457.mp4,FaceForensics/original/457.mp4,original,0,0.0,0.0,0.0,0.0,0.0,0.0
FaceForensics/Deepfakes/457_398.mp4,FaceForensics/original/457.mp4,deepfakes,1,0.0953,0.0,0.0,0.0,0.0,0.0
FaceForensics/Face2Face/457_398.mp4,FaceForensics/original/457.mp4,face2face,1,0.1054,0.0,0.1404,0.0841,0.0484,0.0464
FaceForensics/FaceShifter/457_398.mp4,FaceForensics/original/457.mp4,faceshifter,1,0.148,0.0,0.0,0.0,0.0,0.0
FaceForensics/FaceSwap/457_398.mp4,FaceForensics/original/457.mp4,faceswap,1,0.1487,0.0635,0.0,0.0,0.0,0.0
FaceForensics/NeuralTextures/457_398.mp4,FaceForensics/original/457.mp4,neuraltextures,1,0.0664,0.0,0.0838,0.0442,0.0,0.0404
FaceForensics/original/458.mp4,FaceForensics/original/458.mp4,original,0,0.0,0.0,0.0,0.0,0.0,0.0
FaceForensics/Deepfakes/458_722.mp4,FaceForensics/original/458.mp4,deepfakes,1,0.0678,0.0,0.0,0.04,0.0,0.0
FaceForensics/Face2Face/458_722.mp4,FaceForensics/original/458.mp4,face2face,1,0.0414,0.0,0.0,0.0487,0.0448,0.0
FaceForensics/FaceShifter/458_722.mp4,FaceForensics/original/458.mp4,faceshifter,1,0.0,0.0,0.0,0.0,0.0,0.0
FaceForensics/FaceSwap/458_722.mp4,FaceForensics/original/458.mp4,faceswap,1,0.1327,0.0,0.0,0.0,0.0,0.0
FaceForensics/NeuralTextures/458_722.mp4,FaceForensics/original/458.mp4,neuraltextures,1,0.0573,0.0,0.0,0.0,0.0,0.0
FaceForensics/original/459.mp4,FaceForensics/original/459.mp4,original,0,0.0,0.0,0.0,0.0,0.0,0.0
FaceForensics/Deepfakes/459_430.mp4,FaceForensics/original/459.mp4,deepfakes,1,0.1248,0.0542,0.0562,0.1067,0.0991,0.0601
FaceForensics/Face2Face/459_430.mp4,FaceForensics/original/459.mp4,face2face,1,0.1244,0.0,0.0,0.0,0.0529,0.0
FaceForensics/FaceShifter/459_430.mp4,FaceForensics/original/459.mp4,faceshifter,1,0.0791,0.0,0.0,0.0,0.0473,0.0417
FaceForensics/FaceSwap/459_430.mp4,FaceForensics/original/459.mp4,faceswap,1,0.2962,0.0856,0.0,0.0,0.0853,0.043
FaceForensics/NeuralTextures/459_430.mp4,FaceForensics/original/459.mp4,neuraltextures,1,0.0,0.0,0.0,0.0,0.0,0.0
FaceForensics/original/460.mp4,FaceForensics/original/460.mp4,original,0,0.0,0.0,0.0,0.0,0.0,0.0
FaceForensics/Deepfakes/460_678.mp4,FaceForensics/original/460.mp4,deepfakes,1,0.0,0.0,0.0,0.0,0.0,0.0
FaceForensics/Face2Face/460_678.mp4,FaceForensics/original/460.mp4,face2face,1,0.0,0.0,0.0,0.0,0.0,0.0
FaceForensics/FaceShifter/460_678.mp4,FaceForensics/original/460.mp4,faceshifter,1,0.0576,0.0,0.0634,0.0491,0.0,0.0496
FaceForensics/FaceSwap/460_678.mp4,FaceForensics/original/460.mp4,faceswap,1,0.0,0.0,0.0,0.0,0.0,0.0
FaceForensics/NeuralTextures/460_678.mp4,FaceForensics/original/460.mp4,neuraltextures,1,0.0,0.0,0.0,0.0,0.0,0.0
FaceForensics/original/461.mp4,FaceForensics/original/461.mp4,original,0,0.0,0.0,0.0,0.0,0.0,0.0
FaceForensics/Deepfakes/461_250.mp4,FaceForensics/original/461.mp4,deepfakes,1,0.0,0.0,0.0,0.0,0.0,0.0
FaceForensics/Face2Face/461_250.mp4,FaceForensics/original/461.mp4,face2face,1,0.0,0.0,0.0,0.0,0.0,0.0
FaceForensics/FaceShifter/461_250.mp4,FaceForensics/original/461.mp4,faceshifter,1,0.0,0.0,0.0,0.0,0.0,0.0
FaceForensics/FaceSwap/461_250.mp4,FaceForensics/original/461.mp4,faceswap,1,0.1703,0.1207,0.0414,0.0716,0.0537,0.0739
FaceForensics/NeuralTextures/461_250.mp4,FaceForensics/original/461.mp4,neuraltextures,1,0.0,0.0,0.0,0.0,0.0,0.0
FaceForensics/original/462.mp4,FaceForensics/original/462.mp4,original,0,0.0,0.0,0.0,0.0,0.0,0.0
FaceForensics/Deepfakes/462_467.mp4,FaceForensics/original/462.mp4,deepfakes,1,0.0,0.0,0.0657,0.0,0.0474,0.0
FaceForensics/Face2Face/462_467.mp4,FaceForensics/original/462.mp4,face2face,1,0.0831,0.0,0.0,0.0,0.0,0.0
FaceForensics/FaceShifter/462_467.mp4,FaceForensics/original/462.mp4,faceshifter,1,0.0,0.0466,0.042,0.0,0.0485,0.0
FaceForensics/FaceSwap/462_467.mp4,FaceForensics/original/462.mp4,faceswap,1,0.041,0.055,0.0,0.0,0.0404,0.0
FaceForensics/NeuralTextures/462_467.mp4,FaceForensics/original/462.mp4,neuraltextures,1,0.0,0.0,0.0,0.0,0.0,0.0
FaceForensics/original/463.mp4,FaceForensics/original/463.mp4,original,0,0.0,0.0,0.0,0.0,0.0,0.0
FaceForensics/Deepfakes/463_464.mp4,FaceForensics/original/463.mp4,deepfakes,1,0.045,0.1061,0.0562,0.0484,0.0,0.0484
FaceForensics/Face2Face/463_464.mp4,FaceForensics/original/463.mp4,face2face,1,0.0578,0.0,0.0825,0.0,0.0,0.0
FaceForensics/FaceShifter/463_464.mp4,FaceForensics/original/463.mp4,faceshifter,1,0.0965,0.1123,0.0509,0.0485,0.0418,0.0
FaceForensics/FaceSwap/463_464.mp4,FaceForensics/original/463.mp4,faceswap,1,0.2521,0.1349,0.0798,0.0672,0.08,0.0539
FaceForensics/NeuralTextures/463_464.mp4,FaceForensics/original/463.mp4,neuraltextures,1,0.1029,0.0,0.0826,0.0,0.0,0.0
FaceForensics/original/464.mp4,FaceForensics/original/464.mp4,original,0,0.0,0.0,0.0,0.0,0.0,0.0
FaceForensics/Deepfakes/464_463.mp4,FaceForensics/original/464.mp4,deepfakes,1,0.0733,0.0905,0.0447,0.0484,0.0,0.0486
FaceForensics/Face2Face/464_463.mp4,FaceForensics/original/464.mp4,face2face,1,0.0,0.0,0.0,0.0,0.0,0.0
FaceForensics/FaceShifter/464_463.mp4,FaceForensics/original/464.mp4,faceshifter,1,0.0,0.0,0.0469,0.0404,0.0,0.0
FaceForensics/FaceSwap/464_463.mp4,FaceForensics/original/464.mp4,faceswap,1,0.1156,0.0618,0.0,0.0438,0.0,0.0
FaceForensics/NeuralTextures/464_463.mp4,FaceForensics/original/464.mp4,neuraltextures,1,0.0453,0.0,0.0,0.0,0.0,0.0
FaceForensics/original/465.mp4,FaceForensics/original/465.mp4,original,0,0.0,0.0,0.0,0.0,0.0,0.0
FaceForensics/Deepfakes/465_482.mp4,FaceForensics/original/465.mp4,deepfakes,1,0.0646,0.0855,0.1047,0.1098,0.0,0.0
FaceForensics/Face2Face/465_482.mp4,FaceForensics/original/465.mp4,face2face,1,0.0,0.0,0.0,0.0,0.0,0.0
FaceForensics/FaceShifter/465_482.mp4,FaceForensics/original/465.mp4,faceshifter,1,0.1547,0.0568,0.0496,0.0,0.0,0.0469
FaceForensics/FaceSwap/465_482.mp4,FaceForensics/original/465.mp4,faceswap,1,0.1861,0.117,0.0812,0.0583,0.0,0.0457
FaceForensics/NeuralTextures/465_482.mp4,FaceForensics/original/465.mp4,neuraltextures,1,0.0,0.0,0.0,0.0,0.0,0.0
FaceForensics/original/466.mp4,FaceForensics/original/466.mp4,original,0,0.0,0.0,0.0,0.0,0.0,0.0
FaceForensics/Deepfakes/466_428.mp4,FaceForensics/original/466.mp4,deepfakes,1,0.0,0.2029,0.0,0.0557,0.0825,0.0
FaceForensics/Face2Face/466_428.mp4,FaceForensics/original/466.mp4,face2face,1,0.0854,0.0,0.0,0.0,0.0,0.0
FaceForensics/FaceShifter/466_428.mp4,FaceForensics/original/466.mp4,faceshifter,1,0.0448,0.0626,0.0,0.0674,0.0572,0.069
FaceForensics/FaceSwap/466_428.mp4,FaceForensics/original/466.mp4,faceswap,1,0.0702,0.2072,0.0,0.0,0.0446,0.0435
FaceForensics/NeuralTextures/466_428.mp4,FaceForensics/original/466.mp4,neuraltextures,1,0.0,0.0,0.0,0.0,0.0,0.0
FaceForensics/original/467.mp4,FaceForensics/original/467.mp4,original,0,0.0,0.0,0.0,0.0,0.0,0.0
FaceForensics/Deepfakes/467_462.mp4,FaceForensics/original/467.mp4,deepfakes,1,0.0,0.0,0.0,0.0,0.0,0.0
FaceForensics/Face2Face/467_462.mp4,FaceForensics/original/467.mp4,face2face,1,0.0,0.0,0.0,0.0461,0.0,0.0
FaceForensics/FaceShifter/467_462.mp4,FaceForensics/original/467.mp4,faceshifter,1,0.0,0.0,0.0801,0.0,0.0,0.0
FaceForensics/FaceSwap/467_462.mp4,FaceForensics/original/467.mp4,faceswap,1,0.0,0.0,0.0,0.0,0.0,0.0
FaceForensics/NeuralTextures/467_462.mp4,FaceForensics/original/467.mp4,neuraltextures,1,0.057,0.0556,0.0648,0.0518,0.0417,0.0
FaceForensics/original/468.mp4,FaceForensics/original/468.mp4,original,0,0.0,0.0,0.0,0.0,0.0,0.0
FaceForensics/Deepfakes/468_470.mp4,FaceForensics/original/468.mp4,deepfakes,1,0.0,0.0,0.0,0.0,0.0,0.0
FaceForensics/Face2Face/468_470.mp4,FaceForensics/original/468.mp4,face2face,1,0.0,0.0,0.0,0.0,0.0,0.0
FaceForensics/FaceShifter/468_470.mp4,FaceForensics/original/468.mp4,faceshifter,1,0.0411,0.0,0.0479,0.0,0.0,0.0
FaceForensics/FaceSwap/468_470.mp4,FaceForensics/original/468.mp4,faceswap,1,0.0,0.0,0.0,0.0,0.0,0.0
FaceForensics/NeuralTextures/468_470.mp4,FaceForensics/original/468.mp4,neuraltextures,1,0.0,0.0,0.0,0.0,0.0,0.0
FaceForensics/original/469.mp4,FaceForensics/original/469.mp4,original,0,0.0,0.0,0.0,0.0,0.0,0.0
FaceForensics/Deepfakes/469_481.mp4,FaceForensics/original/469.mp4,deepfakes,1,0.0,0.0,0.0466,0.0,0.0,0.0
FaceForensics/Face2Face/469_481.mp4,FaceForensics/original/469.mp4,face2face,1,0.125,0.0,0.2068,0.0475,0.089,0.0617
FaceForensics/FaceShifter/469_481.mp4,FaceForensics/original/469.mp4,faceshifter,1,0.0,0.0,0.0857,0.0,0.0,0.0
FaceForensics/FaceSwap/469_481.mp4,FaceForensics/original/469.mp4,faceswap,1,0.2128,0.1833,0.0768,0.0691,0.055,0.0
FaceForensics/NeuralTextures/469_481.mp4,FaceForensics/original/469.mp4,neuraltextures,1,0.0,0.0,0.0,0.0,0.0,0.0
FaceForensics/original/470.mp4,FaceForensics/original/470.mp4,original,0,0.0,0.0,0.0,0.0,0.0,0.0
FaceForensics/Deepfakes/470_468.mp4,FaceForensics/original/470.mp4,deepfakes,1,0.0842,0.0446,0.0,0.0,0.0,0.0
FaceForensics/Face2Face/470_468.mp4,FaceForensics/original/470.mp4,face2face,1,0.0,0.0,0.0,0.0,0.0,0.0
FaceForensics/FaceShifter/470_468.mp4,FaceForensics/original/470.mp4,faceshifter,1,0.3606,0.1826,0.2439,0.2257,0.0604,0.0498
FaceForensics/FaceSwap/470_468.mp4,FaceForensics/original/470.mp4,faceswap,1,0.0,0.0,0.0,0.0,0.0,0.0
FaceForensics/NeuralTextures/470_468.mp4,FaceForensics/original/470.mp4,neuraltextures,1,0.0,0.0,0.0497,0.0,0.0,0.0
FaceForensics/original/471.mp4,FaceForensics/original/471.mp4,original,0,0.0,0.0,0.0,0.0,0.0,0.0
FaceForensics/Deepfakes/471_455.mp4,FaceForensics/original/471.mp4,deepfakes,1,0.0,0.0,0.0,0.0,0.0,0.0
FaceForensics/Face2Face/471_455.mp4,FaceForensics/original/471.mp4,face2face,1,0.0,0.0,0.0,0.0,0.0,0.0
FaceForensics/FaceShifter/471_455.mp4,FaceForensics/original/471.mp4,faceshifter,1,0.0928,0.0,0.0519,0.0849,0.0602,0.0
FaceForensics/FaceSwap/471_455.mp4,FaceForensics/original/471.mp4,faceswap,1,0.0,0.0,0.0,0.0,0.0,0.0
FaceForensics/NeuralTextures/471_455.mp4,FaceForensics/original/471.mp4,neuraltextures,1,0.0,0.0,0.0,0.0,0.0,0.0
FaceForensics/original/472.mp4,FaceForensics/original/472.mp4,original,0,0.0,0.0,0.0,0.0,0.0,0.0
FaceForensics/Deepfakes/472_511.mp4,FaceForensics/original/472.mp4,deepfakes,1,0.0,0.0567,0.0,0.0,0.0,0.0
FaceForensics/Face2Face/472_511.mp4,FaceForensics/original/472.mp4,face2face,1,0.0,0.0,0.0,0.0,0.0,0.0
FaceForensics/FaceShifter/472_511.mp4,FaceForensics/original/472.mp4,faceshifter,1,0.0,0.0,0.0,0.0,0.0,0.0
FaceForensics/FaceSwap/472_511.mp4,FaceForensics/original/472.mp4,faceswap,1,0.0,0.0947,0.0,0.0,0.0599,0.0401
FaceForensics/NeuralTextures/472_511.mp4,FaceForensics/original/472.mp4,neuraltextures,1,0.0,0.0,0.0,0.0,0.0,0.0
FaceForensics/original/473.mp4,FaceForensics/original/473.mp4,original,0,0.0,0.0,0.0,0.0,0.0,0.0
FaceForensics/Deepfakes/473_366.mp4,FaceForensics/original/473.mp4,deepfakes,1,0.0,0.0566,0.0,0.0,0.0569,0.0
FaceForensics/Face2Face/473_366.mp4,FaceForensics/original/473.mp4,face2face,1,0.1521,0.0446,0.0,0.042,0.0,0.0
FaceForensics/FaceShifter/473_366.mp4,FaceForensics/original/473.mp4,faceshifter,1,0.2551,0.0492,0.177,0.1415,0.0698,0.0
FaceForensics/FaceSwap/473_366.mp4,FaceForensics/original/473.mp4,faceswap,1,0.089,0.0457,0.0721,0.0412,0.0,0.0476
FaceForensics/NeuralTextures/473_366.mp4,FaceForensics/original/473.mp4,neuraltextures,1,0.147,0.0665,0.0875,0.0727,0.0,0.0
FaceForensics/original/474.mp4,FaceForensics/original/474.mp4,original,0,0.0,0.0,0.0,0.0,0.0,0.0
FaceForensics/Deepfakes/474_281.mp4,FaceForensics/original/474.mp4,deepfakes,1,0.0,0.0,0.0,0.0,0.0,0.0
FaceForensics/Face2Face/474_281.mp4,FaceForensics/original/474.mp4,face2face,1,0.0,0.0,0.0,0.0,0.0,0.0
FaceForensics/FaceShifter/474_281.mp4,FaceForensics/original/474.mp4,faceshifter,1,0.0,0.0,0.0525,0.0,0.0,0.0
FaceForensics/FaceSwap/474_281.mp4,FaceForensics/original/474.mp4,faceswap,1,0.0626,0.0,0.1717,0.0,0.0,0.0
FaceForensics/NeuralTextures/474_281.mp4,FaceForensics/original/474.mp4,neuraltextures,1,0.0,0.0,0.0,0.0,0.0,0.0
FaceForensics/original/475.mp4,FaceForensics/original/475.mp4,original,0,0.0,0.0,0.0,0.0,0.0,0.0
FaceForensics/Deepfakes/475_265.mp4,FaceForensics/original/475.mp4,deepfakes,1,0.0,0.0,0.0,0.0504,0.0,0.0
FaceForensics/Face2Face/475_265.mp4,FaceForensics/original/475.mp4,face2face,1,0.0,0.0,0.0,0.0,0.0,0.0
FaceForensics/FaceShifter/475_265.mp4,FaceForensics/original/475.mp4,faceshifter,1,0.0617,0.0,0.0,0.0,0.0,0.0
FaceForensics/FaceSwap/475_265.mp4,FaceForensics/original/475.mp4,faceswap,1,0.0672,0.0,0.0,0.0,0.0,0.0
FaceForensics/NeuralTextures/475_265.mp4,FaceForensics/original/475.mp4,neuraltextures,1,0.0,0.0,0.0,0.0,0.0,0.0
FaceForensics/original/476.mp4,FaceForensics/original/476.mp4,original,0,0.0,0.0,0.0,0.0,0.0,0.0
FaceForensics/Deepfakes/476_400.mp4,FaceForensics/original/476.mp4,deepfakes,1,0.3106,0.0998,0.0461,0.07,0.0,0.0689
FaceForensics/Face2Face/476_400.mp4,FaceForensics/original/476.mp4,face2face,1,0.0,0.0,0.0,0.0,0.0429,0.0
FaceForensics/FaceShifter/476_400.mp4,FaceForensics/original/476.mp4,faceshifter,1,0.2313,0.0,0.0406,0.0,0.0,0.0
FaceForensics/FaceSwap/476_400.mp4,FaceForensics/original/476.mp4,faceswap,1,0.0421,0.0779,0.0,0.0,0.0,0.0
FaceForensics/NeuralTextures/476_400.mp4,FaceForensics/original/476.mp4,neuraltextures,1,0.065,0.0,0.0,0.0,0.0,0.0
FaceForensics/original/477.mp4,FaceForensics/original/477.mp4,original,0,0.0,0.0,0.0,0.0,0.0,0.0
FaceForensics/Deepfakes/477_487.mp4,FaceForensics/original/477.mp4,deepfakes,1,0.0797,0.0423,0.0589,0.0812,0.0,0.0439
FaceForensics/Face2Face/477_487.mp4,FaceForensics/original/477.mp4,face2face,1,0.1187,0.0558,0.0,0.0413,0.0521,0.0
FaceForensics/FaceShifter/477_487.mp4,FaceForensics/original/477.mp4,faceshifter,1,0.0,0.0,0.0,0.0,0.0,0.0
FaceForensics/FaceSwap/477_487.mp4,FaceForensics/original/477.mp4,faceswap,1,0.0,0.0,0.0,0.0,0.0,0.0
FaceForensics/NeuralTextures/477_487.mp4,FaceForensics/original/477.mp4,neuraltextures,1,0.0,0.0,0.0,0.0519,0.0438,0.0538
FaceForensics/original/478.mp4,FaceForensics/original/478.mp4,original,0,0.0,0.0,0.0,0.0,0.0,0.0
FaceForensics/Deepfakes/478_506.mp4,FaceForensics/original/478.mp4,deepfakes,1,0.058,0.0533,0.0851,0.0684,0.051,0.0472
FaceForensics/Face2Face/478_506.mp4,FaceForensics/original/478.mp4,face2face,1,0.1154,0.0543,0.1283,0.0616,0.0,0.0481
FaceForensics/FaceShifter/478_506.mp4,FaceForensics/original/478.mp4,faceshifter,1,0.3149,0.108,0.2454,0.1749,0.1024,0.0745
FaceForensics/FaceSwap/478_506.mp4,FaceForensics/original/478.mp4,faceswap,1,0.1284,0.132,0.1366,0.0798,0.0486,0.053
FaceForensics/NeuralTextures/478_506.mp4,FaceForensics/original/478.mp4,neuraltextures,1,0.0619,0.0442,0.1503,0.0896,0.048,0.0
FaceForensics/original/479.mp4,FaceForensics/original/479.mp4,original,0,0.0,0.0,0.0,0.0,0.0,0.0
FaceForensics/Deepfakes/479_706.mp4,FaceForensics/original/479.mp4,deepfakes,1,0.0,0.0,0.0,0.0715,0.0453,0.0
FaceForensics/Face2Face/479_706.mp4,FaceForensics/original/479.mp4,face2face,1,0.1506,0.0,0.0,0.0,0.0,0.0
FaceForensics/FaceShifter/479_706.mp4,FaceForensics/original/479.mp4,faceshifter,1,0.0,0.0,0.0,0.0,0.0,0.0
FaceForensics/FaceSwap/479_706.mp4,FaceForensics/original/479.mp4,faceswap,1,0.0,0.0,0.0,0.0,0.0,0.0
FaceForensics/NeuralTextures/479_706.mp4,FaceForensics/original/479.mp4,neuraltextures,1,0.1131,0.0,0.0,0.0,0.0,0.0
FaceForensics/original/480.mp4,FaceForensics/original/480.mp4,original,0,0.0,0.0,0.0,0.0,0.0,0.0
FaceForensics/Deepfakes/480_389.mp4,FaceForensics/original/480.mp4,deepfakes,1,0.0556,0.0405,0.0,0.0,0.0,0.0
FaceForensics/Face2Face/480_389.mp4,FaceForensics/original/480.mp4,face2face,1,0.0505,0.0,0.0,0.0,0.0,0.0
FaceForensics/FaceShifter/480_389.mp4,FaceForensics/original/480.mp4,faceshifter,1,0.2109,0.0638,0.1221,0.0832,0.0863,0.0
FaceForensics/FaceSwap/480_389.mp4,FaceForensics/original/480.mp4,faceswap,1,0.0629,0.0445,0.0406,0.0,0.0591,0.0
FaceForensics/NeuralTextures/480_389.mp4,FaceForensics/original/480.mp4,neuraltextures,1,0.0,0.0,0.0,0.0,0.0,0.0
FaceForensics/original/481.mp4,FaceForensics/original/481.mp4,original,0,0.0,0.0,0.0,0.0,0.0,0.0
FaceForensics/Deepfakes/481_469.mp4,FaceForensics/original/481.mp4,deepfakes,1,0.0,0.0,0.0,0.0,0.0,0.0
FaceForensics/Face2Face/481_469.mp4,FaceForensics/original/481.mp4,face2face,1,0.0,0.0,0.0,0.0,0.0,0.0
FaceForensics/FaceShifter/481_469.mp4,FaceForensics/original/481.mp4,faceshifter,1,0.1531,0.0,0.1294,0.0711,0.0646,0.0
FaceForensics/FaceSwap/481_469.mp4,FaceForensics/original/481.mp4,faceswap,1,0.0,0.0,0.0,0.0,0.0,0.0
FaceForensics/NeuralTextures/481_469.mp4,FaceForensics/original/481.mp4,neuraltextures,1,0.0,0.0,0.0,0.0,0.0,0.0
FaceForensics/original/482.mp4,FaceForensics/original/482.mp4,original,0,0.0,0.0,0.0,0.0,0.0,0.0
FaceForensics/Deepfakes/482_465.mp4,FaceForensics/original/482.mp4,deepfakes,1,0.256,0.0,0.0648,0.1154,0.1051,0.154
FaceForensics/Face2Face/482_465.mp4,FaceForensics/original/482.mp4,face2face,1,0.226,0.0,0.2129,0.32,0.071,0.1544
FaceForensics/FaceShifter/482_465.mp4,FaceForensics/original/482.mp4,faceshifter,1,0.1324,0.0,0.0,0.0,0.0,0.0
FaceForensics/FaceSwap/482_465.mp4,FaceForensics/original/482.mp4,faceswap,1,0.0815,0.0404,0.0,0.0,0.0544,0.0
FaceForensics/NeuralTextures/482_465.mp4,FaceForensics/original/482.mp4,neuraltextures,1,0.0,0.0,0.0,0.0,0.0,0.0
FaceForensics/original/483.mp4,FaceForensics/original/483.mp4,original,0,0.0,0.0,0.0,0.0,0.0,0.0
FaceForensics/Deepfakes/483_370.mp4,FaceForensics/original/483.mp4,deepfakes,1,0.1047,0.0,0.0,0.0,0.0,0.0
FaceForensics/Face2Face/483_370.mp4,FaceForensics/original/483.mp4,face2face,1,0.0,0.0,0.0,0.0,0.0,0.0
FaceForensics/FaceShifter/483_370.mp4,FaceForensics/original/483.mp4,faceshifter,1,0.2444,0.043,0.09,0.0921,0.0,0.0
FaceForensics/FaceSwap/483_370.mp4,FaceForensics/original/483.mp4,faceswap,1,0.0673,0.0,0.0,0.0,0.0,0.0
FaceForensics/NeuralTextures/483_370.mp4,FaceForensics/original/483.mp4,neuraltextures,1,0.1329,0.0,0.0527,0.0927,0.0,0.0
FaceForensics/original/484.mp4,FaceForensics/original/484.mp4,original,0,0.0,0.0,0.0,0.0,0.0,0.0
FaceForensics/Deepfakes/484_415.mp4,FaceForensics/original/484.mp4,deepfakes,1,0.1971,0.1476,0.2704,0.115,0.074,0.2514
FaceForensics/Face2Face/484_415.mp4,FaceForensics/original/484.mp4,face2face,1,0.0565,0.0,0.0,0.0,0.0,0.0
FaceForensics/FaceShifter/484_415.mp4,FaceForensics/original/484.mp4,faceshifter,1,0.0446,0.0,0.0,0.0,0.0412,0.0
FaceForensics/FaceSwap/484_415.mp4,FaceForensics/original/484.mp4,faceswap,1,0.1274,0.1351,0.1368,0.1214,0.0881,0.0954
FaceForensics/NeuralTextures/484_415.mp4,FaceForensics/original/484.mp4,neuraltextures,1,0.0766,0.0,0.0,0.0,0.0,0.0
FaceForensics/original/485.mp4,FaceForensics/original/485.mp4,original,0,0.0,0.0,0.0,0.0,0.0,0.0
FaceForensics/Deepfakes/485_425.mp4,FaceForensics/original/485.mp4,deepfakes,1,0.0,0.0,0.0615,0.0,0.0,0.0
FaceForensics/Face2Face/485_425.mp4,FaceForensics/original/485.mp4,face2face,1,0.0497,0.0,0.0,0.0,0.0,0.0
FaceForensics/FaceShifter/485_425.mp4,FaceForensics/original/485.mp4,faceshifter,1,0.3199,0.1029,0.2398,0.1664,0.1197,0.058
FaceForensics/FaceSwap/485_425.mp4,FaceForensics/original/485.mp4,faceswap,1,0.1876,0.0804,0.0807,0.0708,0.0573,0.0519
FaceForensics/NeuralTextures/485_425.mp4,FaceForensics/original/485.mp4,neuraltextures,1,0.0812,0.0,0.0451,0.0462,0.0,0.0
FaceForensics/original/486.mp4,FaceForensics/original/486.mp4,original,0,0.0,0.0,0.0,0.0,0.0,0.0
FaceForensics/Deepfakes/486_680.mp4,FaceForensics/original/486.mp4,deepfakes,1,0.0,0.0,0.0,0.0,0.0,0.0
FaceForensics/Face2Face/486_680.mp4,FaceForensics/original/486.mp4,face2face,1,0.0513,0.0,0.0646,0.0,0.0,0.0
FaceForensics/FaceShifter/486_680.mp4,FaceForensics/original/486.mp4,faceshifter,1,0.6479,0.2505,0.5538,0.3199,0.1032,0.1394
FaceForensics/FaceSwap/486_680.mp4,FaceForensics/original/486.mp4,faceswap,1,0.0,0.0,0.0517,0.0,0.0,0.0
FaceForensics/NeuralTextures/486_680.mp4,FaceForensics/original/486.mp4,neuraltextures,1,0.045,0.0,0.0971,0.0444,0.0,0.0
FaceForensics/original/487.mp4,FaceForensics/original/487.mp4,original,0,0.0,0.0,0.0,0.0,0.0,0.0
FaceForensics/Deepfakes/487_477.mp4,FaceForensics/original/487.mp4,deepfakes,1,0.0,0.0,0.0,0.0,0.0,0.0
FaceForensics/Face2Face/487_477.mp4,FaceForensics/original/487.mp4,face2face,1,0.0,0.0,0.0,0.0,0.0,0.0
FaceForensics/FaceShifter/487_477.mp4,FaceForensics/original/487.mp4,faceshifter,1,0.0,0.0,0.0671,0.0464,0.0505,0.0
FaceForensics/FaceSwap/487_477.mp4,FaceForensics/original/487.mp4,faceswap,1,0.0,0.0,0.0,0.0,0.0,0.0489
FaceForensics/NeuralTextures/487_477.mp4,FaceForensics/original/487.mp4,neuraltextures,1,0.0,0.0,0.0,0.0,0.0,0.0
FaceForensics/original/488.mp4,FaceForensics/original/488.mp4,original,0,0.0,0.0,0.0489,0.0,0.0,0.0
FaceForensics/Deepfakes/488_399.mp4,FaceForensics/original/488.mp4,deepfakes,1,0.0536,0.0724,0.143,0.0444,0.0,0.0677
FaceForensics/Face2Face/488_399.mp4,FaceForensics/original/488.mp4,face2face,1,0.2004,0.0,0.158,0.0809,0.0677,0.0919
FaceForensics/FaceShifter/488_399.mp4,FaceForensics/original/488.mp4,faceshifter,1,0.0835,0.043,0.0,0.0,0.0,0.0488
FaceForensics/FaceSwap/488_399.mp4,FaceForensics/original/488.mp4,faceswap,1,0.1614,0.1138,0.0623,0.0799,0.0639,0.0
FaceForensics/NeuralTextures/488_399.mp4,FaceForensics/original/488.mp4,neuraltextures,1,0.0592,0.0,0.0,0.0,0.0,0.0
FaceForensics/original/489.mp4,FaceForensics/original/489.mp4,original,0,0.0,0.0,0.0,0.0,0.0,0.0
FaceForensics/Deepfakes/489_022.mp4,FaceForensics/original/489.mp4,deepfakes,1,0.1746,0.1369,0.0828,0.0694,0.0,0.0421
FaceForensics/Face2Face/489_022.mp4,FaceForensics/original/489.mp4,face2face,1,0.0,0.0,0.0,0.0,0.0,0.0
FaceForensics/FaceShifter/489_022.mp4,FaceForensics/original/489.mp4,faceshifter,1,0.316,0.099,0.2504,0.1869,0.0,0.0
FaceForensics/FaceSwap/489_022.mp4,FaceForensics/original/489.mp4,faceswap,1,0.0443,0.0,0.0,0.0,0.0,0.0
FaceForensics/NeuralTextures/489_022.mp4,FaceForensics/original/489.mp4,neuraltextures,1,0.0,0.0,0.0,0.0,0.0,0.0
FaceForensics/original/490.mp4,FaceForensics/original/490.mp4,original,0,0.0,0.0,0.0,0.0,0.0,0.0
FaceForensics/Deepfakes/490_534.mp4,FaceForensics/original/490.mp4,deepfakes,1,0.0,0.0,0.0,0.0,0.0,0.0411
FaceForensics/Face2Face/490_534.mp4,FaceForensics/original/490.mp4,face2face,1,0.1093,0.0,0.0919,0.0419,0.0496,0.0767
FaceForensics/FaceShifter/490_534.mp4,FaceForensics/original/490.mp4,faceshifter,1,0.0847,0.0,0.0601,0.0,0.0987,0.0
FaceForensics/FaceSwap/490_534.mp4,FaceForensics/original/490.mp4,faceswap,1,0.0545,0.0,0.0,0.0,0.0,0.0
FaceForensics/NeuralTextures/490_534.mp4,FaceForensics/original/490.mp4,neuraltextures,1,0.0,0.0,0.0,0.0,0.0,0.0
FaceForensics/original/491.mp4,FaceForensics/original/491.mp4,original,0,0.0,0.0,0.0,0.0,0.0,0.0
FaceForensics/Deepfakes/491_226.mp4,FaceForensics/original/491.mp4,deepfakes,1,0.0578,0.0,0.0515,0.0537,0.0,0.0
FaceForensics/Face2Face/491_226.mp4,FaceForensics/original/491.mp4,face2face,1,0.0,0.0,0.0,0.0,0.0,0.0
FaceForensics/FaceShifter/491_226.mp4,FaceForensics/original/491.mp4,faceshifter,1,0.1945,0.0,0.1167,0.0935,0.0,0.0
FaceForensics/FaceSwap/491_226.mp4,FaceForensics/original/491.mp4,faceswap,1,0.0,0.0,0.0773,0.0,0.0,0.0
FaceForensics/NeuralTextures/491_226.mp4,FaceForensics/original/491.mp4,neuraltextures,1,0.0,0.0,0.0,0.0,0.0,0.0
FaceForensics/original/492.mp4,FaceForensics/original/492.mp4,original,0,0.0,0.0,0.0,0.0,0.0,0.0
FaceForensics/Deepfakes/492_325.mp4,FaceForensics/original/492.mp4,deepfakes,1,0.0693,0.0,0.147,0.0523,0.0,0.0
FaceForensics/Face2Face/492_325.mp4,FaceForensics/original/492.mp4,face2face,1,0.0,0.0,0.0,0.0,0.0,0.0
FaceForensics/FaceShifter/492_325.mp4,FaceForensics/original/492.mp4,faceshifter,1,0.0,0.0,0.0,0.0,0.0,0.0
FaceForensics/FaceSwap/492_325.mp4,FaceForensics/original/492.mp4,faceswap,1,0.0,0.0,0.0,0.0,0.0,0.0
FaceForensics/NeuralTextures/492_325.mp4,FaceForensics/original/492.mp4,neuraltextures,1,0.0,0.0,0.0,0.0,0.0,0.0
FaceForensics/original/493.mp4,FaceForensics/original/493.mp4,original,0,0.0,0.0,0.0,0.0,0.0,0.0
FaceForensics/Deepfakes/493_538.mp4,FaceForensics/original/493.mp4,deepfakes,1,0.057,0.0484,0.0784,0.0431,0.0655,0.0
FaceForensics/Face2Face/493_538.mp4,FaceForensics/original/493.mp4,face2face,1,0.1992,0.1197,0.1031,0.0753,0.1936,0.0846
FaceForensics/FaceShifter/493_538.mp4,FaceForensics/original/493.mp4,faceshifter,1,0.2341,0.0597,0.1146,0.0913,0.0,0.0
FaceForensics/FaceSwap/493_538.mp4,FaceForensics/original/493.mp4,faceswap,1,0.0747,0.0483,0.0768,0.0488,0.0574,0.0
FaceForensics/NeuralTextures/493_538.mp4,FaceForensics/original/493.mp4,neuraltextures,1,0.057,0.0,0.0,0.0,0.0,0.0
FaceForensics/original/494.mp4,FaceForensics/original/494.mp4,original,0,0.0,0.0,0.0,0.0,0.0,0.0
FaceForensics/Deepfakes/494_445.mp4,FaceForensics/original/494.mp4,deepfakes,1,0.0727,0.0601,0.0683,0.0551,0.0,0.0
FaceForensics/Face2Face/494_445.mp4,FaceForensics/original/494.mp4,face2face,1,0.0,0.0,0.0,0.0,0.0,0.0
FaceForensics/FaceShifter/494_445.mp4,FaceForensics/original/494.mp4,faceshifter,1,0.0,0.0,0.0,0.0,0.0,0.0
FaceForensics/FaceSwap/494_445.mp4,FaceForensics/original/494.mp4,faceswap,1,0.0686,0.0423,0.0,0.0,0.0,0.0
FaceForensics/NeuralTextures/494_445.mp4,FaceForensics/original/494.mp4,neuraltextures,1,0.0,0.0,0.0,0.0,0.0,0.0
FaceForensics/original/495.mp4,FaceForensics/original/495.mp4,original,0,0.0,0.0,0.0475,0.0,0.0,0.0
FaceForensics/Deepfakes/495_512.mp4,FaceForensics/original/495.mp4,deepfakes,1,0.0706,0.0,0.0,0.0626,0.0,0.0
FaceForensics/Face2Face/495_512.mp4,FaceForensics/original/495.mp4,face2face,1,0.0,0.0,0.0,0.0,0.0,0.0
FaceForensics/FaceShifter/495_512.mp4,FaceForensics/original/495.mp4,faceshifter,1,0.3077,0.045,0.1644,0.1997,0.0501,0.0
FaceForensics/FaceSwap/495_512.mp4,FaceForensics/original/495.mp4,faceswap,1,0.0877,0.0,0.0672,0.0673,0.0,0.0
FaceForensics/NeuralTextures/495_512.mp4,FaceForensics/original/495.mp4,neuraltextures,1,0.0,0.0,0.0,0.0,0.0,0.0
FaceForensics/original/496.mp4,FaceForensics/original/496.mp4,original,0,0.0,0.0,0.0,0.0,0.0,0.0
FaceForensics/Deepfakes/496_417.mp4,FaceForensics/original/496.mp4,deepfakes,1,0.1042,0.0587,0.0967,0.0894,0.0521,0.1122
FaceForensics/Face2Face/496_417.mp4,FaceForensics/original/496.mp4,face2face,1,0.0,0.0,0.044,0.0,0.0,0.0
FaceForensics/FaceShifter/496_417.mp4,FaceForensics/original/496.mp4,faceshifter,1,0.1222,0.0,0.1462,0.0,0.0,0.0
FaceForensics/FaceSwap/496_417.mp4,FaceForensics/original/496.mp4,faceswap,1,0.0473,0.0,0.0844,0.0406,0.0,0.0779
FaceForensics/NeuralTextures/496_417.mp4,FaceForensics/original/496.mp4,neuraltextures,1,0.0,0.0,0.0549,0.0,0.0,0.0442
FaceForensics/original/497.mp4,FaceForensics/original/497.mp4,original,0,0.0,0.0,0.0,0.0,0.0,0.0
FaceForensics/Deepfakes/497_403.mp4,FaceForensics/original/497.mp4,deepfakes,1,0.0426,0.0,0.0705,0.0,0.0,0.0
FaceForensics/Face2Face/497_403.mp4,FaceForensics/original/497.mp4,face2face,1,0.0,0.0,0.0,0.0,0.0,0.0
FaceForensics/FaceShifter/497_403.mp4,FaceForensics/original/497.mp4,faceshifter,1,0.3046,0.0,0.0494,0.0,0.0,0.0
FaceForensics/FaceSwap/497_403.mp4,FaceForensics/original/497.mp4,faceswap,1,0.0,0.0,0.0512,0.0,0.0,0.0
FaceForensics/NeuralTextures/497_403.mp4,FaceForensics/original/497.mp4,neuraltextures,1,0.0,0.0,0.0,0.0,0.0,0.0
FaceForensics/original/498.mp4,FaceForensics/original/498.mp4,original,0,0.0,0.0,0.0,0.0,0.0,0.0
FaceForensics/Deepfakes/498_433.mp4,FaceForensics/original/498.mp4,deepfakes,1,0.0713,0.1122,0.0592,0.0553,0.0654,0.0596
FaceForensics/Face2Face/498_433.mp4,FaceForensics/original/498.mp4,face2face,1,0.0,0.0589,0.0,0.0,0.0,0.0
FaceForensics/FaceShifter/498_433.mp4,FaceForensics/original/498.mp4,faceshifter,1,0.1816,0.1314,0.0838,0.1235,0.0558,0.0872
FaceForensics/FaceSwap/498_433.mp4,FaceForensics/original/498.mp4,faceswap,1,0.0908,0.0921,0.0,0.0615,0.0421,0.0
FaceForensics/NeuralTextures/498_433.mp4,FaceForensics/original/498.mp4,neuraltextures,1,0.0516,0.0,0.0443,0.0,0.0,0.0
FaceForensics/original/499.mp4,FaceForensics/original/499.mp4,original,0,0.0,0.0,0.0,0.0,0.0,0.0
FaceForensics/Deepfakes/499_539.mp4,FaceForensics/original/499.mp4,deepfakes,1,0.0,0.0,0.0,0.0,0.0,0.0
FaceForensics/Face2Face/499_539.mp4,FaceForensics/original/499.mp4,face2face,1,0.1224,0.0746,0.0,0.0,0.0,0.0467
FaceForensics/FaceShifter/499_539.mp4,FaceForensics/original/499.mp4,faceshifter,1,0.2177,0.139,0.1455,0.1157,0.0675,0.0585
FaceForensics/FaceSwap/499_539.mp4,FaceForensics/original/499.mp4,faceswap,1,0.0,0.0422,0.0,0.0,0.0,0.0
FaceForensics/NeuralTextures/499_539.mp4,FaceForensics/original/499.mp4,neuraltextures,1,0.0,0.0,0.0,0.0,0.0,0.0
FaceForensics/original/500.mp4,FaceForensics/original/500.mp4,original,0,0.0,0.0,0.0,0.0,0.0,0.0
FaceForensics/Deepfakes/500_592.mp4,FaceForensics/original/500.mp4,deepfakes,1,0.18,0.1386,0.4267,0.3238,0.0684,0.2598
FaceForensics/Face2Face/500_592.mp4,FaceForensics/original/500.mp4,face2face,1,0.0,0.0,0.0,0.0,0.0,0.0
FaceForensics/FaceShifter/500_592.mp4,FaceForensics/original/500.mp4,faceshifter,1,0.0,0.0,0.0,0.0,0.0,0.0
FaceForensics/FaceSwap/500_592.mp4,FaceForensics/original/500.mp4,faceswap,1,0.0,0.0,0.095,0.067,0.0,0.0444
FaceForensics/NeuralTextures/500_592.mp4,FaceForensics/original/500.mp4,neuraltextures,1,0.0,0.0,0.0,0.0,0.0,0.0
FaceForensics/original/501.mp4,FaceForensics/original/501.mp4,original,0,0.0,0.0,0.0,0.0,0.0,0.0
FaceForensics/Deepfakes/501_326.mp4,FaceForensics/original/501.mp4,deepfakes,1,0.1639,0.0863,0.0,0.055,0.0,0.0
FaceForensics/Face2Face/501_326.mp4,FaceForensics/original/501.mp4,face2face,1,0.0,0.0,0.0,0.0,0.0,0.0
FaceForensics/FaceShifter/501_326.mp4,FaceForensics/original/501.mp4,faceshifter,1,0.385,0.1648,0.1528,0.1344,0.0502,0.0
FaceForensics/FaceSwap/501_326.mp4,FaceForensics/original/501.mp4,faceswap,1,0.0455,0.0,0.0,0.0,0.0,0.0
FaceForensics/NeuralTextures/501_326.mp4,FaceForensics/original/501.mp4,neuraltextures,1,0.0,0.0,0.0,0.0,0.0,0.0
FaceForensics/original/502.mp4,FaceForensics/original/502.mp4,original,0,0.0,0.0,0.0,0.0,0.0,0.0
FaceForensics/Deepfakes/502_504.mp4,FaceForensics/original/502.mp4,deepfakes,1,0.0712,0.0697,0.0611,0.0,0.0,0.0
FaceForensics/Face2Face/502_504.mp4,FaceForensics/original/502.mp4,face2face,1,0.0,0.0,0.0,0.0,0.0,0.0
FaceForensics/FaceShifter/502_504.mp4,FaceForensics/original/502.mp4,faceshifter,1,0.0517,0.0,0.0,0.05,0.0,0.0
FaceForensics/FaceSwap/502_504.mp4,FaceForensics/original/502.mp4,faceswap,1,0.0583,0.0754,0.0,0.0,0.0,0.0
FaceForensics/NeuralTextures/502_504.mp4,FaceForensics/original/502.mp4,neuraltextures,1,0.0,0.0,0.0,0.0,0.0,0.0
FaceForensics/original/503.mp4,FaceForensics/original/503.mp4,original,0,0.0,0.0,0.0,0.0,0.0,0.0
FaceForensics/Deepfakes/503_756.mp4,FaceForensics/original/503.mp4,deepfakes,1,0.1599,0.1032,0.0786,0.0874,0.0513,0.0866
FaceForensics/Face2Face/503_756.mp4,FaceForensics/original/503.mp4,face2face,1,0.0947,0.0581,0.0,0.0,0.0469,0.0
FaceForensics/FaceShifter/503_756.mp4,FaceForensics/original/503.mp4,faceshifter,1,0.2995,0.0553,0.233,0.1813,0.0,0.0
FaceForensics/FaceSwap/503_756.mp4,FaceForensics/original/503.mp4,faceswap,1,0.2202,0.1204,0.0793,0.1052,0.0421,0.0516
FaceForensics/NeuralTextures/503_756.mp4,FaceForensics/original/503.mp4,neuraltextures,1,0.0,0.0,0.0,0.0,0.0,0.0
FaceForensics/original/504.mp4,FaceForensics/original/504.mp4,original,0,0.0,0.0,0.0,0.0,0.0,0.0
FaceForensics/Deepfakes/504_502.mp4,FaceForensics/original/504.mp4,deepfakes,1,0.0424,0.0766,0.1008,0.0722,0.0405,0.0434
FaceForensics/Face2Face/504_502.mp4,FaceForensics/original/504.mp4,face2face,1,0.0,0.0,0.0,0.0,0.055,0.0
FaceForensics/FaceShifter/504_502.mp4,FaceForensics/original/504.mp4,faceshifter,1,0.0698,0.092,0.0678,0.1038,0.0594,0.0489
FaceForensics/FaceSwap/504_502.mp4,FaceForensics/original/504.mp4,faceswap,1,0.0988,0.0561,0.06,0.0783,0.0,0.043
FaceForensics/NeuralTextures/504_502.mp4,FaceForensics/original/504.mp4,neuraltextures,1,0.0486,0.0,0.0,0.0422,0.0,0.0
FaceForensics/original/505.mp4,FaceForensics/original/505.mp4,original,0,0.0,0.0,0.0,0.0,0.0,0.0
FaceForensics/Deepfakes/505_600.mp4,FaceForensics/original/505.mp4,deepfakes,1,0.0759,0.0494,0.0952,0.0535,0.0558,0.0639
FaceForensics/Face2Face/505_600.mp4,FaceForensics/original/505.mp4,face2face,1,0.0,0.0,0.0,0.0,0.0,0.0
FaceForensics/FaceShifter/505_600.mp4,FaceForensics/original/505.mp4,faceshifter,1,0.5397,0.1526,0.2174,0.1509,0.1035,0.1457
FaceForensics/FaceSwap/505_600.mp4,FaceForensics/original/505.mp4,faceswap,1,0.0,0.0,0.0,0.0,0.0,0.0
FaceForensics/NeuralTextures/505_600.mp4,FaceForensics/original/505.mp4,neuraltextures,1,0.0,0.0,0.0,0.0,0.0,0.0
FaceForensics/original/506.mp4,FaceForensics/original/506.mp4,original,0,0.0,0.0,0.0,0.0,0.0,0.0
FaceForensics/Deepfakes/506_478.mp4,FaceForensics/original/506.mp4,deepfakes,1,0.0,0.0,0.0411,0.0,0.0,0.0
FaceForensics/Face2Face/506_478.mp4,FaceForensics/original/506.mp4,face2face,1,0.0,0.0,0.0475,0.0,0.0507,0.0
FaceForensics/FaceShifter/506_478.mp4,FaceForensics/original/506.mp4,faceshifter,1,0.1639,0.0,0.1672,0.0722,0.0866,0.0
FaceForensics/FaceSwap/506_478.mp4,FaceForensics/original/506.mp4,faceswap,1,0.0,0.0,0.0,0.0,0.0,0.0
FaceForensics/NeuralTextures/506_478.mp4,FaceForensics/original/506.mp4,neuraltextures,1,0.0,0.0,0.0666,0.0,0.0411,0.0
FaceForensics/original/507.mp4,FaceForensics/original/507.mp4,original,0,0.0,0.0,0.0,0.0,0.0,0.0
FaceForensics/Deepfakes/507_418.mp4,FaceForensics/original/507.mp4,deepfakes,1,0.0,0.0,0.0,0.0,0.0,0.0
FaceForensics/Face2Face/507_418.mp4,FaceForensics/original/507.mp4,face2face,1,0.0588,0.0811,0.0,0.0,0.0749,0.0
FaceForensics/FaceShifter/507_418.mp4,FaceForensics/original/507.mp4,faceshifter,1,0.0536,0.0746,0.0558,0.1419,0.112,0.0834
FaceForensics/FaceSwap/507_418.mp4,FaceForensics/original/507.mp4,faceswap,1,0.0,0.0478,0.0,0.0,0.0402,0.0
FaceForensics/NeuralTextures/507_418.mp4,FaceForensics/original/507.mp4,neuraltextures,1,0.0,0.0,0.0,0.0,0.0,0.0
FaceForensics/original/508.mp4,FaceForensics/original/508.mp4,original,0,0.0,0.0,0.0,0.0,0.0,0.0
FaceForensics/Deepfakes/508_831.mp4,FaceForensics/original/508.mp4,deepfakes,1,0.0464,0.0449,0.0,0.057,0.0408,0.0
FaceForensics/Face2Face/508_831.mp4,FaceForensics/original/508.mp4,face2face,1,0.0,0.0402,0.0,0.0,0.0,0.0
FaceForensics/FaceShifter/508_831.mp4,FaceForensics/original/508.mp4,faceshifter,1,0.1193,0.1384,0.1252,0.1097,0.1458,0.1869
FaceForensics/FaceSwap/508_831.mp4,FaceForensics/original/508.mp4,faceswap,1,0.1698,0.1891,0.0982,0.1077,0.0626,0.1099
FaceForensics/NeuralTextures/508_831.mp4,FaceForensics/original/508.mp4,neuraltextures,1,0.0,0.0,0.0,0.0,0.0,0.0
FaceForensics/original/509.mp4,FaceForensics/original/509.mp4,original,0,0.0,0.0,0.0,0.0,0.0,0.0
FaceForensics/Deepfakes/509_525.mp4,FaceForensics/original/509.mp4,deepfakes,1,0.0581,0.0535,0.0488,0.0551,0.0,0.0
FaceForensics/Face2Face/509_525.mp4,FaceForensics/original/509.mp4,face2face,1,0.0,0.0949,0.0656,0.0495,0.0983,0.0
FaceForensics/FaceShifter/509_525.mp4,FaceForensics/original/509.mp4,faceshifter,1,0.7588,0.1973,0.4177,0.3778,0.1289,0.1813
FaceForensics/FaceSwap/509_525.mp4,FaceForensics/original/509.mp4,faceswap,1,0.0,0.0,0.0,0.0,0.0,0.0
FaceForensics/NeuralTextures/509_525.mp4,FaceForensics/original/509.mp4,neuraltextures,1,0.0,0.0,0.0,0.0,0.0,0.0
FaceForensics/original/510.mp4,FaceForensics/original/510.mp4,original,0,0.0,0.0,0.0,0.0,0.0,0.0
FaceForensics/Deepfakes/510_528.mp4,FaceForensics/original/510.mp4,deepfakes,1,0.0,0.0,0.0,0.0,0.0,0.0
FaceForensics/Face2Face/510_528.mp4,FaceForensics/original/510.mp4,face2face,1,0.0638,0.0,0.0877,0.0,0.0,0.0
FaceForensics/FaceShifter/510_528.mp4,FaceForensics/original/510.mp4,faceshifter,1,0.0,0.0,0.0,0.0,0.0,0.0
FaceForensics/FaceSwap/510_528.mp4,FaceForensics/original/510.mp4,faceswap,1,0.0,0.0,0.0,0.0,0.0,0.0
FaceForensics/NeuralTextures/510_528.mp4,FaceForensics/original/510.mp4,neuraltextures,1,0.0,0.0,0.0572,0.0,0.0,0.0
FaceForensics/original/511.mp4,FaceForensics/original/511.mp4,original,0,0.0,0.0,0.0636,0.0,0.0,0.0
FaceForensics/Deepfakes/511_472.mp4,FaceForensics/original/511.mp4,deepfakes,1,0.1022,0.0635,0.0915,0.0953,0.0,0.0493
FaceForensics/Face2Face/511_472.mp4,FaceForensics/original/511.mp4,face2face,1,0.0566,0.0957,0.0,0.0454,0.0,0.0
FaceForensics/FaceShifter/511_472.mp4,FaceForensics/original/511.mp4,faceshifter,1,0.3712,0.1845,0.2579,0.1555,0.0578,0.0749
FaceForensics/FaceSwap/511_472.mp4,FaceForensics/original/511.mp4,faceswap,1,0.0931,0.0823,0.089,0.0672,0.0,0.0411
FaceForensics/NeuralTextures/511_472.mp4,FaceForensics/original/511.mp4,neuraltextures,1,0.0,0.0,0.0,0.0,0.0,0.0
FaceForensics/original/512.mp4,FaceForensics/original/512.mp4,original,0,0.0,0.0,0.0,0.0,0.0,0.0
FaceForensics/Deepfakes/512_495.mp4,FaceForensics/original/512.mp4,deepfakes,1,0.0,0.0567,0.0639,0.0,0.0,0.0
FaceForensics/Face2Face/512_495.mp4,FaceForensics/original/512.mp4,face2face,1,0.0,0.0,0.0824,0.0,0.0,0.0
FaceForensics/FaceShifter/512_495.mp4,FaceForensics/original/512.mp4,faceshifter,1,0.2138,0.1186,0.3361,0.1839,0.0612,0.0
FaceForensics/FaceSwap/512_495.mp4,FaceForensics/original/512.mp4,faceswap,1,0.0,0.0,0.0,0.0,0.0,0.0
FaceForensics/NeuralTextures/512_495.mp4,FaceForensics/original/512.mp4,neuraltextures,1,0.0,0.0,0.0,0.0,0.0,0.0
FaceForensics/original/513.mp4,FaceForensics/original/513.mp4,original,0,0.0,0.0,0.0,0.0,0.0,0.0
FaceForensics/Deepfakes/513_305.mp4,FaceForensics/original/513.mp4,deepfakes,1,0.1219,0.1442,0.3035,0.1383,0.0672,0.0885
FaceForensics/Face2Face/513_305.mp4,FaceForensics/original/513.mp4,face2face,1,0.0,0.0,0.0443,0.0,0.0,0.0
FaceForensics/FaceShifter/513_305.mp4,FaceForensics/original/513.mp4,faceshifter,1,0.3871,0.2829,0.0833,0.1094,0.0,0.0539
FaceForensics/FaceSwap/513_305.mp4,FaceForensics/original/513.mp4,faceswap,1,0.1128,0.0,0.0515,0.0465,0.0,0.0
FaceForensics/NeuralTextures/513_305.mp4,FaceForensics/original/513.mp4,neuraltextures,1,0.0,0.0,0.0,0.0,0.0,0.0
FaceForensics/original/514.mp4,FaceForensics/original/514.mp4,original,0,0.0,0.0,0.0,0.0,0.0,0.0
FaceForensics/Deepfakes/514_443.mp4,FaceForensics/original/514.mp4,deepfakes,1,0.063,0.0,0.0,0.0,0.0,0.0
FaceForensics/Face2Face/514_443.mp4,FaceForensics/original/514.mp4,face2face,1,0.0,0.0,0.058,0.0,0.0,0.0
FaceForensics/FaceShifter/514_443.mp4,FaceForensics/original/514.mp4,faceshifter,1,0.1827,0.0449,0.1662,0.1651,0.0,0.0632
FaceForensics/FaceSwap/514_443.mp4,FaceForensics/original/514.mp4,faceswap,1,0.0,0.0,0.0,0.0,0.0,0.0
FaceForensics/NeuralTextures/514_443.mp4,FaceForensics/original/514.mp4,neuraltextures,1,0.0,0.0,0.0,0.0,0.0,0.0
FaceForensics/original/515.mp4,FaceForensics/original/515.mp4,original,0,0.0,0.0,0.0,0.0,0.0,0.0
FaceForensics/Deepfakes/515_519.mp4,FaceForensics/original/515.mp4,deepfakes,1,0.052,0.043,0.0,0.0569,0.0,0.0
FaceForensics/Face2Face/515_519.mp4,FaceForensics/original/515.mp4,face2face,1,0.0627,0.0494,0.0815,0.042,0.0,0.0
FaceForensics/FaceShifter/515_519.mp4,FaceForensics/original/515.mp4,faceshifter,1,0.3381,0.1365,0.4574,0.2869,0.1399,0.0788
FaceForensics/FaceSwap/515_519.mp4,FaceForensics/original/515.mp4,faceswap,1,0.0,0.0,0.0429,0.0,0.0,0.0
FaceForensics/NeuralTextures/515_519.mp4,FaceForensics/original/515.mp4,neuraltextures,1,0.0,0.0,0.0,0.0,0.0,0.0
FaceForensics/original/516.mp4,FaceForensics/original/516.mp4,original,0,0.0,0.0,0.0,0.0,0.0,0.0
FaceForensics/Deepfakes/516_555.mp4,FaceForensics/original/516.mp4,deepfakes,1,0.0,0.0595,0.0,0.0,0.0,0.0
FaceForensics/Face2Face/516_555.mp4,FaceForensics/original/516.mp4,face2face,1,0.0,0.0,0.0,0.0,0.0414,0.0
FaceForensics/FaceShifter/516_555.mp4,FaceForensics/original/516.mp4,faceshifter,1,0.0,0.0,0.0,0.0,0.0,0.0
FaceForensics/FaceSwap/516_555.mp4,FaceForensics/original/516.mp4,faceswap,1,0.0,0.0716,0.0,0.0,0.0,0.0
FaceForensics/NeuralTextures/516_555.mp4,FaceForensics/original/516.mp4,neuraltextures,1,0.0741,0.0,0.0,0.0,0.0,0.0
FaceForensics/original/517.mp4,FaceForensics/original/517.mp4,original,0,0.0,0.0,0.0,0.0,0.0,0.0
FaceForensics/Deepfakes/517_521.mp4,FaceForensics/original/517.mp4,deepfakes,1,0.3163,0.306,0.7136,0.4975,0.408,0.2767
FaceForensics/Face2Face/517_521.mp4,FaceForensics/original/517.mp4,face2face,1,0.0,0.0,0.0,0.0,0.085,0.0
FaceForensics/FaceShifter/517_521.mp4,FaceForensics/original/517.mp4,faceshifter,1,0.1462,0.0,0.1846,0.1127,0.0587,0.0
FaceForensics/FaceSwap/517_521.mp4,FaceForensics/original/517.mp4,faceswap,1,0.1837,0.2465,0.0897,0.0923,0.1439,0.132
FaceForensics/NeuralTextures/517_521.mp4,FaceForensics/original/517.mp4,neuraltextures,1,0.0,0.0,0.0,0.0,0.0,0.0
FaceForensics/original/518.mp4,FaceForensics/original/518.mp4,original,0,0.0,0.0,0.0,0.0,0.0,0.0
FaceForensics/Deepfakes/518_131.mp4,FaceForensics/original/518.mp4,deepfakes,1,0.0769,0.1973,0.4427,0.227,0.1288,0.1959
FaceForensics/Face2Face/518_131.mp4,FaceForensics/original/518.mp4,face2face,1,0.1158,0.0477,0.2514,0.0538,0.0,0.0
FaceForensics/FaceShifter/518_131.mp4,FaceForensics/original/518.mp4,faceshifter,1,0.0,0.0,0.0,0.0,0.0,0.0
FaceForensics/FaceSwap/518_131.mp4,FaceForensics/original/518.mp4,faceswap,1,0.2328,0.2602,0.2435,0.1396,0.1245,0.0837
FaceForensics/NeuralTextures/518_131.mp4,FaceForensics/original/518.mp4,neuraltextures,1,0.1158,0.0511,0.1268,0.0781,0.0,0.0482
FaceForensics/original/519.mp4,FaceForensics/original/519.mp4,original,0,0.0,0.0,0.0,0.0,0.0,0.0
FaceForensics/Deepfakes/519_515.mp4,FaceForensics/original/519.mp4,deepfakes,1,0.0,0.0414,0.0,0.0,0.0,0.0
FaceForensics/Face2Face/519_515.mp4,FaceForensics/original/519.mp4,face2face,1,0.0,0.0,0.0,0.0,0.0,0.0
FaceForensics/FaceShifter/519_515.mp4,FaceForensics/original/519.mp4,faceshifter,1,0.5942,0.2164,0.3054,0.3449,0.0678,0.1234
FaceForensics/FaceSwap/519_515.mp4,FaceForensics/original/519.mp4,faceswap,1,0.0,0.0,0.0,0.0,0.0,0.0
FaceForensics/NeuralTextures/519_515.mp4,FaceForensics/original/519.mp4,neuraltextures,1,0.0,0.0,0.0612,0.0439,0.0,0.0
FaceForensics/original/520.mp4,FaceForensics/original/520.mp4,original,0,0.0,0.0,0.0,0.0,0.0,0.0
FaceForensics/Deepfakes/520_542.mp4,FaceForensics/original/520.mp4,deepfakes,1,0.1839,0.0747,0.0882,0.1188,0.0571,0.1258
FaceForensics/Face2Face/520_542.mp4,FaceForensics/original/520.mp4,face2face,1,0.0483,0.0,0.0,0.0,0.0,0.0
FaceForensics/FaceShifter/520_542.mp4,FaceForensics/original/520.mp4,faceshifter,1,0.1005,0.0,0.0586,0.0,0.0,0.0
FaceForensics/FaceSwap/520_542.mp4,FaceForensics/original/520.mp4,faceswap,1,0.1428,0.0638,0.0559,0.0768,0.0,0.0429
FaceForensics/NeuralTextures/520_542.mp4,FaceForensics/original/520.mp4,neuraltextures,1,0.0,0.0,0.0,0.0,0.0,0.0
FaceForensics/original/521.mp4,FaceForensics/original/521.mp4,original,0,0.0,0.0,0.0,0.0,0.0,0.0
FaceForensics/Deepfakes/521_517.mp4,FaceForensics/original/521.mp4,deepfakes,1,0.0,0.0684,0.0552,0.0,0.0,0.0
FaceForensics/Face2Face/521_517.mp4,FaceForensics/original/521.mp4,face2face,1,0.0,0.0,0.0,0.0,0.0,0.0
FaceForensics/FaceShifter/521_517.mp4,FaceForensics/original/521.mp4,faceshifter,1,0.0842,0.0502,0.0726,0.0615,0.0,0.0448
FaceForensics/FaceSwap/521_517.mp4,FaceForensics/original/521.mp4,faceswap,1,0.0,0.0,0.0,0.0,0.0,0.0
FaceForensics/NeuralTextures/521_517.mp4,FaceForensics/original/521.mp4,neuraltextures,1,0.0,0.0,0.0,0.0,0.0,0.0
FaceForensics/original/522.mp4,FaceForensics/original/522.mp4,original,0,0.0,0.0,0.0,0.0,0.0,0.0
FaceForensics/Deepfakes/522_337.mp4,FaceForensics/original/522.mp4,deepfakes,1,0.0,0.0,0.0,0.0,0.0,0.0
FaceForensics/Face2Face/522_337.mp4,FaceForensics/original/522.mp4,face2face,1,0.0,0.0,0.0,0.0,0.0,0.0
FaceForensics/FaceShifter/522_337.mp4,FaceForensics/original/522.mp4,faceshifter,1,0.5188,0.2112,0.3901,0.3011,0.1294,0.1855
FaceForensics/FaceSwap/522_337.mp4,FaceForensics/original/522.mp4,faceswap,1,0.0509,0.0509,0.0,0.0442,0.0424,0.0401
FaceForensics/NeuralTextures/522_337.mp4,FaceForensics/original/522.mp4,neuraltextures,1,0.0,0.0,0.0,0.044,0.0,0.0
FaceForensics/original/523.mp4,FaceForensics/original/523.mp4,original,0,0.0,0.0,0.0,0.0,0.0,0.0
FaceForensics/Deepfakes/523_541.mp4,FaceForensics/original/523.mp4,deepfakes,1,0.0,0.0,0.0,0.0,0.0542,0.0
FaceForensics/Face2Face/523_541.mp4,FaceForensics/original/523.mp4,face2face,1,0.0,0.0,0.0,0.0,0.0,0.0
FaceForensics/FaceShifter/523_541.mp4,FaceForensics/original/523.mp4,faceshifter,1,0.1807,0.0448,0.1204,0.1452,0.0794,0.0
FaceForensics/FaceSwap/523_541.mp4,FaceForensics/original/523.mp4,faceswap,1,0.0,0.1433,0.0725,0.0601,0.0559,0.0463
FaceForensics/NeuralTextures/523_541.mp4,FaceForensics/original/523.mp4,neuraltextures,1,0.0,0.0,0.0,0.0,0.0,0.0
FaceForensics/original/524.mp4,FaceForensics/original/524.mp4,original,0,0.0,0.0,0.0,0.0,0.0,0.0
FaceForensics/Deepfakes/524_580.mp4,FaceForensics/original/524.mp4,deepfakes,1,0.1933,0.0807,0.0557,0.0648,0.0477,0.0
FaceForensics/Face2Face/524_580.mp4,FaceForensics/original/524.mp4,face2face,1,0.0862,0.0,0.0,0.0,0.0,0.0
FaceForensics/FaceShifter/524_580.mp4,FaceForensics/original/524.mp4,faceshifter,1,0.1498,0.0,0.0773,0.0782,0.055,0.0
FaceForensics/FaceSwap/524_580.mp4,FaceForensics/original/524.mp4,faceswap,1,0.0,0.0844,0.0,0.0,0.0,0.0
FaceForensics/NeuralTextures/524_580.mp4,FaceForensics/original/524.mp4,neuraltextures,1,0.0759,0.0,0.0,0.0,0.0,0.0
FaceForensics/original/525.mp4,FaceForensics/original/525.mp4,original,0,0.0,0.0,0.0,0.0,0.0,0.0
FaceForensics/Deepfakes/525_509.mp4,FaceForensics/original/525.mp4,deepfakes,1,0.1911,0.1131,0.0799,0.1192,0.0415,0.0765
FaceForensics/Face2Face/525_509.mp4,FaceForensics/original/525.mp4,face2face,1,0.0477,0.0622,0.0608,0.0611,0.0506,0.0
FaceForensics/FaceShifter/525_509.mp4,FaceForensics/original/525.mp4,faceshifter,1,0.2257,0.0764,0.1081,0.1098,0.0,0.0682
FaceForensics/FaceSwap/525_509.mp4,FaceForensics/original/525.mp4,faceswap,1,0.0,0.0,0.0521,0.054,0.0,0.0
FaceForensics/NeuralTextures/525_509.mp4,FaceForensics/original/525.mp4,neuraltextures,1,0.0432,0.0,0.0,0.0,0.0,0.0
FaceForensics/original/526.mp4,FaceForensics/original/526.mp4,original,0,0.0,0.0,0.0,0.0,0.0,0.0
FaceForensics/Deepfakes/526_436.mp4,FaceForensics/original/526.mp4,deepfakes,1,0.0959,0.0626,0.0,0.0533,0.0,0.0
FaceForensics/Face2Face/526_436.mp4,FaceForensics/original/526.mp4,face2face,1,0.0,0.0,0.0,0.0,0.0,0.0
FaceForensics/FaceShifter/526_436.mp4,FaceForensics/original/526.mp4,faceshifter,1,0.2638,0.0,0.0872,0.1181,0.0,0.0
FaceForensics/FaceSwap/526_436.mp4,FaceForensics/original/526.mp4,faceswap,1,0.0762,0.0,0.0,0.0513,0.0,0.0
FaceForensics/NeuralTextures/526_436.mp4,FaceForensics/original/526.mp4,neuraltextures,1,0.0,0.0,0.0,0.0,0.0,0.0
FaceForensics/original/527.mp4,FaceForensics/original/527.mp4,original,0,0.0,0.0,0.0,0.0,0.0,0.0
FaceForensics/Deepfakes/527_454.mp4,FaceForensics/original/527.mp4,deepfakes,1,0.0,0.0,0.0,0.0487,0.0789,0.0
FaceForensics/Face2Face/527_454.mp4,FaceForensics/original/527.mp4,face2face,1,0.0,0.0,0.0,0.0,0.0414,0.0
FaceForensics/FaceShifter/527_454.mp4,FaceForensics/original/527.mp4,faceshifter,1,0.1128,0.0,0.045,0.0,0.0,0.0
FaceForensics/FaceSwap/527_454.mp4,FaceForensics/original/527.mp4,faceswap,1,0.0887,0.0514,0.1753,0.1148,0.1266,0.0
FaceForensics/NeuralTextures/527_454.mp4,FaceForensics/original/527.mp4,neuraltextures,1,0.0,0.0,0.0,0.0,0.0,0.0
FaceForensics/original/528.mp4,FaceForensics/original/528.mp4,original,0,0.0,0.0,0.0,0.0,0.0,0.0
FaceForensics/Deepfakes/528_510.mp4,FaceForensics/original/528.mp4,deepfakes,1,0.133,0.0627,0.091,0.078,0.0,0.0544
FaceForensics/Face2Face/528_510.mp4,FaceForensics/original/528.mp4,face2face,1,0.0,0.0,0.0,0.0,0.0,0.0
FaceForensics/FaceShifter/528_510.mp4,FaceForensics/original/528.mp4,faceshifter,1,0.1312,0.0627,0.092,0.0729,0.0,0.0
FaceForensics/FaceSwap/528_510.mp4,FaceForensics/original/528.mp4,faceswap,1,0.1283,0.0607,0.0791,0.0712,0.0,0.0457
FaceForensics/NeuralTextures/528_510.mp4,FaceForensics/original/528.mp4,neuraltextures,1,0.0,0.0,0.0,0.0,0.0,0.0
FaceForensics/original/529.mp4,FaceForensics/original/529.mp4,original,0,0.0,0.0,0.0,0.0,0.0,0.0
FaceForensics/Deepfakes/529_633.mp4,FaceForensics/original/529.mp4,deepfakes,1,0.0,0.0,0.0,0.0,0.0,0.0
FaceForensics/Face2Face/529_633.mp4,FaceForensics/original/529.mp4,face2face,1,0.0,0.0,0.0,0.0,0.0,0.0
FaceForensics/FaceShifter/529_633.mp4,FaceForensics/original/529.mp4,faceshifter,1,0.0,0.0,0.0,0.0,0.0,0.0
FaceForensics/FaceSwap/529_633.mp4,FaceForensics/original/529.mp4,faceswap,1,0.1817,0.0813,0.0,0.05,0.0527,0.0
FaceForensics/NeuralTextures/529_633.mp4,FaceForensics/original/529.mp4,neuraltextures,1,0.0,0.0,0.0,0.0,0.0,0.0
FaceForensics/original/530.mp4,FaceForensics/original/530.mp4,original,0,0.0,0.0,0.0,0.0,0.0,0.0
FaceForensics/Deepfakes/530_594.mp4,FaceForensics/original/530.mp4,deepfakes,1,0.0,0.0,0.0,0.0,0.0,0.0
FaceForensics/Face2Face/530_594.mp4,FaceForensics/original/530.mp4,face2face,1,0.1464,0.1863,0.2271,0.2261,0.075,0.0688
FaceForensics/FaceShifter/530_594.mp4,FaceForensics/original/530.mp4,faceshifter,1,0.5287,0.0973,0.2093,0.2631,0.0472,0.1338
FaceForensics/FaceSwap/530_594.mp4,FaceForensics/original/530.mp4,faceswap,1,0.2627,0.0639,0.0,0.0,0.0637,0.0485
FaceForensics/NeuralTextures/530_594.mp4,FaceForensics/original/530.mp4,neuraltextures,1,0.0,0.0,0.0,0.0,0.0,0.0
FaceForensics/original/531.mp4,FaceForensics/original/531.mp4,original,0,0.0,0.0,0.0,0.0,0.0,0.0
FaceForensics/Deepfakes/531_549.mp4,FaceForensics/original/531.mp4,deepfakes,1,0.4495,0.2819,0.0,0.0,0.0842,0.0
FaceForensics/Face2Face/531_549.mp4,FaceForensics/original/531.mp4,face2face,1,0.0711,0.0,0.0,0.0,0.0,0.0
FaceForensics/FaceShifter/531_549.mp4,FaceForensics/original/531.mp4,faceshifter,1,0.1237,0.0,0.0457,0.0566,0.0,0.0
FaceForensics/FaceSwap/531_549.mp4,FaceForensics/original/531.mp4,faceswap,1,0.474,0.1184,0.1103,0.0682,0.084,0.0474
FaceForensics/NeuralTextures/531_549.mp4,FaceForensics/original/531.mp4,neuraltextures,1,0.0,0.0,0.0,0.0,0.0,0.0
FaceForensics/original/532.mp4,FaceForensics/original/532.mp4,original,0,0.0,0.0,0.0,0.0,0.0,0.0
FaceForensics/Deepfakes/532_544.mp4,FaceForensics/original/532.mp4,deepfakes,1,0.0,0.0,0.0,0.0,0.0,0.0
FaceForensics/Face2Face/532_544.mp4,FaceForensics/original/532.mp4,face2face,1,0.0,0.0,0.0,0.0,0.0,0.0
FaceForensics/FaceShifter/532_544.mp4,FaceForensics/original/532.mp4,faceshifter,1,0.0783,0.0572,0.0,0.0,0.0,0.0
FaceForensics/FaceSwap/532_544.mp4,FaceForensics/original/532.mp4,faceswap,1,0.0,0.0,0.0,0.0,0.0,0.0
FaceForensics/NeuralTextures/532_544.mp4,FaceForensics/original/532.mp4,neuraltextures,1,0.0,0.0,0.0,0.0,0.0,0.0
FaceForensics/original/533.mp4,FaceForensics/original/533.mp4,original,0,0.0,0.0,0.0,0.0,0.0,0.0
FaceForensics/Deepfakes/533_450.mp4,FaceForensics/original/533.mp4,deepfakes,1,0.0,0.0,0.0555,0.0,0.0,0.0
FaceForensics/Face2Face/533_450.mp4,FaceForensics/original/533.mp4,face2face,1,0.0,0.0,0.0,0.0,0.0,0.0
FaceForensics/FaceShifter/533_450.mp4,FaceForensics/original/533.mp4,faceshifter,1,0.1492,0.0,0.0,0.0,0.0,0.0
FaceForensics/FaceSwap/533_450.mp4,FaceForensics/original/533.mp4,faceswap,1,0.0,0.0,0.0,0.0,0.0,0.0
FaceForensics/NeuralTextures/533_450.mp4,FaceForensics/original/533.mp4,neuraltextures,1,0.0496,0.0,0.0,0.0,0.0,0.0
FaceForensics/original/534.mp4,FaceForensics/original/534.mp4,original,0,0.0,0.0,0.0,0.0,0.0,0.0
FaceForensics/Deepfakes/534_490.mp4,FaceForensics/original/534.mp4,deepfakes,1,0.0705,0.0772,0.0,0.0431,0.0,0.0
FaceForensics/Face2Face/534_490.mp4,FaceForensics/original/534.mp4,face2face,1,0.0,0.0,0.0,0.0,0.0,0.0
FaceForensics/FaceShifter/534_490.mp4,FaceForensics/original/534.mp4,faceshifter,1,0.1331,0.045,0.0,0.0,0.0,0.0
FaceForensics/FaceSwap/534_490.mp4,FaceForensics/original/534.mp4,faceswap,1,0.0642,0.0848,0.0,0.0,0.0,0.0
FaceForensics/NeuralTextures/534_490.mp4,FaceForensics/original/534.mp4,neuraltextures,1,0.0,0.0,0.0,0.0,0.0,0.0
FaceForensics/original/535.mp4,FaceForensics/original/535.mp4,original,0,0.0,0.0,0.0,0.0,0.0,0.0
FaceForensics/Deepfakes/535_587.mp4,FaceForensics/original/535.mp4,deepfakes,1,0.0,0.0,0.0,0.0,0.0,0.0
FaceForensics/Face2Face/535_587.mp4,FaceForensics/original/535.mp4,face2face,1,0.0,0.0,0.0,0.0,0.0,0.0
FaceForensics/FaceShifter/535_587.mp4,FaceForensics/original/535.mp4,faceshifter,1,0.5409,0.1304,0.39,0.2025,0.1388,0.0669
FaceForensics/FaceSwap/535_587.mp4,FaceForensics/original/535.mp4,faceswap,1,0.0,0.0485,0.0,0.0,0.0,0.0
FaceForensics/NeuralTextures/535_587.mp4,FaceForensics/original/535.mp4,neuraltextures,1,0.0529,0.0,0.0,0.0,0.0,0.0
FaceForensics/original/536.mp4,FaceForensics/original/536.mp4,original,0,0.0,0.0,0.0,0.0,0.0,0.0
FaceForensics/Deepfakes/536_540.mp4,FaceForensics/original/536.mp4,deepfakes,1,0.0,0.0,0.0,0.0,0.0,0.0
FaceForensics/Face2Face/536_540.mp4,FaceForensics/original/536.mp4,face2face,1,0.0,0.0,0.0,0.0,0.0,0.0
FaceForensics/FaceShifter/536_540.mp4,FaceForensics/original/536.mp4,faceshifter,1,0.1674,0.0,0.0,0.0,0.0,0.0
FaceForensics/FaceSwap/536_540.mp4,FaceForensics/original/536.mp4,faceswap,1,0.0,0.0,0.0,0.0,0.0,0.0
FaceForensics/NeuralTextures/536_540.mp4,FaceForensics/original/536.mp4,neuraltextures,1,0.0,0.0,0.0,0.0,0.0,0.0
FaceForensics/original/537.mp4,FaceForensics/original/537.mp4,original,0,0.0,0.0,0.0,0.0,0.0,0.0
FaceForensics/Deepfakes/537_563.mp4,FaceForensics/original/537.mp4,deepfakes,1,0.0829,0.0,0.0517,0.0604,0.0,0.0
FaceForensics/Face2Face/537_563.mp4,FaceForensics/original/537.mp4,face2face,1,0.0,0.0,0.0,0.0,0.0,0.0
FaceForensics/FaceShifter/537_563.mp4,FaceForensics/original/537.mp4,faceshifter,1,0.118,0.0464,0.0569,0.0472,0.0629,0.0
FaceForensics/FaceSwap/537_563.mp4,FaceForensics/original/537.mp4,faceswap,1,0.0,0.041,0.0,0.0,0.0,0.0
FaceForensics/NeuralTextures/537_563.mp4,FaceForensics/original/537.mp4,neuraltextures,1,0.0,0.0,0.0,0.0434,0.0,0.0
FaceForensics/original/538.mp4,FaceForensics/original/538.mp4,original,0,0.0,0.0,0.0,0.0,0.0,0.0
FaceForensics/Deepfakes/538_493.mp4,FaceForensics/original/538.mp4,deepfakes,1,0.0,0.0,0.1551,0.0719,0.0,0.0
FaceForensics/Face2Face/538_493.mp4,FaceForensics/original/538.mp4,face2face,1,0.0,0.0456,0.0511,0.0,0.0418,0.0
FaceForensics/FaceShifter/538_493.mp4,FaceForensics/original/538.mp4,faceshifter,1,0.2317,0.1089,0.222,0.139,0.0791,0.0
FaceForensics/FaceSwap/538_493.mp4,FaceForensics/original/538.mp4,faceswap,1,0.0,0.1008,0.0402,0.0446,0.0621,0.0
FaceForensics/NeuralTextures/538_493.mp4,FaceForensics/original/538.mp4,neuraltextures,1,0.0,0.0,0.0,0.0,0.0,0.0
FaceForensics/original/539.mp4,FaceForensics/original/539.mp4,original,0,0.0,0.0,0.0,0.0,0.0,0.0
FaceForensics/Deepfakes/539_499.mp4,FaceForensics/original/539.mp4,deepfakes,1,0.0,0.0,0.0,0.0,0.0,0.0
FaceForensics/Face2Face/539_499.mp4,FaceForensics/original/539.mp4,face2face,1,0.0,0.0673,0.0,0.0,0.05,0.0
FaceForensics/FaceShifter/539_499.mp4,FaceForensics/original/539.mp4,faceshifter,1,0.1303,0.1907,0.0,0.0,0.0,0.0
FaceForensics/FaceSwap/539_499.mp4,FaceForensics/original/539.mp4,faceswap,1,0.0,0.0894,0.0,0.0461,0.0953,0.0
FaceForensics/NeuralTextures/539_499.mp4,FaceForensics/original/539.mp4,neuraltextures,1,0.0,0.0,0.0,0.0,0.0,0.0
FaceForensics/original/540.mp4,FaceForensics/original/540.mp4,original,0,0.0,0.0,0.0489,0.0,0.0,0.0
FaceForensics/Deepfakes/540_536.mp4,FaceForensics/original/540.mp4,deepfakes,1,0.1141,0.0821,0.0455,0.0572,0.0,0.0562
FaceForensics/Face2Face/540_536.mp4,FaceForensics/original/540.mp4,face2face,1,0.0498,0.0,0.0563,0.0,0.0,0.0
FaceForensics/FaceShifter/540_536.mp4,FaceForensics/original/540.mp4,faceshifter,1,0.4626,0.1395,0.1612,0.1369,0.073,0.0
FaceForensics/FaceSwap/540_536.mp4,FaceForensics/original/540.mp4,faceswap,1,0.1118,0.0714,0.0451,0.0,0.0443,0.0
FaceForensics/NeuralTextures/540_536.mp4,FaceForensics/original/540.mp4,neuraltextures,1,0.0551,0.0,0.0559,0.0,0.0,0.0
FaceForensics/original/541.mp4,FaceForensics/original/541.mp4,original,0,0.0,0.0,0.0,0.0,0.0,0.0
FaceForensics/Deepfakes/541_523.mp4,FaceForensics/original/541.mp4,deepfakes,1,0.129,0.0993,0.0,0.0,0.0,0.0
FaceForensics/Face2Face/541_523.mp4,FaceForensics/original/541.mp4,face2face,1,0.1217,0.0,0.0,0.0,0.0,0.0
FaceForensics/FaceShifter/541_523.mp4,FaceForensics/original/541.mp4,faceshifter,1,0.3064,0.1257,0.166,0.149,0.0573,0.0486
FaceForensics/FaceSwap/541_523.mp4,FaceForensics/original/541.mp4,faceswap,1,0.1157,0.1051,0.0,0.0,0.0,0.0
FaceForensics/NeuralTextures/541_523.mp4,FaceForensics/original/541.mp4,neuraltextures,1,0.1541,0.0,0.0,0.0563,0.0,0.0
FaceForensics/original/542.mp4,FaceForensics/original/542.mp4,original,0,0.0,0.0,0.0,0.0,0.0,0.0
FaceForensics/Deepfakes/542_520.mp4,FaceForensics/original/542.mp4,deepfakes,1,0.0,0.0,0.0,0.0,0.0,0.0
FaceForensics/Face2Face/542_520.mp4,FaceForensics/original/542.mp4,face2face,1,0.0,0.0,0.0,0.0,0.0,0.0
FaceForensics/FaceShifter/542_520.mp4,FaceForensics/original/542.mp4,faceshifter,1,0.0,0.0749,0.0,0.0,0.0,0.0
FaceForensics/FaceSwap/542_520.mp4,FaceForensics/original/542.mp4,faceswap,1,0.0,0.0,0.0,0.0,0.0,0.0
FaceForensics/NeuralTextures/542_520.mp4,FaceForensics/original/542.mp4,neuraltextures,1,0.0,0.0,0.0,0.0,0.0,0.0
FaceForensics/original/543.mp4,FaceForensics/original/543.mp4,original,0,0.0,0.0,0.0,0.0,0.0,0.0
FaceForensics/Deepfakes/543_559.mp4,FaceForensics/original/543.mp4,deepfakes,1,0.0981,0.123,0.1615,0.118,0.0,0.0432
FaceForensics/Face2Face/543_559.mp4,FaceForensics/original/543.mp4,face2face,1,0.0974,0.0,0.0,0.0,0.0,0.0
FaceForensics/FaceShifter/543_559.mp4,FaceForensics/original/543.mp4,faceshifter,1,0.3744,0.1481,0.3181,0.2137,0.0533,0.0917
FaceForensics/FaceSwap/543_559.mp4,FaceForensics/original/543.mp4,faceswap,1,0.13,0.0997,0.0,0.0,0.0,0.0
FaceForensics/NeuralTextures/543_559.mp4,FaceForensics/original/543.mp4,neuraltextures,1,0.0714,0.0461,0.0448,0.0436,0.0,0.0
FaceForensics/original/544.mp4,FaceForensics/original/544.mp4,original,0,0.0,0.0,0.0,0.0,0.0,0.0
FaceForensics/Deepfakes/544_532.mp4,FaceForensics/original/544.mp4,deepfakes,1,0.0607,0.0409,0.0,0.0,0.0,0.0
FaceForensics/Face2Face/544_532.mp4,FaceForensics/original/544.mp4,face2face,1,0.0657,0.0,0.0,0.0,0.0,0.0
FaceForensics/FaceShifter/544_532.mp4,FaceForensics/original/544.mp4,faceshifter,1,0.0,0.0,0.0,0.0,0.0,0.0
FaceForensics/FaceSwap/544_532.mp4,FaceForensics/original/544.mp4,faceswap,1,0.0,0.0,0.0,0.0,0.0,0.0
FaceForensics/NeuralTextures/544_532.mp4,FaceForensics/original/544.mp4,neuraltextures,1,0.0,0.0,0.0,0.0,0.0,0.0
FaceForensics/original/545.mp4,FaceForensics/original/545.mp4,original,0,0.0,0.0,0.0,0.0,0.0,0.0
FaceForensics/Deepfakes/545_553.mp4,FaceForensics/original/545.mp4,deepfakes,1,0.1762,0.0953,0.1175,0.1502,0.0561,0.093
FaceForensics/Face2Face/545_553.mp4,FaceForensics/original/545.mp4,face2face,1,0.0,0.0,0.0,0.0,0.0629,0.0
FaceForensics/FaceShifter/545_553.mp4,FaceForensics/original/545.mp4,faceshifter,1,0.1608,0.0,0.1538,0.082,0.0,0.0
FaceForensics/FaceSwap/545_553.mp4,FaceForensics/original/545.mp4,faceswap,1,0.2132,0.1006,0.0603,0.0756,0.0,0.0509
FaceForensics/NeuralTextures/545_553.mp4,FaceForensics/original/545.mp4,neuraltextures,1,0.0,0.0,0.0,0.0,0.0,0.0
FaceForensics/original/546.mp4,FaceForensics/original/546.mp4,original,0,0.0,0.0,0.0,0.0,0.0,0.0
FaceForensics/Deepfakes/546_621.mp4,FaceForensics/original/546.mp4,deepfakes,1,0.0407,0.0555,0.0,0.0,0.0425,0.0542
FaceForensics/Face2Face/546_621.mp4,FaceForensics/original/546.mp4,face2face,1,0.2448,0.0,0.0,0.0,0.0491,0.0
FaceForensics/FaceShifter/546_621.mp4,FaceForensics/original/546.mp4,faceshifter,1,0.2394,0.0,0.1043,0.0677,0.0473,0.0479
FaceForensics/FaceSwap/546_621.mp4,FaceForensics/original/546.mp4,faceswap,1,0.0,0.0,0.0,0.0,0.0,0.0
FaceForensics/NeuralTextures/546_621.mp4,FaceForensics/original/546.mp4,neuraltextures,1,0.0,0.0,0.0,0.0,0.0,0.0
FaceForensics/original/547.mp4,FaceForensics/original/547.mp4,original,0,0.0,0.0,0.0,0.0,0.0,0.0
FaceForensics/Deepfakes/547_574.mp4,FaceForensics/original/547.mp4,deepfakes,1,0.0,0.0,0.0,0.0,0.0,0.0
FaceForensics/Face2Face/547_574.mp4,FaceForensics/original/547.mp4,face2face,1,0.0,0.0,0.0,0.0,0.0,0.0
FaceForensics/FaceShifter/547_574.mp4,FaceForensics/original/547.mp4,faceshifter,1,0.0,0.0,0.0,0.0,0.0,0.0
FaceForensics/FaceSwap/547_574.mp4,FaceForensics/original/547.mp4,faceswap,1,0.0,0.0,0.0,0.0,0.0,0.0
FaceForensics/NeuralTextures/547_574.mp4,FaceForensics/original/547.mp4,neuraltextures,1,0.0,0.0,0.0,0.0,0.0,0.0
FaceForensics/original/548.mp4,FaceForensics/original/548.mp4,original,0,0.0,0.0,0.0,0.0,0.0,0.0
FaceForensics/Deepfakes/548_632.mp4,FaceForensics/original/548.mp4,deepfakes,1,0.0,0.0,0.0,0.0,0.0,0.0
FaceForensics/Face2Face/548_632.mp4,FaceForensics/original/548.mp4,face2face,1,0.0501,0.0,0.0,0.0,0.0,0.0
FaceForensics/FaceShifter/548_632.mp4,FaceForensics/original/548.mp4,faceshifter,1,0.1337,0.0,0.0,0.0652,0.0,0.0
FaceForensics/FaceSwap/548_632.mp4,FaceForensics/original/548.mp4,faceswap,1,0.0511,0.0,0.0,0.0,0.0,0.0
FaceForensics/NeuralTextures/548_632.mp4,FaceForensics/original/548.mp4,neuraltextures,1,0.0,0.0,0.0,0.0,0.0,0.0
FaceForensics/original/549.mp4,FaceForensics/original/549.mp4,original,0,0.0,0.0,0.0,0.0,0.0,0.0
FaceForensics/Deepfakes/549_531.mp4,FaceForensics/original/549.mp4,deepfakes,1,0.0,0.0,0.0,0.0,0.0,0.0
FaceForensics/Face2Face/549_531.mp4,FaceForensics/original/549.mp4,face2face,1,0.0,0.0,0.0404,0.0,0.0,0.0
FaceForensics/FaceShifter/549_531.mp4,FaceForensics/original/549.mp4,faceshifter,1,0.1187,0.089,0.0,0.06,0.0,0.0
FaceForensics/FaceSwap/549_531.mp4,FaceForensics/original/549.mp4,faceswap,1,0.0,0.0,0.0,0.0,0.0,0.0
FaceForensics/NeuralTextures/549_531.mp4,FaceForensics/original/549.mp4,neuraltextures,1,0.0,0.0,0.0,0.0,0.0,0.0
FaceForensics/original/550.mp4,FaceForensics/original/550.mp4,original,0,0.0,0.0,0.0,0.0,0.0,0.0
FaceForensics/Deepfakes/550_452.mp4,FaceForensics/original/550.mp4,deepfakes,1,0.0585,0.0448,0.0,0.0446,0.0423,0.0
FaceForensics/Face2Face/550_452.mp4,FaceForensics/original/550.mp4,face2face,1,0.0455,0.0,0.0585,0.0,0.0,0.0
FaceForensics/FaceShifter/550_452.mp4,FaceForensics/original/550.mp4,faceshifter,1,0.2271,0.0442,0.2146,0.1455,0.0411,0.054
FaceForensics/FaceSwap/550_452.mp4,FaceForensics/original/550.mp4,faceswap,1,0.0631,0.0564,0.0957,0.0859,0.0,0.0
FaceForensics/NeuralTextures/550_452.mp4,FaceForensics/original/550.mp4,neuraltextures,1,0.0585,0.0,0.0608,0.0446,0.0,0.0
FaceForensics/original/551.mp4,FaceForensics/original/551.mp4,original,0,0.0,0.0,0.0,0.0,0.0,0.0
FaceForensics/Deepfakes/551_631.mp4,FaceForensics/original/551.mp4,deepfakes,1,0.0642,0.0,0.0491,0.049,0.0,0.0429
FaceForensics/Face2Face/551_631.mp4,FaceForensics/original/551.mp4,face2face,1,0.0,0.0,0.0,0.0,0.0,0.0
FaceForensics/FaceShifter/551_631.mp4,FaceForensics/original/551.mp4,faceshifter,1,0.3973,0.153,0.3563,0.2467,0.1246,0.0612
FaceForensics/FaceSwap/551_631.mp4,FaceForensics/original/551.mp4,faceswap,1,0.0,0.0,0.0,0.0,0.0,0.0
FaceForensics/NeuralTextures/551_631.mp4,FaceForensics/original/551.mp4,neuraltextures,1,0.0,0.0,0.0703,0.0,0.0,0.0
FaceForensics/original/552.mp4,FaceForensics/original/552.mp4,original,0,0.0,0.0,0.0,0.0,0.0,0.0
FaceForensics/Deepfakes/552_851.mp4,FaceForensics/original/552.mp4,deepfakes,1,0.0617,0.0703,0.0501,0.0947,0.0935,0.057
FaceForensics/Face2Face/552_851.mp4,FaceForensics/original/552.mp4,face2face,1,0.0,0.0,0.0,0.0,0.0,0.0
FaceForensics/FaceShifter/552_851.mp4,FaceForensics/original/552.mp4,faceshifter,1,0.1571,0.1092,0.0,0.0693,0.1334,0.0974
FaceForensics/FaceSwap/552_851.mp4,FaceForensics/original/552.mp4,faceswap,1,0.1508,0.206,0.4862,0.3134,0.6259,0.2944
FaceForensics/NeuralTextures/552_851.mp4,FaceForensics/original/552.mp4,neuraltextures,1,0.0,0.0,0.0,0.044,0.0,0.0
FaceForensics/original/553.mp4,FaceForensics/original/553.mp4,original,0,0.0,0.0,0.0,0.0,0.0,0.0
FaceForensics/Deepfakes/553_545.mp4,FaceForensics/original/553.mp4,deepfakes,1,0.0,0.079,0.0,0.0,0.047,0.0619
FaceForensics/Face2Face/553_545.mp4,FaceForensics/original/553.mp4,face2face,1,0.0,0.0,0.0,0.0,0.0,0.0
FaceForensics/FaceShifter/553_545.mp4,FaceForensics/original/553.mp4,faceshifter,1,0.059,0.1566,0.0,0.0,0.0,0.0
FaceForensics/FaceSwap/553_545.mp4,FaceForensics/original/553.mp4,faceswap,1,0.1526,0.0,0.0,0.0,0.0,0.0
FaceForensics/NeuralTextures/553_545.mp4,FaceForensics/original/553.mp4,neuraltextures,1,0.0,0.0,0.0,0.0,0.0,0.0
FaceForensics/original/554.mp4,FaceForensics/original/554.mp4,original,0,0.0,0.0,0.0,0.0,0.0,0.0
FaceForensics/Deepfakes/554_572.mp4,FaceForensics/original/554.mp4,deepfakes,1,0.0,0.0,0.0,0.0,0.0,0.0
FaceForensics/Face2Face/554_572.mp4,FaceForensics/original/554.mp4,face2face,1,0.0,0.0,0.0,0.0,0.0,0.0
FaceForensics/FaceShifter/554_572.mp4,FaceForensics/original/554.mp4,faceshifter,1,0.1534,0.0,0.0,0.0,0.0,0.0
FaceForensics/FaceSwap/554_572.mp4,FaceForensics/original/554.mp4,faceswap,1,0.0,0.0,0.0,0.0,0.0,0.0
FaceForensics/NeuralTextures/554_572.mp4,FaceForensics/original/554.mp4,neuraltextures,1,0.1166,0.0,0.054,0.0462,0.0,0.0
FaceForensics/original/555.mp4,FaceForensics/original/555.mp4,original,0,0.0,0.0,0.0,0.0,0.0,0.0
FaceForensics/Deepfakes/555_516.mp4,FaceForensics/original/555.mp4,deepfakes,1,0.1918,0.0,0.0905,0.0442,0.0,0.0697
FaceForensics/Face2Face/555_516.mp4,FaceForensics/original/555.mp4,face2face,1,0.1348,0.0,0.0539,0.0528,0.0592,0.0
FaceForensics/FaceShifter/555_516.mp4,FaceForensics/original/555.mp4,faceshifter,1,0.1485,0.0,0.0736,0.0451,0.0646,0.0452
FaceForensics/FaceSwap/555_516.mp4,FaceForensics/original/555.mp4,faceswap,1,0.1129,0.0,0.1041,0.0782,0.0715,0.1042
FaceForensics/NeuralTextures/555_516.mp4,FaceForensics/original/555.mp4,neuraltextures,1,0.0471,0.0,0.0,0.0,0.0472,0.0
FaceForensics/original/556.mp4,FaceForensics/original/556.mp4,original,0,0.0,0.0,0.0,0.0,0.0,0.0
FaceForensics/Deepfakes/556_588.mp4,FaceForensics/original/556.mp4,deepfakes,1,0.0,0.1833,0.0457,0.0674,0.0,0.0
FaceForensics/Face2Face/556_588.mp4,FaceForensics/original/556.mp4,face2face,1,0.0727,0.0,0.0,0.0,0.0,0.0
FaceForensics/FaceShifter/556_588.mp4,FaceForensics/original/556.mp4,faceshifter,1,0.2208,0.1962,0.1113,0.0701,0.0,0.06
FaceForensics/FaceSwap/556_588.mp4,FaceForensics/original/556.mp4,faceswap,1,0.1894,0.1711,0.135,0.1157,0.0868,0.1219
FaceForensics/NeuralTextures/556_588.mp4,FaceForensics/original/556.mp4,neuraltextures,1,0.0,0.0,0.0,0.0,0.0,0.0
FaceForensics/original/557.mp4,FaceForensics/original/557.mp4,original,0,0.0,0.0,0.0524,0.0,0.0,0.0
FaceForensics/Deepfakes/557_560.mp4,FaceForensics/original/557.mp4,deepfakes,1,0.1365,0.2198,0.7056,0.2521,0.102,0.0918
FaceForensics/Face2Face/557_560.mp4,FaceForensics/original/557.mp4,face2face,1,0.0,0.0,0.0,0.0,0.0,0.0
FaceForensics/FaceShifter/557_560.mp4,FaceForensics/original/557.mp4,faceshifter,1,0.3743,0.1649,0.2691,0.1744,0.0423,0.0894
FaceForensics/FaceSwap/557_560.mp4,FaceForensics/original/557.mp4,faceswap,1,0.065,0.1616,0.0,0.0417,0.0555,0.0
FaceForensics/NeuralTextures/557_560.mp4,FaceForensics/original/557.mp4,neuraltextures,1,0.0,0.0,0.0,0.0,0.0,0.0
FaceForensics/original/558.mp4,FaceForensics/original/558.mp4,original,0,0.0,0.0,0.0,0.0,0.0,0.0
FaceForensics/Deepfakes/558_583.mp4,FaceForensics/original/558.mp4,deepfakes,1,0.0,0.0,0.0,0.0,0.0,0.0
FaceForensics/Face2Face/558_583.mp4,FaceForensics/original/558.mp4,face2face,1,0.0,0.0,0.0,0.0,0.0,0.0
FaceForensics/FaceShifter/558_583.mp4,FaceForensics/original/558.mp4,faceshifter,1,0.2375,0.068,0.1529,0.1215,0.0652,0.0647
FaceForensics/FaceSwap/558_583.mp4,FaceForensics/original/558.mp4,faceswap,1,0.0,0.0,0.0,0.0406,0.0,0.0517
FaceForensics/NeuralTextures/558_583.mp4,FaceForensics/original/558.mp4,neuraltextures,1,0.0,0.0631,0.0,0.0579,0.0,0.0
FaceForensics/original/559.mp4,FaceForensics/original/559.mp4,original,0,0.0,0.0,0.0,0.0,0.0,0.0
FaceForensics/Deepfakes/559_543.mp4,FaceForensics/original/559.mp4,deepfakes,1,0.0,0.08,0.051,0.0637,0.0,0.0
FaceForensics/Face2Face/559_543.mp4,FaceForensics/original/559.mp4,face2face,1,0.0,0.0,0.0,0.0,0.0,0.0
FaceForensics/FaceShifter/559_543.mp4,FaceForensics/original/559.mp4,faceshifter,1,0.0,0.0,0.0597,0.0461,0.0424,0.0
FaceForensics/FaceSwap/559_543.mp4,FaceForensics/original/559.mp4,faceswap,1,0.2227,0.2338,0.0608,0.1355,0.0738,0.0857
FaceForensics/NeuralTextures/559_543.mp4,FaceForensics/original/559.mp4,neuraltextures,1,0.0,0.0,0.0,0.0403,0.0,0.0
FaceForensics/original/560.mp4,FaceForensics/original/560.mp4,original,0,0.0,0.0,0.0,0.0,0.0,0.0
FaceForensics/Deepfakes/560_557.mp4,FaceForensics/original/560.mp4,deepfakes,1,0.0,0.0,0.0,0.0,0.0416,0.0
FaceForensics/Face2Face/560_557.mp4,FaceForensics/original/560.mp4,face2face,1,0.0,0.0,0.0,0.0,0.0,0.0
FaceForensics/FaceShifter/560_557.mp4,FaceForensics/original/560.mp4,faceshifter,1,0.1223,0.0691,0.0,0.0768,0.0,0.0
FaceForensics/FaceSwap/560_557.mp4,FaceForensics/original/560.mp4,faceswap,1,0.1413,0.1175,0.0,0.0,0.0428,0.0
FaceForensics/NeuralTextures/560_557.mp4,FaceForensics/original/560.mp4,neuraltextures,1,0.0,0.0,0.0,0.0,0.0,0.0
FaceForensics/original/561.mp4,FaceForensics/original/561.mp4,original,0,0.0,0.0,0.0,0.0,0.0,0.0
FaceForensics/Deepfakes/561_998.mp4,FaceForensics/original/561.mp4,deepfakes,1,0.0643,0.0,0.0,0.0,0.0,0.0
FaceForensics/Face2Face/561_998.mp4,FaceForensics/original/561.mp4,face2face,1,0.0,0.0,0.0,0.0,0.0,0.0
FaceForensics/FaceShifter/561_998.mp4,FaceForensics/original/561.mp4,faceshifter,1,0.2392,0.0486,0.1119,0.0947,0.0918,0.0537
FaceForensics/FaceSwap/561_998.mp4,FaceForensics/original/561.mp4,faceswap,1,0.0,0.0,0.0,0.0,0.0,0.0
FaceForensics/NeuralTextures/561_998.mp4,FaceForensics/original/561.mp4,neuraltextures,1,0.0,0.0,0.0,0.0,0.0,0.0
FaceForensics/original/562.mp4,FaceForensics/original/562.mp4,original,0,0.0,0.0,0.0,0.0,0.0,0.0
FaceForensics/Deepfakes/562_626.mp4,FaceForensics/original/562.mp4,deepfakes,1,0.1299,0.1939,0.0,0.0,0.0,0.0
FaceForensics/Face2Face/562_626.mp4,FaceForensics/original/562.mp4,face2face,1,0.0,0.0,0.0,0.0,0.0,0.0
FaceForensics/FaceShifter/562_626.mp4,FaceForensics/original/562.mp4,faceshifter,1,0.3073,0.0756,0.1885,0.1667,0.0961,0.0674
FaceForensics/FaceSwap/562_626.mp4,FaceForensics/original/562.mp4,faceswap,1,0.0468,0.0,0.0,0.0,0.0,0.0491
FaceForensics/NeuralTextures/562_626.mp4,FaceForensics/original/562.mp4,neuraltextures,1,0.0,0.0,0.0,0.0,0.0,0.0
FaceForensics/original/563.mp4,FaceForensics/original/563.mp4,original,0,0.0,0.0,0.0,0.0,0.0,0.0
FaceForensics/Deepfakes/563_537.mp4,FaceForensics/original/563.mp4,deepfakes,1,0.0,0.0,0.0,0.0,0.0,0.0
FaceForensics/Face2Face/563_537.mp4,FaceForensics/original/563.mp4,face2face,1,0.0,0.0,0.0409,0.0,0.0,0.0
FaceForensics/FaceShifter/563_537.mp4,FaceForensics/original/563.mp4,faceshifter,1,0.2456,0.0498,0.0888,0.0822,0.0,0.0
FaceForensics/FaceSwap/563_537.mp4,FaceForensics/original/563.mp4,faceswap,1,0.0594,0.0,0.0,0.0,0.0,0.0
FaceForensics/NeuralTextures/563_537.mp4,FaceForensics/original/563.mp4,neuraltextures,1,0.0,0.0,0.0,0.0,0.0,0.0
FaceForensics/original/564.mp4,FaceForensics/original/564.mp4,original,0,0.0,0.0,0.0,0.0,0.0,0.0
FaceForensics/Deepfakes/564_971.mp4,FaceForensics/original/564.mp4,deepfakes,1,0.0906,0.099,0.0,0.0525,0.0,0.0
FaceForensics/Face2Face/564_971.mp4,FaceForensics/original/564.mp4,face2face,1,0.0,0.0,0.0,0.0474,0.0,0.0
FaceForensics/FaceShifter/564_971.mp4,FaceForensics/original/564.mp4,faceshifter,1,0.5185,0.147,0.1504,0.2567,0.121,0.0615
FaceForensics/FaceSwap/564_971.mp4,FaceForensics/original/564.mp4,faceswap,1,0.2133,0.1233,0.3652,0.1319,0.0472,0.1123
FaceForensics/NeuralTextures/564_971.mp4,FaceForensics/original/564.mp4,neuraltextures,1,0.0,0.0,0.0,0.0,0.0,0.0
FaceForensics/original/565.mp4,FaceForensics/original/565.mp4,original,0,0.0,0.0,0.0,0.0,0.0,0.0
FaceForensics/Deepfakes/565_589.mp4,FaceForensics/original/565.mp4,deepfakes,1,0.0,0.0611,0.0,0.0,0.0,0.0
FaceForensics/Face2Face/565_589.mp4,FaceForensics/original/565.mp4,face2face,1,0.0,0.0481,0.0628,0.0,0.0,0.0
FaceForensics/FaceShifter/565_589.mp4,FaceForensics/original/565.mp4,faceshifter,1,0.192,0.0783,0.0904,0.0782,0.0,0.0
FaceForensics/FaceSwap/565_589.mp4,FaceForensics/original/565.mp4,faceswap,1,0.0905,0.0575,0.0553,0.0,0.0,0.0
FaceForensics/NeuralTextures/565_589.mp4,FaceForensics/original/565.mp4,neuraltextures,1,0.0,0.0,0.0501,0.0,0.0,0.0
FaceForensics/original/566.mp4,FaceForensics/original/566.mp4,original,0,0.0,0.0,0.0,0.0,0.0,0.0
FaceForensics/Deepfakes/566_617.mp4,FaceForensics/original/566.mp4,deepfakes,1,0.0,0.0,0.0,0.0,0.0,0.0
FaceForensics/Face2Face/566_617.mp4,FaceForensics/original/566.mp4,face2face,1,0.0,0.0,0.0,0.0,0.0,0.0
FaceForensics/FaceShifter/566_617.mp4,FaceForensics/original/566.mp4,faceshifter,1,0.3489,0.0996,0.262,0.167,0.1114,0.0
FaceForensics/FaceSwap/566_617.mp4,FaceForensics/original/566.mp4,faceswap,1,0.0,0.0,0.0,0.0,0.0,0.0
FaceForensics/NeuralTextures/566_617.mp4,FaceForensics/original/566.mp4,neuraltextures,1,0.0,0.0,0.0,0.0,0.0,0.0
FaceForensics/original/567.mp4,FaceForensics/original/567.mp4,original,0,0.0,0.0,0.0,0.0,0.0,0.0
FaceForensics/Deepfakes/567_606.mp4,FaceForensics/original/567.mp4,deepfakes,1,0.169,0.0851,0.0861,0.1207,0.0773,0.0842
FaceForensics/Face2Face/567_606.mp4,FaceForensics/original/567.mp4,face2face,1,0.0,0.0,0.0,0.0,0.0,0.0
FaceForensics/FaceShifter/567_606.mp4,FaceForensics/original/567.mp4,faceshifter,1,0.0,0.0,0.0,0.0,0.0,0.0
FaceForensics/FaceSwap/567_606.mp4,FaceForensics/original/567.mp4,faceswap,1,0.0,0.0,0.0,0.0,0.0,0.0
FaceForensics/NeuralTextures/567_606.mp4,FaceForensics/original/567.mp4,neuraltextures,1,0.0909,0.0,0.0738,0.0604,0.0,0.0
FaceForensics/original/568.mp4,FaceForensics/original/568.mp4,original,0,0.0,0.0,0.0,0.0,0.0,0.0
FaceForensics/Deepfakes/568_628.mp4,FaceForensics/original/568.mp4,deepfakes,1,0.0985,0.0462,0.0671,0.0615,0.0628,0.041
FaceForensics/Face2Face/568_628.mp4,FaceForensics/original/568.mp4,face2face,1,0.0,0.0,0.0,0.0,0.0,0.0
FaceForensics/FaceShifter/568_628.mp4,FaceForensics/original/568.mp4,faceshifter,1,0.6551,0.3464,0.5093,0.3294,0.1625,0.1761
FaceForensics/FaceSwap/568_628.mp4,FaceForensics/original/568.mp4,faceswap,1,0.0798,0.052,0.082,0.0674,0.0923,0.0733
FaceForensics/NeuralTextures/568_628.mp4,FaceForensics/original/568.mp4,neuraltextures,1,0.0,0.0,0.0,0.0,0.0,0.0475
FaceForensics/original/569.mp4,FaceForensics/original/569.mp4,original,0,0.0,0.0,0.0,0.0,0.0,0.0
FaceForensics/Deepfakes/569_921.mp4,FaceForensics/original/569.mp4,deepfakes,1,0.2054,0.1148,0.776,0.4278,0.1542,0.2256
FaceForensics/Face2Face/569_921.mp4,FaceForensics/original/569.mp4,face2face,1,0.1257,0.0,0.0,0.0,0.0,0.0
FaceForensics/FaceShifter/569_921.mp4,FaceForensics/original/569.mp4,faceshifter,1,0.0,0.0,0.0,0.0,0.0,0.0
FaceForensics/FaceSwap/569_921.mp4,FaceForensics/original/569.mp4,faceswap,1,0.0,0.0446,0.0407,0.066,0.0,0.0576
FaceForensics/NeuralTextures/569_921.mp4,FaceForensics/original/569.mp4,neuraltextures,1,0.0,0.0,0.0,0.0,0.0,0.0
FaceForensics/original/570.mp4,FaceForensics/original/570.mp4,original,0,0.0,0.0,0.0,0.0,0.0,0.0
FaceForensics/Deepfakes/570_624.mp4,FaceForensics/original/570.mp4,deepfakes,1,0.0442,0.0,0.0696,0.0,0.0,0.0478
FaceForensics/Face2Face/570_624.mp4,FaceForensics/original/570.mp4,face2face,1,0.0,0.0,0.0,0.0,0.0,0.0
FaceForensics/FaceShifter/570_624.mp4,FaceForensics/original/570.mp4,faceshifter,1,0.0,0.0,0.0,0.044,0.0708,0.0
FaceForensics/FaceSwap/570_624.mp4,FaceForensics/original/570.mp4,faceswap,1,0.0703,0.0,0.0,0.0,0.0514,0.0
FaceForensics/NeuralTextures/570_624.mp4,FaceForensics/original/570.mp4,neuraltextures,1,0.0,0.0,0.0,0.0,0.0,0.0
FaceForensics/original/571.mp4,FaceForensics/original/571.mp4,original,0,0.0,0.0,0.0,0.0,0.0,0.0
FaceForensics/Deepfakes/571_746.mp4,FaceForensics/original/571.mp4,deepfakes,1,0.0,0.0,0.0,0.0,0.0,0.0
FaceForensics/Face2Face/571_746.mp4,FaceForensics/original/571.mp4,face2face,1,0.2753,0.0446,0.0,0.0,0.0,0.0
FaceForensics/FaceShifter/571_746.mp4,FaceForensics/original/571.mp4,faceshifter,1,0.0451,0.0,0.0,0.0,0.0,0.0
FaceForensics/FaceSwap/571_746.mp4,FaceForensics/original/571.mp4,faceswap,1,0.0,0.0455,0.0,0.0,0.0,0.0
FaceForensics/NeuralTextures/571_746.mp4,FaceForensics/original/571.mp4,neuraltextures,1,0.0,0.0,0.0,0.0,0.0,0.0
FaceForensics/original/572.mp4,FaceForensics/original/572.mp4,original,0,0.0,0.0,0.0,0.0,0.0,0.0
FaceForensics/Deepfakes/572_554.mp4,FaceForensics/original/572.mp4,deepfakes,1,0.0,0.0,0.0,0.0,0.0,0.0
FaceForensics/Face2Face/572_554.mp4,FaceForensics/original/572.mp4,face2face,1,0.0,0.0,0.0,0.0,0.0,0.0
FaceForensics/FaceShifter/572_554.mp4,FaceForensics/original/572.mp4,faceshifter,1,0.0,0.0,0.0,0.0,0.0,0.0
FaceForensics/FaceSwap/572_554.mp4,FaceForensics/original/572.mp4,faceswap,1,0.0,0.0,0.0,0.0,0.0,0.0
FaceForensics/NeuralTextures/572_554.mp4,FaceForensics/original/572.mp4,neuraltextures,1,0.0,0.0,0.0,0.0,0.0,0.0
FaceForensics/original/573.mp4,FaceForensics/original/573.mp4,original,0,0.0,0.0,0.0,0.0,0.0,0.0
FaceForensics/Deepfakes/573_757.mp4,FaceForensics/original/573.mp4,deepfakes,1,0.0,0.0,0.0,0.0,0.0,0.0
FaceForensics/Face2Face/573_757.mp4,FaceForensics/original/573.mp4,face2face,1,0.0,0.0,0.0,0.0,0.0,0.0
FaceForensics/FaceShifter/573_757.mp4,FaceForensics/original/573.mp4,faceshifter,1,0.6087,0.1879,0.3166,0.2735,0.0872,0.206
FaceForensics/FaceSwap/573_757.mp4,FaceForensics/original/573.mp4,faceswap,1,0.0,0.0,0.0,0.0,0.0,0.0
FaceForensics/NeuralTextures/573_757.mp4,FaceForensics/original/573.mp4,neuraltextures,1,0.0,0.0,0.0,0.0,0.0,0.0
FaceForensics/original/574.mp4,FaceForensics/original/574.mp4,original,0,0.0,0.0,0.0,0.0,0.0,0.0
FaceForensics/Deepfakes/574_547.mp4,FaceForensics/original/574.mp4,deepfakes,1,0.4404,0.284,0.1173,0.1277,0.1269,0.105
FaceForensics/Face2Face/574_547.mp4,FaceForensics/original/574.mp4,face2face,1,0.0669,0.079,0.0876,0.0555,0.0609,0.0
FaceForensics/FaceShifter/574_547.mp4,FaceForensics/original/574.mp4,faceshifter,1,0.0552,0.0598,0.0732,0.0422,0.0,0.0
FaceForensics/FaceSwap/574_547.mp4,FaceForensics/original/574.mp4,faceswap,1,0.2357,0.3379,0.0,0.0488,0.0721,0.0692
FaceForensics/NeuralTextures/574_547.mp4,FaceForensics/original/574.mp4,neuraltextures,1,0.0714,0.0489,0.057,0.0529,0.0414,0.0766
FaceForensics/original/575.mp4,FaceForensics/original/575.mp4,original,0,0.0,0.0,0.0,0.0,0.0,0.0
FaceForensics/Deepfakes/575_603.mp4,FaceForensics/original/575.mp4,deepfakes,1,0.0605,0.0488,0.0,0.0608,0.0697,0.0407
FaceForensics/Face2Face/575_603.mp4,FaceForensics/original/575.mp4,face2face,1,0.1976,0.0,0.1219,0.1068,0.0965,0.2738
FaceForensics/FaceShifter/575_603.mp4,FaceForensics/original/575.mp4,faceshifter,1,0.133,0.1074,0.0505,0.0,0.0957,0.0
FaceForensics/FaceSwap/575_603.mp4,FaceForensics/original/575.mp4,faceswap,1,0.0824,0.0,0.0,0.0,0.0434,0.0
FaceForensics/NeuralTextures/575_603.mp4,FaceForensics/original/575.mp4,neuraltextures,1,0.0,0.0,0.0,0.0,0.0,0.0
FaceForensics/original/576.mp4,FaceForensics/original/576.mp4,original,0,0.0,0.0,0.0,0.0,0.0,0.0
FaceForensics/Deepfakes/576_155.mp4,FaceForensics/original/576.mp4,deepfakes,1,0.1684,0.0735,0.0554,0.0717,0.0579,0.0592
FaceForensics/Face2Face/576_155.mp4,FaceForensics/original/576.mp4,face2face,1,0.0,0.0,0.0,0.0,0.0,0.0
FaceForensics/FaceShifter/576_155.mp4,FaceForensics/original/576.mp4,faceshifter,1,0.0778,0.0,0.1086,0.0773,0.0775,0.0
FaceForensics/FaceSwap/576_155.mp4,FaceForensics/original/576.mp4,faceswap,1,0.0839,0.0587,0.0,0.0415,0.0577,0.0
FaceForensics/NeuralTextures/576_155.mp4,FaceForensics/original/576.mp4,neuraltextures,1,0.0,0.0,0.0,0.0,0.0,0.0
FaceForensics/original/577.mp4,FaceForensics/original/577.mp4,original,0,0.0,0.0,0.0,0.0,0.0,0.0
FaceForensics/Deepfakes/577_593.mp4,FaceForensics/original/577.mp4,deepfakes,1,0.0981,0.1174,0.0974,0.109,0.0624,0.0846
FaceForensics/Face2Face/577_593.mp4,FaceForensics/original/577.mp4,face2face,1,0.0639,0.0,0.0,0.0,0.0,0.0
FaceForensics/FaceShifter/577_593.mp4,FaceForensics/original/577.mp4,faceshifter,1,0.0,0.0,0.0,0.0,0.0,0.0
FaceForensics/FaceSwap/577_593.mp4,FaceForensics/original/577.mp4,faceswap,1,0.0446,0.0451,0.0,0.0,0.057,0.0
FaceForensics/NeuralTextures/577_593.mp4,FaceForensics/original/577.mp4,neuraltextures,1,0.053,0.0,0.0,0.0,0.0,0.0
FaceForensics/original/578.mp4,FaceForensics/original/578.mp4,original,0,0.0,0.0,0.0549,0.0,0.0,0.0
FaceForensics/Deepfakes/578_636.mp4,FaceForensics/original/578.mp4,deepfakes,1,0.0,0.0,0.0,0.0,0.0,0.0
FaceForensics/Face2Face/578_636.mp4,FaceForensics/original/578.mp4,face2face,1,0.0,0.0,0.0,0.0,0.0,0.0
FaceForensics/FaceShifter/578_636.mp4,FaceForensics/original/578.mp4,faceshifter,1,0.132,0.0741,0.0472,0.0727,0.0455,0.0
FaceForensics/FaceSwap/578_636.mp4,FaceForensics/original/578.mp4,faceswap,1,0.0,0.0,0.0,0.0,0.0,0.0
FaceForensics/NeuralTextures/578_636.mp4,FaceForensics/original/578.mp4,neuraltextures,1,0.0,0.0,0.0,0.0,0.0,0.0
FaceForensics/original/579.mp4,FaceForensics/original/579.mp4,original,0,0.0,0.0,0.0,0.0,0.0,0.0
FaceForensics/Deepfakes/579_701.mp4,FaceForensics/original/579.mp4,deepfakes,1,0.0,0.0,0.0,0.0,0.0,0.0
FaceForensics/Face2Face/579_701.mp4,FaceForensics/original/579.mp4,face2face,1,0.0,0.0,0.0,0.0,0.0,0.0
FaceForensics/FaceShifter/579_701.mp4,FaceForensics/original/579.mp4,faceshifter,1,0.358,0.1164,0.1439,0.1601,0.103,0.0661
FaceForensics/FaceSwap/579_701.mp4,FaceForensics/original/579.mp4,faceswap,1,0.0,0.0,0.0,0.0,0.0,0.0
FaceForensics/NeuralTextures/579_701.mp4,FaceForensics/original/579.mp4,neuraltextures,1,0.0,0.0,0.0,0.0,0.0,0.0
FaceForensics/original/580.mp4,FaceForensics/original/580.mp4,original,0,0.0,0.0,0.0,0.0,0.0,0.0
FaceForensics/Deepfakes/580_524.mp4,FaceForensics/original/580.mp4,deepfakes,1,0.0,0.0,0.0,0.043,0.0,0.0
FaceForensics/Face2Face/580_524.mp4,FaceForensics/original/580.mp4,face2face,1,0.0,0.0,0.0,0.0,0.0,0.0
FaceForensics/FaceShifter/580_524.mp4,FaceForensics/original/580.mp4,faceshifter,1,0.0,0.0,0.0,0.0,0.0,0.0
FaceForensics/FaceSwap/580_524.mp4,FaceForensics/original/580.mp4,faceswap,1,0.1807,0.1179,0.0478,0.1089,0.0511,0.0
FaceForensics/NeuralTextures/580_524.mp4,FaceForensics/original/580.mp4,neuraltextures,1,0.0466,0.0,0.0,0.0,0.0,0.0
FaceForensics/original/581.mp4,FaceForensics/original/581.mp4,original,0,0.0,0.0,0.0,0.0,0.0,0.0
FaceForensics/Deepfakes/581_697.mp4,FaceForensics/original/581.mp4,deepfakes,1,0.0,0.0,0.0,0.0,0.0,0.0
FaceForensics/Face2Face/581_697.mp4,FaceForensics/original/581.mp4,face2face,1,0.0,0.0,0.0,0.0,0.0,0.0
FaceForensics/FaceShifter/581_697.mp4,FaceForensics/original/581.mp4,faceshifter,1,0.4381,0.2605,0.0,0.057,0.0516,0.0
FaceForensics/FaceSwap/581_697.mp4,FaceForensics/original/581.mp4,faceswap,1,0.0574,0.0706,0.0,0.0,0.0491,0.0
FaceForensics/NeuralTextures/581_697.mp4,FaceForensics/original/581.mp4,neuraltextures,1,0.0,0.0,0.0,0.0,0.0,0.0
FaceForensics/original/582.mp4,FaceForensics/original/582.mp4,original,0,0.0,0.0,0.0,0.0,0.0,0.0
FaceForensics/Deepfakes/582_172.mp4,FaceForensics/original/582.mp4,deepfakes,1,0.1113,0.0,0.0828,0.0,0.0645,0.0
FaceForensics/Face2Face/582_172.mp4,FaceForensics/original/582.mp4,face2face,1,0.0,0.0537,0.0925,0.0571,0.0467,0.0421
FaceForensics/FaceShifter/582_172.mp4,FaceForensics/original/582.mp4,faceshifter,1,0.3599,0.0716,0.3459,0.2564,0.0946,0.1216
FaceForensics/FaceSwap/582_172.mp4,FaceForensics/original/582.mp4,faceswap,1,0.081,0.0,0.0915,0.0862,0.0462,0.0
FaceForensics/NeuralTextures/582_172.mp4,FaceForensics/original/582.mp4,neuraltextures,1,0.0706,0.0448,0.0645,0.0513,0.0,0.0
FaceForensics/original/583.mp4,FaceForensics/original/583.mp4,original,0,0.0,0.0,0.0,0.0,0.0,0.0
FaceForensics/Deepfakes/583_558.mp4,FaceForensics/original/583.mp4,deepfakes,1,0.0421,0.0,0.0415,0.0,0.0,0.0
FaceForensics/Face2Face/583_558.mp4,FaceForensics/original/583.mp4,face2face,1,0.0,0.0,0.0,0.0,0.0,0.0
FaceForensics/FaceShifter/583_558.mp4,FaceForensics/original/583.mp4,faceshifter,1,0.1132,0.1633,0.1085,0.0944,0.0996,0.0
FaceForensics/FaceSwap/583_558.mp4,FaceForensics/original/583.mp4,faceswap,1,0.0,0.0,0.0,0.0,0.0,0.0
FaceForensics/NeuralTextures/583_558.mp4,FaceForensics/original/583.mp4,neuraltextures,1,0.0531,0.0,0.0,0.0,0.0,0.0
FaceForensics/original/584.mp4,FaceForensics/original/584.mp4,original,0,0.0,0.0,0.0,0.0,0.0,0.0
FaceForensics/Deepfakes/584_823.mp4,FaceForensics/original/584.mp4,deepfakes,1,0.0,0.0,0.0,0.0461,0.0,0.0
FaceForensics/Face2Face/584_823.mp4,FaceForensics/original/584.mp4,face2face,1,0.0,0.0,0.0555,0.0,0.0,0.0
FaceForensics/FaceShifter/584_823.mp4,FaceForensics/original/584.mp4,faceshifter,1,0.2366,0.0,0.0927,0.1157,0.0,0.0
FaceForensics/FaceSwap/584_823.mp4,FaceForensics/original/584.mp4,faceswap,1,0.0,0.0,0.0,0.0,0.0,0.0
FaceForensics/NeuralTextures/584_823.mp4,FaceForensics/original/584.mp4,neuraltextures,1,0.0405,0.0,0.0455,0.0459,0.0,0.0
FaceForensics/original/585.mp4,FaceForensics/original/585.mp4,original,0,0.0,0.0,0.0,0.0,0.0,0.0
FaceForensics/Deepfakes/585_599.mp4,FaceForensics/original/585.mp4,deepfakes,1,0.0,0.0,0.0,0.0,0.0,0.0
FaceForensics/Face2Face/585_599.mp4,FaceForensics/original/585.mp4,face2face,1,0.0,0.0,0.0,0.0,0.0,0.0
FaceForensics/FaceShifter/585_599.mp4,FaceForensics/original/585.mp4,faceshifter,1,0.0959,0.0,0.0762,0.0531,0.0,0.0609
FaceForensics/FaceSwap/585_599.mp4,FaceForensics/original/585.mp4,faceswap,1,0.1016,0.0,0.0,0.0,0.0,0.0
FaceForensics/NeuralTextures/585_599.mp4,FaceForensics/original/585.mp4,neuraltextures,1,0.0624,0.0,0.0,0.0,0.0,0.0
FaceForensics/original/586.mp4,FaceForensics/original/586.mp4,original,0,0.0,0.0,0.0,0.0,0.0,0.0
FaceForensics/Deepfakes/586_223.mp4,FaceForensics/original/586.mp4,deepfakes,1,0.0,0.0598,0.0,0.0486,0.0,0.0516
FaceForensics/Face2Face/586_223.mp4,FaceForensics/original/586.mp4,face2face,1,0.0,0.0,0.0,0.0,0.0,0.0
FaceForensics/FaceShifter/586_223.mp4,FaceForensics/original/586.mp4,faceshifter,1,0.0,0.0,0.0,0.0,0.0,0.0
FaceForensics/FaceSwap/586_223.mp4,FaceForensics/original/586.mp4,faceswap,1,0.0736,0.058,0.0,0.0,0.0,0.0
FaceForensics/NeuralTextures/586_223.mp4,FaceForensics/original/586.mp4,neuraltextures,1,0.0,0.0,0.0,0.0,0.0,0.0
FaceForensics/original/587.mp4,FaceForensics/original/587.mp4,original,0,0.0,0.0,0.0,0.0,0.0,0.0
FaceForensics/Deepfakes/587_535.mp4,FaceForensics/original/587.mp4,deepfakes,1,0.0627,0.0,0.0,0.0593,0.0,0.0
FaceForensics/Face2Face/587_535.mp4,FaceForensics/original/587.mp4,face2face,1,0.0,0.0663,0.0649,0.0,0.0523,0.0507
FaceForensics/FaceShifter/587_535.mp4,FaceForensics/original/587.mp4,faceshifter,1,0.6376,0.1468,0.4365,0.251,0.0948,0.1404
FaceForensics/FaceSwap/587_535.mp4,FaceForensics/original/587.mp4,faceswap,1,0.0826,0.0536,0.1081,0.0683,0.0,0.0456
FaceForensics/NeuralTextures/587_535.mp4,FaceForensics/original/587.mp4,neuraltextures,1,0.0,0.0,0.0867,0.0,0.0,0.0
FaceForensics/original/588.mp4,FaceForensics/original/588.mp4,original,0,0.0,0.0,0.0,0.0,0.0,0.0
FaceForensics/Deepfakes/588_556.mp4,FaceForensics/original/588.mp4,deepfakes,1,0.1194,0.0836,0.0801,0.0621,0.0648,0.057
FaceForensics/Face2Face/588_556.mp4,FaceForensics/original/588.mp4,face2face,1,0.084,0.112,0.1332,0.0969,0.0,0.0736
FaceForensics/FaceShifter/588_556.mp4,FaceForensics/original/588.mp4,faceshifter,1,0.3089,0.0605,0.1686,0.0936,0.0,0.0507
FaceForensics/FaceSwap/588_556.mp4,FaceForensics/original/588.mp4,faceswap,1,0.0,0.0,0.0,0.0,0.0,0.0
FaceForensics/NeuralTextures/588_556.mp4,FaceForensics/original/588.mp4,neuraltextures,1,0.0,0.0,0.0,0.0,0.0,0.0
FaceForensics/original/589.mp4,FaceForensics/original/589.mp4,original,0,0.0,0.0,0.0,0.0,0.0,0.0
FaceForensics/Deepfakes/589_565.mp4,FaceForensics/original/589.mp4,deepfakes,1,0.1039,0.0506,0.0,0.0,0.0,0.0
FaceForensics/Face2Face/589_565.mp4,FaceForensics/original/589.mp4,face2face,1,0.0,0.0,0.0,0.0,0.0,0.0
FaceForensics/FaceShifter/589_565.mp4,FaceForensics/original/589.mp4,faceshifter,1,0.4666,0.1875,0.3554,0.1823,0.0903,0.1232
FaceForensics/FaceSwap/589_565.mp4,FaceForensics/original/589.mp4,faceswap,1,0.1788,0.1216,0.1129,0.0767,0.0,0.0
FaceForensics/NeuralTextures/589_565.mp4,FaceForensics/original/589.mp4,neuraltextures,1,0.0966,0.0,0.0,0.0,0.0,0.0
FaceForensics/original/590.mp4,FaceForensics/original/590.mp4,original,0,0.0,0.0,0.0,0.0,0.0,0.0
FaceForensics/Deepfakes/590_034.mp4,FaceForensics/original/590.mp4,deepfakes,1,0.0,0.0,0.0,0.0,0.0,0.0
FaceForensics/Face2Face/590_034.mp4,FaceForensics/original/590.mp4,face2face,1,0.0817,0.0421,0.0,0.0633,0.042,0.0921
FaceForensics/FaceShifter/590_034.mp4,FaceForensics/original/590.mp4,faceshifter,1,0.3429,0.0845,0.1567,0.1615,0.154,0.0704
FaceForensics/FaceSwap/590_034.mp4,FaceForensics/original/590.mp4,faceswap,1,0.1182,0.0544,0.0456,0.0529,0.0467,0.051
FaceForensics/NeuralTextures/590_034.mp4,FaceForensics/original/590.mp4,neuraltextures,1,0.0,0.0,0.0,0.0,0.0,0.0
FaceForensics/original/591.mp4,FaceForensics/original/591.mp4,original,0,0.0,0.0,0.0,0.0,0.0,0.0
FaceForensics/Deepfakes/591_605.mp4,FaceForensics/original/591.mp4,deepfakes,1,0.1164,0.0673,0.0,0.0,0.0,0.0
FaceForensics/Face2Face/591_605.mp4,FaceForensics/original/591.mp4,face2face,1,0.0,0.0,0.0,0.0,0.0622,0.0
FaceForensics/FaceShifter/591_605.mp4,FaceForensics/original/591.mp4,faceshifter,1,0.3355,0.0897,0.1523,0.1281,0.053,0.0498
FaceForensics/FaceSwap/591_605.mp4,FaceForensics/original/591.mp4,faceswap,1,0.0,0.0,0.0,0.0,0.0,0.0
FaceForensics/NeuralTextures/591_605.mp4,FaceForensics/original/591.mp4,neuraltextures,1,0.0,0.0,0.0,0.0,0.0,0.0
FaceForensics/original/592.mp4,FaceForensics/original/592.mp4,original,0,0.0,0.0,0.0,0.0,0.0,0.0
FaceForensics/Deepfakes/592_500.mp4,FaceForensics/original/592.mp4,deepfakes,1,0.0903,0.0566,0.0683,0.0833,0.0,0.072
FaceForensics/Face2Face/592_500.mp4,FaceForensics/original/592.mp4,face2face,1,0.0477,0.0,0.0415,0.0,0.0408,0.0
FaceForensics/FaceShifter/592_500.mp4,FaceForensics/original/592.mp4,faceshifter,1,0.0,0.0,0.0,0.0564,0.0,0.0
FaceForensics/FaceSwap/592_500.mp4,FaceForensics/original/592.mp4,faceswap,1,0.1469,0.0478,0.0591,0.0547,0.0543,0.0
FaceForensics/NeuralTextures/592_500.mp4,FaceForensics/original/592.mp4,neuraltextures,1,0.0,0.0,0.0,0.0,0.0,0.0
FaceForensics/original/593.mp4,FaceForensics/original/593.mp4,original,0,0.0,0.0,0.0,0.0,0.0,0.0
FaceForensics/Deepfakes/593_577.mp4,FaceForensics/original/593.mp4,deepfakes,1,0.1986,0.0591,0.0,0.0,0.0,0.0
FaceForensics/Face2Face/593_577.mp4,FaceForensics/original/593.mp4,face2face,1,0.0,0.0,0.0,0.0,0.0,0.0
FaceForensics/FaceShifter/593_577.mp4,FaceForensics/original/593.mp4,faceshifter,1,0.0625,0.0566,0.0474,0.0597,0.0,0.0
FaceForensics/FaceSwap/593_577.mp4,FaceForensics/original/593.mp4,faceswap,1,0.0698,0.0455,0.0,0.0553,0.0,0.0
FaceForensics/NeuralTextures/593_577.mp4,FaceForensics/original/593.mp4,neuraltextures,1,0.0,0.0,0.0736,0.0,0.0,0.0
FaceForensics/original/594.mp4,FaceForensics/original/594.mp4,original,0,0.0,0.0,0.0,0.0,0.0,0.0
FaceForensics/Deepfakes/594_530.mp4,FaceForensics/original/594.mp4,deepfakes,1,0.0,0.0,0.2244,0.0702,0.0,0.0443
FaceForensics/Face2Face/594_530.mp4,FaceForensics/original/594.mp4,face2face,1,0.0,0.0,0.0,0.0,0.0,0.0
FaceForensics/FaceShifter/594_530.mp4,FaceForensics/original/594.mp4,faceshifter,1,0.0426,0.0,0.0,0.0,0.0,0.0
FaceForensics/FaceSwap/594_530.mp4,FaceForensics/original/594.mp4,faceswap,1,0.0,0.0,0.0,0.0,0.0,0.0
FaceForensics/NeuralTextures/594_530.mp4,FaceForensics/original/594.mp4,neuraltextures,1,0.0,0.0,0.0,0.0,0.0,0.0
FaceForensics/original/595.mp4,FaceForensics/original/595.mp4,original,0,0.0,0.0,0.0,0.0,0.0,0.0
FaceForensics/Deepfakes/595_597.mp4,FaceForensics/original/595.mp4,deepfakes,1,0.0,0.0,0.0,0.0,0.0,0.0
FaceForensics/Face2Face/595_597.mp4,FaceForensics/original/595.mp4,face2face,1,0.0,0.0,0.0,0.0,0.0,0.0
FaceForensics/FaceShifter/595_597.mp4,FaceForensics/original/595.mp4,faceshifter,1,0.1597,0.0573,0.0926,0.1217,0.0585,0.0
FaceForensics/FaceSwap/595_597.mp4,FaceForensics/original/595.mp4,faceswap,1,0.0,0.0,0.0,0.0,0.0,0.0
FaceForensics/NeuralTextures/595_597.mp4,FaceForensics/original/595.mp4,neuraltextures,1,0.0,0.0,0.0,0.0,0.0,0.0
FaceForensics/original/596.mp4,FaceForensics/original/596.mp4,original,0,0.0,0.0,0.0,0.0,0.0,0.0
FaceForensics/Deepfakes/596_609.mp4,FaceForensics/original/596.mp4,deepfakes,1,0.0,0.048,0.0,0.0,0.0,0.0
FaceForensics/Face2Face/596_609.mp4,FaceForensics/original/596.mp4,face2face,1,0.2004,0.0979,0.0426,0.0494,0.0819,0.0561
FaceForensics/FaceShifter/596_609.mp4,FaceForensics/original/596.mp4,faceshifter,1,0.1199,0.0,0.0674,0.0632,0.0517,0.0
FaceForensics/FaceSwap/596_609.mp4,FaceForensics/original/596.mp4,faceswap,1,0.0,0.0,0.0561,0.0,0.0,0.0
FaceForensics/NeuralTextures/596_609.mp4,FaceForensics/original/596.mp4,neuraltextures,1,0.0719,0.0,0.0,0.0,0.0,0.0
FaceForensics/original/597.mp4,FaceForensics/original/597.mp4,original,0,0.0,0.0,0.0,0.0,0.0,0.0
FaceForensics/Deepfakes/597_595.mp4,FaceForensics/original/597.mp4,deepfakes,1,0.0583,0.0,0.0,0.0,0.0,0.0
FaceForensics/Face2Face/597_595.mp4,FaceForensics/original/597.mp4,face2face,1,0.0,0.0,0.0,0.0,0.0,0.0
FaceForensics/FaceShifter/597_595.mp4,FaceForensics/original/597.mp4,faceshifter,1,0.2005,0.0875,0.0683,0.09,0.0,0.0718
FaceForensics/FaceSwap/597_595.mp4,FaceForensics/original/597.mp4,faceswap,1,0.0,0.0,0.0,0.0,0.0,0.0
FaceForensics/NeuralTextures/597_595.mp4,FaceForensics/original/597.mp4,neuraltextures,1,0.0,0.0,0.0,0.0,0.0,0.0
FaceForensics/original/598.mp4,FaceForensics/original/598.mp4,original,0,0.0,0.0,0.0,0.0,0.0,0.0
FaceForensics/Deepfakes/598_178.mp4,FaceForensics/original/598.mp4,deepfakes,1,0.0,0.0,0.0,0.0,0.0,0.0
FaceForensics/Face2Face/598_178.mp4,FaceForensics/original/598.mp4,face2face,1,0.0,0.0,0.0701,0.0,0.0,0.0
FaceForensics/FaceShifter/598_178.mp4,FaceForensics/original/598.mp4,faceshifter,1,0.6544,0.095,0.4602,0.3145,0.0818,0.0808
FaceForensics/FaceSwap/598_178.mp4,FaceForensics/original/598.mp4,faceswap,1,0.0,0.0,0.0,0.0,0.0,0.0
FaceForensics/NeuralTextures/598_178.mp4,FaceForensics/original/598.mp4,neuraltextures,1,0.0,0.0,0.0,0.0429,0.0,0.0
FaceForensics/original/599.mp4,FaceForensics/original/599.mp4,original,0,0.0,0.0,0.0,0.0,0.0,0.0
FaceForensics/Deepfakes/599_585.mp4,FaceForensics/original/599.mp4,deepfakes,1,0.0,0.1168,0.0443,0.0421,0.0,0.0
FaceForensics/Face2Face/599_585.mp4,FaceForensics/original/599.mp4,face2face,1,0.0,0.0,0.0,0.0,0.0,0.0
FaceForensics/FaceShifter/599_585.mp4,FaceForensics/original/599.mp4,faceshifter,1,0.086,0.0657,0.0,0.0,0.0,0.0
FaceForensics/FaceSwap/599_585.mp4,FaceForensics/original/599.mp4,faceswap,1,0.0,0.0498,0.0,0.0,0.0,0.0
FaceForensics/NeuralTextures/599_585.mp4,FaceForensics/original/599.mp4,neuraltextures,1,0.0,0.0,0.0,0.0,0.0,0.0
FaceForensics/original/600.mp4,FaceForensics/original/600.mp4,original,0,0.0,0.0,0.0,0.0,0.0,0.0
FaceForensics/Deepfakes/600_505.mp4,FaceForensics/original/600.mp4,deepfakes,1,0.078,0.0,0.0,0.0,0.0,0.0
FaceForensics/Face2Face/600_505.mp4,FaceForensics/original/600.mp4,face2face,1,0.0,0.0,0.0432,0.0,0.0,0.0
FaceForensics/FaceShifter/600_505.mp4,FaceForensics/original/600.mp4,faceshifter,1,0.096,0.0,0.0,0.0,0.0,0.0
FaceForensics/FaceSwap/600_505.mp4,FaceForensics/original/600.mp4,faceswap,1,0.0587,0.0784,0.0592,0.0582,0.0,0.0434
FaceForensics/NeuralTextures/600_505.mp4,FaceForensics/original/600.mp4,neuraltextures,1,0.0,0.0442,0.0694,0.0,0.0,0.0
FaceForensics/original/601.mp4,FaceForensics/original/601.mp4,original,0,0.0,0.0,0.0,0.0,0.0,0.0
FaceForensics/Deepfakes/601_653.mp4,FaceForensics/original/601.mp4,deepfakes,1,0.0,0.0,0.0,0.0,0.0,0.0
FaceForensics/Face2Face/601_653.mp4,FaceForensics/original/601.mp4,face2face,1,0.0,0.0,0.0,0.0,0.0,0.0
FaceForensics/FaceShifter/601_653.mp4,FaceForensics/original/601.mp4,faceshifter,1,0.0452,0.0,0.0,0.0431,0.0,0.0
FaceForensics/FaceSwap/601_653.mp4,FaceForensics/original/601.mp4,faceswap,1,0.0,0.0,0.0,0.0,0.0,0.0
FaceForensics/NeuralTextures/601_653.mp4,FaceForensics/original/601.mp4,neuraltextures,1,0.0,0.0,0.0,0.0,0.0,0.0
FaceForensics/original/602.mp4,FaceForensics/original/602.mp4,original,0,0.0,0.0,0.0,0.0,0.0,0.0
FaceForensics/Deepfakes/602_397.mp4,FaceForensics/original/602.mp4,deepfakes,1,0.0448,0.0,0.0,0.0,0.0,0.0
FaceForensics/Face2Face/602_397.mp4,FaceForensics/original/602.mp4,face2face,1,0.056,0.0449,0.0581,0.0552,0.0784,0.041
FaceForensics/FaceShifter/602_397.mp4,FaceForensics/original/602.mp4,faceshifter,1,0.3333,0.0404,0.1182,0.084,0.0778,0.0491
FaceForensics/FaceSwap/602_397.mp4,FaceForensics/original/602.mp4,faceswap,1,0.2021,0.1493,0.0417,0.0983,0.0663,0.0691
FaceForensics/NeuralTextures/602_397.mp4,FaceForensics/original/602.mp4,neuraltextures,1,0.0,0.0,0.0,0.0,0.0,0.0
FaceForensics/original/603.mp4,FaceForensics/original/603.mp4,original,0,0.0,0.0,0.0,0.0,0.0,0.0
FaceForensics/Deepfakes/603_575.mp4,FaceForensics/original/603.mp4,deepfakes,1,0.1366,0.1247,0.0,0.0,0.0473,0.0
FaceForensics/Face2Face/603_575.mp4,FaceForensics/original/603.mp4,face2face,1,0.2666,0.0,0.0,0.0,0.0796,0.0
FaceForensics/FaceShifter/603_575.mp4,FaceForensics/original/603.mp4,faceshifter,1,0.0,0.0,0.0,0.0,0.0,0.0
FaceForensics/FaceSwap/603_575.mp4,FaceForensics/original/603.mp4,faceswap,1,0.0462,0.0407,0.0809,0.0662,0.0527,0.0582
FaceForensics/NeuralTextures/603_575.mp4,FaceForensics/original/603.mp4,neuraltextures,1,0.0856,0.0657,0.1228,0.131,0.1342,0.0683
FaceForensics/original/604.mp4,FaceForensics/original/604.mp4,original,0,0.0,0.0,0.0,0.0,0.0,0.0
FaceForensics/Deepfakes/604_703.mp4,FaceForensics/original/604.mp4,deepfakes,1,0.0,0.0,0.0,0.0,0.0,0.0
FaceForensics/Face2Face/604_703.mp4,FaceForensics/original/604.mp4,face2face,1,0.0,0.0,0.0,0.0,0.0,0.0
FaceForensics/FaceShifter/604_703.mp4,FaceForensics/original/604.mp4,faceshifter,1,0.4313,0.2032,0.0,0.087,0.0,0.0
FaceForensics/FaceSwap/604_703.mp4,FaceForensics/original/604.mp4,faceswap,1,0.0,0.0,0.0,0.0,0.0,0.0
FaceForensics/NeuralTextures/604_703.mp4,FaceForensics/original/604.mp4,neuraltextures,1,0.0,0.0,0.0,0.0,0.0,0.0
FaceForensics/original/605.mp4,FaceForensics/original/605.mp4,original,0,0.0,0.0,0.0,0.0,0.0,0.0
FaceForensics/Deepfakes/605_591.mp4,FaceForensics/original/605.mp4,deepfakes,1,0.0,0.0,0.0745,0.0533,0.0497,0.0
FaceForensics/Face2Face/605_591.mp4,FaceForensics/original/605.mp4,face2face,1,0.0606,0.0,0.062,0.0,0.0,0.0
FaceForensics/FaceShifter/605_591.mp4,FaceForensics/original/605.mp4,faceshifter,1,0.3818,0.1003,0.23,0.1854,0.0583,0.0772
FaceForensics/FaceSwap/605_591.mp4,FaceForensics/original/605.mp4,faceswap,1,0.0864,0.0651,0.0,0.0,0.0579,0.0
FaceForensics/NeuralTextures/605_591.mp4,FaceForensics/original/605.mp4,neuraltextures,1,0.052,0.0,0.0,0.0,0.0,0.0
FaceForensics/original/606.mp4,FaceForensics/original/606.mp4,original,0,0.0,0.0,0.0,0.0,0.0,0.0
FaceForensics/Deepfakes/606_567.mp4,FaceForensics/original/606.mp4,deepfakes,1,0.052,0.0,0.0,0.0,0.0,0.0
FaceForensics/Face2Face/606_567.mp4,FaceForensics/original/606.mp4,face2face,1,0.0,0.0,0.0,0.0,0.0476,0.0
FaceForensics/FaceShifter/606_567.mp4,FaceForensics/original/606.mp4,faceshifter,1,0.2299,0.0654,0.1871,0.1553,0.0762,0.0
FaceForensics/FaceSwap/606_567.mp4,FaceForensics/original/606.mp4,faceswap,1,0.0,0.0,0.0,0.0,0.0,0.0
FaceForensics/NeuralTextures/606_567.mp4,FaceForensics/original/606.mp4,neuraltextures,1,0.0,0.0,0.0,0.0,0.0,0.0
FaceForensics/original/607.mp4,FaceForensics/original/607.mp4,original,0,0.0,0.0,0.0,0.0,0.0,0.0
FaceForensics/Deepfakes/607_683.mp4,FaceForensics/original/607.mp4,deepfakes,1,0.1134,0.097,0.1339,0.119,0.0544,0.0562
FaceForensics/Face2Face/607_683.mp4,FaceForensics/original/607.mp4,face2face,1,0.051,0.0,0.0,0.0,0.0825,0.0
FaceForensics/FaceShifter/607_683.mp4,FaceForensics/original/607.mp4,faceshifter,1,0.2755,0.0,0.0,0.0,0.0,0.0
FaceForensics/FaceSwap/607_683.mp4,FaceForensics/original/607.mp4,faceswap,1,0.1576,0.0857,0.0,0.0,0.0705,0.0604
FaceForensics/NeuralTextures/607_683.mp4,FaceForensics/original/607.mp4,neuraltextures,1,0.0812,0.0,0.0,0.0,0.0,0.0
FaceForensics/original/608.mp4,FaceForensics/original/608.mp4,original,0,0.0,0.0,0.0,0.0,0.0,0.0
FaceForensics/Deepfakes/608_675.mp4,FaceForensics/original/608.mp4,deepfakes,1,0.0931,0.0732,0.0,0.0,0.0,0.0
FaceForensics/Face2Face/608_675.mp4,FaceForensics/original/608.mp4,face2face,1,0.132,0.0884,0.0412,0.0859,0.0481,0.0616
FaceForensics/FaceShifter/608_675.mp4,FaceForensics/original/608.mp4,faceshifter,1,0.793,0.1917,0.33,0.1901,0.0612,0.11
FaceForensics/FaceSwap/608_675.mp4,FaceForensics/original/608.mp4,faceswap,1,0.1486,0.0967,0.0,0.0406,0.0,0.0
FaceForensics/NeuralTextures/608_675.mp4,FaceForensics/original/608.mp4,neuraltextures,1,0.1819,0.1137,0.0867,0.0805,0.0753,0.0524
FaceForensics/original/609.mp4,FaceForensics/original/609.mp4,original,0,0.0,0.0,0.0,0.0,0.0,0.0
FaceForensics/Deepfakes/609_596.mp4,FaceForensics/original/609.mp4,deepfakes,1,0.0563,0.0653,0.0,0.0477,0.0731,0.0594
FaceForensics/Face2Face/609_596.mp4,FaceForensics/original/609.mp4,face2face,1,0.0834,0.043,0.0506,0.0419,0.0,0.0746
FaceForensics/FaceShifter/609_596.mp4,FaceForensics/original/609.mp4,faceshifter,1,0.1854,0.0426,0.1186,0.0611,0.0801,0.0
FaceForensics/FaceSwap/609_596.mp4,FaceForensics/original/609.mp4,faceswap,1,0.0983,0.0602,0.06,0.0595,0.0,0.0
FaceForensics/NeuralTextures/609_596.mp4,FaceForensics/original/609.mp4,neuraltextures,1,0.0629,0.0478,0.0611,0.076,0.0515,0.0427
FaceForensics/original/610.mp4,FaceForensics/original/610.mp4,original,0,0.0,0.0,0.0,0.0,0.0,0.0
FaceForensics/Deepfakes/610_692.mp4,FaceForensics/original/610.mp4,deepfakes,1,0.0,0.0493,0.0,0.0,0.0,0.0
FaceForensics/Face2Face/610_692.mp4,FaceForensics/original/610.mp4,face2face,1,0.0707,0.0,0.0,0.0,0.0439,0.0
FaceForensics/FaceShifter/610_692.mp4,FaceForensics/original/610.mp4,faceshifter,1,0.0558,0.0,0.0,0.0,0.0,0.0
FaceForensics/FaceSwap/610_692.mp4,FaceForensics/original/610.mp4,faceswap,1,0.0498,0.0597,0.0,0.0,0.0,0.0
FaceForensics/NeuralTextures/610_692.mp4,FaceForensics/original/610.mp4,neuraltextures,1,0.0,0.0,0.0,0.0,0.0,0.0
FaceForensics/original/611.mp4,FaceForensics/original/611.mp4,original,0,0.0,0.0,0.0,0.0,0.0,0.0
FaceForensics/Deepfakes/611_760.mp4,FaceForensics/original/611.mp4,deepfakes,1,0.0963,0.0778,0.094,0.1112,0.0,0.0
FaceForensics/Face2Face/611_760.mp4,FaceForensics/original/611.mp4,face2face,1,0.2228,0.1967,0.1223,0.0803,0.0769,0.059
FaceForensics/FaceShifter/611_760.mp4,FaceForensics/original/611.mp4,faceshifter,1,0.8499,0.1427,0.3064,0.1455,0.1566,0.0
FaceForensics/FaceSwap/611_760.mp4,FaceForensics/original/611.mp4,faceswap,1,0.0,0.0,0.0434,0.0,0.0,0.0
FaceForensics/NeuralTextures/611_760.mp4,FaceForensics/original/611.mp4,neuraltextures,1,0.0432,0.0481,0.0,0.0,0.0,0.0
FaceForensics/original/612.mp4,FaceForensics/original/612.mp4,original,0,0.0,0.0,0.0,0.0,0.0,0.0
FaceForensics/Deepfakes/612_702.mp4,FaceForensics/original/612.mp4,deepfakes,1,0.1586,0.0916,0.4108,0.1189,0.0614,0.0
FaceForensics/Face2Face/612_702.mp4,FaceForensics/original/612.mp4,face2face,1,0.0,0.0,0.0413,0.0,0.0,0.0
FaceForensics/FaceShifter/612_702.mp4,FaceForensics/original/612.mp4,faceshifter,1,0.2852,0.0869,0.1982,0.1873,0.0961,0.0913
FaceForensics/FaceSwap/612_702.mp4,FaceForensics/original/612.mp4,faceswap,1,0.0,0.0,0.0,0.0,0.0,0.0
FaceForensics/NeuralTextures/612_702.mp4,FaceForensics/original/612.mp4,neuraltextures,1,0.0,0.0,0.0,0.0,0.0,0.0
FaceForensics/original/613.mp4,FaceForensics/original/613.mp4,original,0,0.0,0.0,0.0,0.0,0.0,0.0
FaceForensics/Deepfakes/613_685.mp4,FaceForensics/original/613.mp4,deepfakes,1,0.0,0.0,0.0,0.0,0.0,0.0
FaceForensics/Face2Face/613_685.mp4,FaceForensics/original/613.mp4,face2face,1,0.0,0.0,0.0,0.0,0.0648,0.0
FaceForensics/FaceShifter/613_685.mp4,FaceForensics/original/613.mp4,faceshifter,1,0.1077,0.0424,0.0722,0.0985,0.101,0.0
FaceForensics/FaceSwap/613_685.mp4,FaceForensics/original/613.mp4,faceswap,1,0.0,0.0,0.0,0.0,0.0609,0.0
FaceForensics/NeuralTextures/613_685.mp4,FaceForensics/original/613.mp4,neuraltextures,1,0.0,0.0,0.0,0.0,0.0563,0.0
FaceForensics/original/614.mp4,FaceForensics/original/614.mp4,original,0,0.0,0.0,0.0,0.0,0.0,0.0
FaceForensics/Deepfakes/614_616.mp4,FaceForensics/original/614.mp4,deepfakes,1,0.0,0.0,0.0,0.0,0.0,0.0
FaceForensics/Face2Face/614_616.mp4,FaceForensics/original/614.mp4,face2face,1,0.0,0.0,0.0,0.0,0.0,0.0
FaceForensics/FaceShifter/614_616.mp4,FaceForensics/original/614.mp4,faceshifter,1,0.243,0.0486,0.1237,0.1296,0.0771,0.0428
FaceForensics/FaceSwap/614_616.mp4,FaceForensics/original/614.mp4,faceswap,1,0.0,0.0,0.0,0.0,0.0,0.0
FaceForensics/NeuralTextures/614_616.mp4,FaceForensics/original/614.mp4,neuraltextures,1,0.0,0.0,0.0,0.0,0.0,0.0
FaceForensics/original/615.mp4,FaceForensics/original/615.mp4,original,0,0.0,0.0,0.0,0.0,0.0,0.0
FaceForensics/Deepfakes/615_687.mp4,FaceForensics/original/615.mp4,deepfakes,1,0.0463,0.0427,0.0502,0.0509,0.0464,0.0562
FaceForensics/Face2Face/615_687.mp4,FaceForensics/original/615.mp4,face2face,1,0.0,0.0,0.0,0.0,0.0,0.0
FaceForensics/FaceShifter/615_687.mp4,FaceForensics/original/615.mp4,faceshifter,1,0.1536,0.0,0.0804,0.1081,0.0743,0.0429
FaceForensics/FaceSwap/615_687.mp4,FaceForensics/original/615.mp4,faceswap,1,0.1148,0.0529,0.0626,0.0563,0.0774,0.0476
FaceForensics/NeuralTextures/615_687.mp4,FaceForensics/original/615.mp4,neuraltextures,1,0.0,0.0,0.0,0.0407,0.042,0.0
FaceForensics/original/616.mp4,FaceForensics/original/616.mp4,original,0,0.0,0.0,0.0,0.0,0.0,0.0
FaceForensics/Deepfakes/616_614.mp4,FaceForensics/original/616.mp4,deepfakes,1,0.0,0.0,0.0484,0.0652,0.0,0.0
FaceForensics/Face2Face/616_614.mp4,FaceForensics/original/616.mp4,face2face,1,0.0,0.0,0.0,0.0,0.0,0.0
FaceForensics/FaceShifter/616_614.mp4,FaceForensics/original/616.mp4,faceshifter,1,0.5111,0.1254,0.4874,0.2497,0.1246,0.0615
FaceForensics/FaceSwap/616_614.mp4,FaceForensics/original/616.mp4,faceswap,1,0.0,0.041,0.0,0.0,0.0,0.0
FaceForensics/NeuralTextures/616_614.mp4,FaceForensics/original/616.mp4,neuraltextures,1,0.0,0.0684,0.0684,0.0495,0.0,0.0
FaceForensics/original/617.mp4,FaceForensics/original/617.mp4,original,0,0.0,0.0,0.0,0.0,0.0,0.0
FaceForensics/Deepfakes/617_566.mp4,FaceForensics/original/617.mp4,deepfakes,1,0.0,0.0,0.0,0.0,0.0,0.0
FaceForensics/Face2Face/617_566.mp4,FaceForensics/original/617.mp4,face2face,1,0.0,0.0,0.0,0.0,0.0,0.0
FaceForensics/FaceShifter/617_566.mp4,FaceForensics/original/617.mp4,faceshifter,1,0.0737,0.0,0.0496,0.0,0.0,0.0
FaceForensics/FaceSwap/617_566.mp4,FaceForensics/original/617.mp4,faceswap,1,0.0733,0.0,0.078,0.0,0.0,0.0
FaceForensics/NeuralTextures/617_566.mp4,FaceForensics/original/617.mp4,neuraltextures,1,0.0,0.0,0.0,0.0,0.0,0.0
FaceForensics/original/618.mp4,FaceForensics/original/618.mp4,original,0,0.0,0.0,0.0,0.0,0.0,0.0
FaceForensics/Deepfakes/618_629.mp4,FaceForensics/original/618.mp4,deepfakes,1,0.0,0.0719,0.0,0.0,0.0,0.0
FaceForensics/Face2Face/618_629.mp4,FaceForensics/original/618.mp4,face2face,1,0.0,0.0,0.0,0.0,0.0,0.0
FaceForensics/FaceShifter/618_629.mp4,FaceForensics/original/618.mp4,faceshifter,1,0.127,0.0,0.0484,0.0413,0.0402,0.0
FaceForensics/FaceSwap/618_629.mp4,FaceForensics/original/618.mp4,faceswap,1,0.0713,0.0422,0.0,0.0,0.0,0.0
FaceForensics/NeuralTextures/618_629.mp4,FaceForensics/original/618.mp4,neuraltextures,1,0.0,0.0,0.0,0.0,0.0,0.0
FaceForensics/original/619.mp4,FaceForensics/original/619.mp4,original,0,0.0,0.0,0.0,0.0,0.0,0.0
FaceForensics/Deepfakes/619_620.mp4,FaceForensics/original/619.mp4,deepfakes,1,0.0,0.0602,0.0,0.0,0.0462,0.0
FaceForensics/Face2Face/619_620.mp4,FaceForensics/original/619.mp4,face2face,1,0.0,0.0,0.0,0.0,0.0,0.0
FaceForensics/FaceShifter/619_620.mp4,FaceForensics/original/619.mp4,faceshifter,1,0.0,0.0,0.0,0.0,0.0,0.0
FaceForensics/FaceSwap/619_620.mp4,FaceForensics/original/619.mp4,faceswap,1,0.0,0.0,0.0,0.0,0.0,0.0
FaceForensics/NeuralTextures/619_620.mp4,FaceForensics/original/619.mp4,neuraltextures,1,0.0,0.0,0.0,0.0,0.0,0.0
FaceForensics/original/620.mp4,FaceForensics/original/620.mp4,original,0,0.0,0.0,0.0,0.0,0.0,0.0
FaceForensics/Deepfakes/620_619.mp4,FaceForensics/original/620.mp4,deepfakes,1,0.0,0.0,0.0,0.0441,0.0,0.0
FaceForensics/Face2Face/620_619.mp4,FaceForensics/original/620.mp4,face2face,1,0.0811,0.0455,0.0,0.0,0.0412,0.0
FaceForensics/FaceShifter/620_619.mp4,FaceForensics/original/620.mp4,faceshifter,1,0.3045,0.0611,0.1243,0.1834,0.0642,0.0487
FaceForensics/FaceSwap/620_619.mp4,FaceForensics/original/620.mp4,faceswap,1,0.0812,0.0418,0.0,0.0,0.0,0.0
FaceForensics/NeuralTextures/620_619.mp4,FaceForensics/original/620.mp4,neuraltextures,1,0.0687,0.0,0.0,0.0,0.0,0.0
FaceForensics/original/621.mp4,FaceForensics/original/621.mp4,original,0,0.0,0.0,0.0,0.0,0.0,0.0
FaceForensics/Deepfakes/621_546.mp4,FaceForensics/original/621.mp4,deepfakes,1,0.0,0.059,0.0,0.0,0.0,0.0
FaceForensics/Face2Face/621_546.mp4,FaceForensics/original/621.mp4,face2face,1,0.0,0.0,0.0,0.0,0.0,0.0
FaceForensics/FaceShifter/621_546.mp4,FaceForensics/original/621.mp4,faceshifter,1,0.064,0.0,0.0,0.0,0.0,0.0
FaceForensics/FaceSwap/621_546.mp4,FaceForensics/original/621.mp4,faceswap,1,0.0,0.0,0.0,0.0,0.0,0.0
FaceForensics/NeuralTextures/621_546.mp4,FaceForensics/original/621.mp4,neuraltextures,1,0.0,0.0,0.0,0.0,0.0,0.0
FaceForensics/original/622.mp4,FaceForensics/original/622.mp4,original,0,0.0,0.0,0.0,0.0,0.0,0.0
FaceForensics/Deepfakes/622_647.mp4,FaceForensics/original/622.mp4,deepfakes,1,0.0,0.0861,0.0,0.0488,0.0543,0.0748
FaceForensics/Face2Face/622_647.mp4,FaceForensics/original/622.mp4,face2face,1,0.0,0.0,0.0,0.0,0.0,0.0
FaceForensics/FaceShifter/622_647.mp4,FaceForensics/original/622.mp4,faceshifter,1,0.1649,0.0768,0.1052,0.0969,0.0459,0.0
FaceForensics/FaceSwap/622_647.mp4,FaceForensics/original/622.mp4,faceswap,1,0.0,0.0,0.0,0.0,0.0,0.0
FaceForensics/NeuralTextures/622_647.mp4,FaceForensics/original/622.mp4,neuraltextures,1,0.0,0.0,0.0473,0.0,0.0,0.0
FaceForensics/original/623.mp4,FaceForensics/original/623.mp4,original,0,0.0,0.0,0.0,0.0,0.0,0.0
FaceForensics/Deepfakes/623_630.mp4,FaceForensics/original/623.mp4,deepfakes,1,0.0,0.0,0.0,0.0,0.0,0.0
FaceForensics/Face2Face/623_630.mp4,FaceForensics/original/623.mp4,face2face,1,0.0,0.0,0.0,0.0,0.0,0.0
FaceForensics/FaceShifter/623_630.mp4,FaceForensics/original/623.mp4,faceshifter,1,0.0,0.0,0.0,0.0,0.0,0.0
FaceForensics/FaceSwap/623_630.mp4,FaceForensics/original/623.mp4,faceswap,1,0.0511,0.0,0.0,0.0,0.0,0.0
FaceForensics/NeuralTextures/623_630.mp4,FaceForensics/original/623.mp4,neuraltextures,1,0.0,0.0,0.0,0.0,0.0,0.0
FaceForensics/original/624.mp4,FaceForensics/original/624.mp4,original,0,0.0,0.0,0.0,0.0,0.0,0.0
FaceForensics/Deepfakes/624_570.mp4,FaceForensics/original/624.mp4,deepfakes,1,0.0446,0.0877,0.1116,0.1735,0.0818,0.0802
FaceForensics/Face2Face/624_570.mp4,FaceForensics/original/624.mp4,face2face,1,0.0,0.0,0.0,0.0,0.0963,0.0629
FaceForensics/FaceShifter/624_570.mp4,FaceForensics/original/624.mp4,faceshifter,1,0.0,0.0,0.0,0.0,0.0,0.0
FaceForensics/FaceSwap/624_570.mp4,FaceForensics/original/624.mp4,faceswap,1,0.0,0.0,0.0,0.0,0.0,0.0
FaceForensics/NeuralTextures/624_570.mp4,FaceForensics/original/624.mp4,neuraltextures,1,0.0,0.0,0.0,0.0,0.0,0.0
FaceForensics/original/625.mp4,FaceForensics/original/625.mp4,original,0,0.0,0.0,0.0,0.0,0.0,0.0
FaceForensics/Deepfakes/625_650.mp4,FaceForensics/original/625.mp4,deepfakes,1,0.0767,0.0,0.2114,0.0,0.0,0.0582
FaceForensics/Face2Face/625_650.mp4,FaceForensics/original/625.mp4,face2face,1,0.0,0.0,0.0,0.0,0.0,0.0
FaceForensics/FaceShifter/625_650.mp4,FaceForensics/original/625.mp4,faceshifter,1,0.1212,0.0,0.0519,0.0,0.0,0.0
FaceForensics/FaceSwap/625_650.mp4,FaceForensics/original/625.mp4,faceswap,1,0.1345,0.0,0.0,0.0,0.0,0.0
FaceForensics/NeuralTextures/625_650.mp4,FaceForensics/original/625.mp4,neuraltextures,1,0.0,0.0,0.0,0.0,0.0,0.0
FaceForensics/original/626.mp4,FaceForensics/original/626.mp4,original,0,0.0,0.0,0.0,0.0,0.0,0.0
FaceForensics/Deepfakes/626_562.mp4,FaceForensics/original/626.mp4,deepfakes,1,0.0,0.0,0.0,0.0483,0.0461,0.0
FaceForensics/Face2Face/626_562.mp4,FaceForensics/original/626.mp4,face2face,1,0.0498,0.0,0.0725,0.0492,0.0,0.0657
FaceForensics/FaceShifter/626_562.mp4,FaceForensics/original/626.mp4,faceshifter,1,0.2537,0.0852,0.2039,0.116,0.0,0.0
FaceForensics/FaceSwap/626_562.mp4,FaceForensics/original/626.mp4,faceswap,1,0.0,0.0,0.0,0.0,0.0,0.0
FaceForensics/NeuralTextures/626_562.mp4,FaceForensics/original/626.mp4,neuraltextures,1,0.0813,0.0616,0.0939,0.092,0.0662,0.0502
FaceForensics/original/627.mp4,FaceForensics/original/627.mp4,original,0,0.0,0.0,0.0,0.0,0.0,0.0
FaceForensics/Deepfakes/627_658.mp4,FaceForensics/original/627.mp4,deepfakes,1,0.0,0.0574,0.0,0.0404,0.0464,0.0
FaceForensics/Face2Face/627_658.mp4,FaceForensics/original/627.mp4,face2face,1,0.0,0.0508,0.0426,0.0,0.0,0.0
FaceForensics/FaceShifter/627_658.mp4,FaceForensics/original/627.mp4,faceshifter,1,0.2028,0.133,0.049,0.1138,0.0,0.0697
FaceForensics/FaceSwap/627_658.mp4,FaceForensics/original/627.mp4,faceswap,1,0.0598,0.0457,0.0,0.0,0.0,0.0
FaceForensics/NeuralTextures/627_658.mp4,FaceForensics/original/627.mp4,neuraltextures,1,0.0,0.0,0.0,0.0,0.0,0.0
FaceForensics/original/628.mp4,FaceForensics/original/628.mp4,original,0,0.0,0.0,0.0,0.0,0.0,0.0
FaceForensics/Deepfakes/628_568.mp4,FaceForensics/original/628.mp4,deepfakes,1,0.0859,0.0,0.0,0.0,0.0,0.0
FaceForensics/Face2Face/628_568.mp4,FaceForensics/original/628.mp4,face2face,1,0.0,0.0,0.0,0.0,0.0,0.0459
FaceForensics/FaceShifter/628_568.mp4,FaceForensics/original/628.mp4,faceshifter,1,0.3163,0.0729,0.1062,0.0638,0.0505,0.0
FaceForensics/FaceSwap/628_568.mp4,FaceForensics/original/628.mp4,faceswap,1,0.0515,0.0,0.0,0.0,0.0,0.0
FaceForensics/NeuralTextures/628_568.mp4,FaceForensics/original/628.mp4,neuraltextures,1,0.0,0.0,0.1047,0.0475,0.0,0.067
FaceForensics/original/629.mp4,FaceForensics/original/629.mp4,original,0,0.0,0.0,0.0,0.0,0.0,0.0
FaceForensics/Deepfakes/629_618.mp4,FaceForensics/original/629.mp4,deepfakes,1,0.0,0.0,0.0,0.0,0.0,0.0
FaceForensics/Face2Face/629_618.mp4,FaceForensics/original/629.mp4,face2face,1,0.1038,0.1053,0.061,0.1319,0.1746,0.1309
FaceForensics/FaceShifter/629_618.mp4,FaceForensics/original/629.mp4,faceshifter,1,0.0883,0.0,0.0752,0.0439,0.0,0.0
FaceForensics/FaceSwap/629_618.mp4,FaceForensics/original/629.mp4,faceswap,1,0.0679,0.0,0.0,0.0407,0.042,0.0
FaceForensics/NeuralTextures/629_618.mp4,FaceForensics/original/629.mp4,neuraltextures,1,0.0906,0.0,0.0,0.0526,0.0,0.0433
FaceForensics/original/630.mp4,FaceForensics/original/630.mp4,original,0,0.0,0.0,0.0,0.0,0.0,0.0
FaceForensics/Deepfakes/630_623.mp4,FaceForensics/original/630.mp4,deepfakes,1,0.394,0.1667,0.1448,0.1078,0.0774,0.2609
FaceForensics/Face2Face/630_623.mp4,FaceForensics/original/630.mp4,face2face,1,0.0,0.0,0.0,0.0,0.0,0.0
FaceForensics/FaceShifter/630_623.mp4,FaceForensics/original/630.mp4,faceshifter,1,0.1237,0.0632,0.1695,0.0742,0.0863,0.0
FaceForensics/FaceSwap/630_623.mp4,FaceForensics/original/630.mp4,faceswap,1,0.1667,0.1903,0.0899,0.1137,0.1106,0.0849
FaceForensics/NeuralTextures/630_623.mp4,FaceForensics/original/630.mp4,neuraltextures,1,0.0571,0.0449,0.0695,0.0656,0.0,0.0
FaceForensics/original/631.mp4,FaceForensics/original/631.mp4,original,0,0.0,0.0,0.0,0.0,0.0,0.0
FaceForensics/Deepfakes/631_551.mp4,FaceForensics/original/631.mp4,deepfakes,1,0.0501,0.0,0.0,0.0,0.0,0.0
FaceForensics/Face2Face/631_551.mp4,FaceForensics/original/631.mp4,face2face,1,0.0743,0.0,0.0489,0.0,0.0,0.0
FaceForensics/FaceShifter/631_551.mp4,FaceForensics/original/631.mp4,faceshifter,1,0.2924,0.0991,0.1637,0.1383,0.0791,0.0685
FaceForensics/FaceSwap/631_551.mp4,FaceForensics/original/631.mp4,faceswap,1,0.0427,0.0,0.0605,0.0,0.0,0.0
FaceForensics/NeuralTextures/631_551.mp4,FaceForensics/original/631.mp4,neuraltextures,1,0.0489,0.0,0.0,0.0,0.0,0.0
FaceForensics/original/632.mp4,FaceForensics/original/632.mp4,original,0,0.0,0.0,0.0,0.0,0.0,0.0
FaceForensics/Deepfakes/632_548.mp4,FaceForensics/original/632.mp4,deepfakes,1,0.354,0.1812,0.0825,0.1546,0.1535,0.1668
FaceForensics/Face2Face/632_548.mp4,FaceForensics/original/632.mp4,face2face,1,0.0,0.0,0.0,0.0,0.0,0.0
FaceForensics/FaceShifter/632_548.mp4,FaceForensics/original/632.mp4,faceshifter,1,0.2998,0.1402,0.0891,0.1527,0.1193,0.0706
FaceForensics/FaceSwap/632_548.mp4,FaceForensics/original/632.mp4,faceswap,1,0.1168,0.0,0.0,0.085,0.0,0.056
FaceForensics/NeuralTextures/632_548.mp4,FaceForensics/original/632.mp4,neuraltextures,1,0.0,0.0,0.0,0.0,0.0,0.0
FaceForensics/original/633.mp4,FaceForensics/original/633.mp4,original,0,0.0,0.0,0.0,0.0,0.0,0.0
FaceForensics/Deepfakes/633_529.mp4,FaceForensics/original/633.mp4,deepfakes,1,0.0,0.0,0.0,0.0,0.0,0.0
FaceForensics/Face2Face/633_529.mp4,FaceForensics/original/633.mp4,face2face,1,0.0,0.0,0.0,0.0,0.0,0.0
FaceForensics/FaceShifter/633_529.mp4,FaceForensics/original/633.mp4,faceshifter,1,0.1348,0.0,0.0955,0.0446,0.064,0.0
FaceForensics/FaceSwap/633_529.mp4,FaceForensics/original/633.mp4,faceswap,1,0.0721,0.0948,0.0,0.0,0.0,0.0
FaceForensics/NeuralTextures/633_529.mp4,FaceForensics/original/633.mp4,neuraltextures,1,0.0,0.0,0.0,0.0,0.0,0.0
FaceForensics/original/634.mp4,FaceForensics/original/634.mp4,original,0,0.0,0.0,0.0,0.0,0.0,0.0
FaceForensics/Deepfakes/634_660.mp4,FaceForensics/original/634.mp4,deepfakes,1,0.0,0.0,0.0,0.0,0.0,0.0
FaceForensics/Face2Face/634_660.mp4,FaceForensics/original/634.mp4,face2face,1,0.0,0.0,0.0,0.0,0.0,0.0
FaceForensics/FaceShifter/634_660.mp4,FaceForensics/original/634.mp4,faceshifter,1,0.0,0.0,0.0,0.0,0.0,0.0
FaceForensics/FaceSwap/634_660.mp4,FaceForensics/original/634.mp4,faceswap,1,0.1995,0.0963,0.0,0.0554,0.0711,0.0488
FaceForensics/NeuralTextures/634_660.mp4,FaceForensics/original/634.mp4,neuraltextures,1,0.0,0.0,0.0,0.0,0.0,0.0
FaceForensics/original/635.mp4,FaceForensics/original/635.mp4,original,0,0.0,0.0,0.0,0.0,0.0,0.0
FaceForensics/Deepfakes/635_642.mp4,FaceForensics/original/635.mp4,deepfakes,1,0.066,0.0586,0.1277,0.0725,0.0703,0.0
FaceForensics/Face2Face/635_642.mp4,FaceForensics/original/635.mp4,face2face,1,0.0,0.0,0.0,0.0,0.0,0.0
FaceForensics/FaceShifter/635_642.mp4,FaceForensics/original/635.mp4,faceshifter,1,0.3209,0.116,0.1648,0.122,0.1364,0.0507
FaceForensics/FaceSwap/635_642.mp4,FaceForensics/original/635.mp4,faceswap,1,0.0495,0.0502,0.0,0.0,0.0,0.0
FaceForensics/NeuralTextures/635_642.mp4,FaceForensics/original/635.mp4,neuraltextures,1,0.0,0.0,0.0,0.0,0.0,0.0
FaceForensics/original/636.mp4,FaceForensics/original/636.mp4,original,0,0.0,0.0,0.0,0.0,0.0,0.0
FaceForensics/Deepfakes/636_578.mp4,FaceForensics/original/636.mp4,deepfakes,1,0.1731,0.0985,0.0702,0.1014,0.059,0.0522
FaceForensics/Face2Face/636_578.mp4,FaceForensics/original/636.mp4,face2face,1,0.1211,0.0516,0.0,0.0592,0.0,0.0435
FaceForensics/FaceShifter/636_578.mp4,FaceForensics/original/636.mp4,faceshifter,1,0.0,0.0,0.0,0.0,0.0,0.0
FaceForensics/FaceSwap/636_578.mp4,FaceForensics/original/636.mp4,faceswap,1,0.2046,0.0896,0.0,0.0731,0.0668,0.0473
FaceForensics/NeuralTextures/636_578.mp4,FaceForensics/original/636.mp4,neuraltextures,1,0.0758,0.0506,0.0,0.0413,0.0,0.0
FaceForensics/original/637.mp4,FaceForensics/original/637.mp4,original,0,0.0,0.0,0.0,0.0,0.0,0.0
FaceForensics/Deepfakes/637_427.mp4,FaceForensics/original/637.mp4,deepfakes,1,0.0,0.0,0.0,0.0,0.0,0.0
FaceForensics/Face2Face/637_427.mp4,FaceForensics/original/637.mp4,face2face,1,0.0,0.0,0.0,0.0,0.0,0.0
FaceForensics/FaceShifter/637_427.mp4,FaceForensics/original/637.mp4,faceshifter,1,0.1346,0.0452,0.0924,0.0634,0.0439,0.0
FaceForensics/FaceSwap/637_427.mp4,FaceForensics/original/637.mp4,faceswap,1,0.0515,0.0,0.0,0.0,0.0,0.0
FaceForensics/NeuralTextures/637_427.mp4,FaceForensics/original/637.mp4,neuraltextures,1,0.0673,0.0,0.0781,0.0,0.0,0.0
FaceForensics/original/638.mp4,FaceForensics/original/638.mp4,original,0,0.0,0.0,0.0,0.0,0.0,0.0
FaceForensics/Deepfakes/638_640.mp4,FaceForensics/original/638.mp4,deepfakes,1,0.0,0.0,0.48,0.2073,0.2532,0.0766
FaceForensics/Face2Face/638_640.mp4,FaceForensics/original/638.mp4,face2face,1,0.0,0.0,0.0,0.0,0.0,0.0
FaceForensics/FaceShifter/638_640.mp4,FaceForensics/original/638.mp4,faceshifter,1,0.4131,0.131,0.287,0.2736,0.0841,0.1162
FaceForensics/FaceSwap/638_640.mp4,FaceForensics/original/638.mp4,faceswap,1,0.0841,0.0916,0.0791,0.1021,0.0,0.0
FaceForensics/NeuralTextures/638_640.mp4,FaceForensics/original/638.mp4,neuraltextures,1,0.0,0.0471,0.0,0.0424,0.0,0.0
FaceForensics/original/639.mp4,FaceForensics/original/639.mp4,original,0,0.0,0.0,0.0,0.0,0.0,0.0
FaceForensics/Deepfakes/639_841.mp4,FaceForensics/original/639.mp4,deepfakes,1,0.0,0.0509,0.0564,0.0526,0.0,0.0
FaceForensics/Face2Face/639_841.mp4,FaceForensics/original/639.mp4,face2face,1,0.0,0.0,0.0694,0.0,0.0,0.0
FaceForensics/FaceShifter/639_841.mp4,FaceForensics/original/639.mp4,faceshifter,1,0.4123,0.1407,0.2092,0.1964,0.0963,0.0845
FaceForensics/FaceSwap/639_841.mp4,FaceForensics/original/639.mp4,faceswap,1,0.0,0.0,0.0,0.0,0.0,0.0
FaceForensics/NeuralTextures/639_841.mp4,FaceForensics/original/639.mp4,neuraltextures,1,0.0,0.0,0.0,0.0,0.0,0.0439
FaceForensics/original/640.mp4,FaceForensics/original/640.mp4,original,0,0.0,0.0,0.0,0.0,0.0,0.0
FaceForensics/Deepfakes/640_638.mp4,FaceForensics/original/640.mp4,deepfakes,1,0.3698,0.3794,0.1506,0.1513,0.0872,0.0832
FaceForensics/Face2Face/640_638.mp4,FaceForensics/original/640.mp4,face2face,1,0.0,0.0,0.0,0.0,0.0,0.0
FaceForensics/FaceShifter/640_638.mp4,FaceForensics/original/640.mp4,faceshifter,1,0.0969,0.054,0.0,0.0431,0.0,0.0
FaceForensics/FaceSwap/640_638.mp4,FaceForensics/original/640.mp4,faceswap,1,0.3306,0.315,0.1243,0.1151,0.0972,0.0724
FaceForensics/NeuralTextures/640_638.mp4,FaceForensics/original/640.mp4,neuraltextures,1,0.1487,0.0592,0.0,0.0657,0.0405,0.0493
FaceForensics/original/641.mp4,FaceForensics/original/641.mp4,original,0,0.0,0.0,0.0,0.0,0.0,0.0
FaceForensics/Deepfakes/641_662.mp4,FaceForensics/original/641.mp4,deepfakes,1,0.0,0.1973,0.0797,0.1143,0.1147,0.133
FaceForensics/Face2Face/641_662.mp4,FaceForensics/original/641.mp4,face2face,1,0.2485,0.0606,0.1098,0.1342,0.0712,0.0866
FaceForensics/FaceShifter/641_662.mp4,FaceForensics/original/641.mp4,faceshifter,1,0.049,0.077,0.0595,0.105,0.0407,0.0459
FaceForensics/FaceSwap/641_662.mp4,FaceForensics/original/641.mp4,faceswap,1,0.0,0.0446,0.0,0.0,0.0,0.0
FaceForensics/NeuralTextures/641_662.mp4,FaceForensics/original/641.mp4,neuraltextures,1,0.0583,0.0,0.0,0.0,0.0,0.0428
FaceForensics/original/642.mp4,FaceForensics/original/642.mp4,original,0,0.0,0.0,0.0,0.0,0.0,0.0
FaceForensics/Deepfakes/642_635.mp4,FaceForensics/original/642.mp4,deepfakes,1,0.0763,0.0502,0.0,0.0,0.0,0.0
FaceForensics/Face2Face/642_635.mp4,FaceForensics/original/642.mp4,face2face,1,0.0,0.0,0.0591,0.0691,0.0,0.0
FaceForensics/FaceShifter/642_635.mp4,FaceForensics/original/642.mp4,faceshifter,1,0.2709,0.1061,0.2854,0.1553,0.1002,0.0
FaceForensics/FaceSwap/642_635.mp4,FaceForensics/original/642.mp4,faceswap,1,0.1629,0.0814,0.1513,0.1294,0.0,0.0683
FaceForensics/NeuralTextures/642_635.mp4,FaceForensics/original/642.mp4,neuraltextures,1,0.0,0.0,0.0544,0.0,0.0,0.0
FaceForensics/original/643.mp4,FaceForensics/original/643.mp4,original,0,0.0,0.0,0.0,0.0,0.0,0.0
FaceForensics/Deepfakes/643_646.mp4,FaceForensics/original/643.mp4,deepfakes,1,0.2018,0.2126,0.0843,0.1555,0.0445,0.0622
FaceForensics/Face2Face/643_646.mp4,FaceForensics/original/643.mp4,face2face,1,0.0,0.0,0.0,0.0,0.0,0.0
FaceForensics/FaceShifter/643_646.mp4,FaceForensics/original/643.mp4,faceshifter,1,0.0,0.0,0.0,0.0,0.0,0.0
FaceForensics/FaceSwap/643_646.mp4,FaceForensics/original/643.mp4,faceswap,1,0.0936,0.0555,0.0494,0.0541,0.0,0.0
FaceForensics/NeuralTextures/643_646.mp4,FaceForensics/original/643.mp4,neuraltextures,1,0.1599,0.0,0.0,0.0431,0.0,0.0
FaceForensics/original/644.mp4,FaceForensics/original/644.mp4,original,0,0.0,0.0,0.0,0.0,0.0,0.0
FaceForensics/Deepfakes/644_657.mp4,FaceForensics/original/644.mp4,deepfakes,1,0.0,0.0,0.0669,0.0,0.0,0.0
FaceForensics/Face2Face/644_657.mp4,FaceForensics/original/644.mp4,face2face,1,0.0909,0.1384,0.3232,0.1687,0.0842,0.1068
FaceForensics/FaceShifter/644_657.mp4,FaceForensics/original/644.mp4,faceshifter,1,0.2021,0.0793,0.1529,0.0743,0.0,0.0
FaceForensics/FaceSwap/644_657.mp4,FaceForensics/original/644.mp4,faceswap,1,0.0,0.0,0.0408,0.0,0.0,0.0
FaceForensics/NeuralTextures/644_657.mp4,FaceForensics/original/644.mp4,neuraltextures,1,0.0898,0.0578,0.0568,0.0567,0.0,0.0
FaceForensics/original/645.mp4,FaceForensics/original/645.mp4,original,0,0.0,0.0,0.0,0.0,0.0,0.0
FaceForensics/Deepfakes/645_688.mp4,FaceForensics/original/645.mp4,deepfakes,1,0.0,0.0,0.0,0.0452,0.0,0.0
FaceForensics/Face2Face/645_688.mp4,FaceForensics/original/645.mp4,face2face,1,0.0,0.0,0.0,0.0,0.0,0.0
FaceForensics/FaceShifter/645_688.mp4,FaceForensics/original/645.mp4,faceshifter,1,0.0,0.0,0.0,0.0,0.0,0.0
FaceForensics/FaceSwap/645_688.mp4,FaceForensics/original/645.mp4,faceswap,1,0.0,0.0,0.0,0.0,0.0,0.0
FaceForensics/NeuralTextures/645_688.mp4,FaceForensics/original/645.mp4,neuraltextures,1,0.0,0.0,0.0,0.0,0.0,0.0
FaceForensics/original/646.mp4,FaceForensics/original/646.mp4,original,0,0.0,0.0,0.0,0.0,0.0,0.0
FaceForensics/Deepfakes/646_643.mp4,FaceForensics/original/646.mp4,deepfakes,1,0.0,0.0,0.0,0.0,0.0,0.0
FaceForensics/Face2Face/646_643.mp4,FaceForensics/original/646.mp4,face2face,1,0.0,0.0,0.0,0.0,0.0821,0.0436
FaceForensics/FaceShifter/646_643.mp4,FaceForensics/original/646.mp4,faceshifter,1,0.095,0.0,0.0476,0.0,0.0419,0.0
FaceForensics/FaceSwap/646_643.mp4,FaceForensics/original/646.mp4,faceswap,1,0.0,0.0,0.0,0.0,0.0,0.0
FaceForensics/NeuralTextures/646_643.mp4,FaceForensics/original/646.mp4,neuraltextures,1,0.0,0.0,0.0,0.0,0.0,0.0
FaceForensics/original/647.mp4,FaceForensics/original/647.mp4,original,0,0.0,0.0,0.0,0.0,0.0,0.0
FaceForensics/Deepfakes/647_622.mp4,FaceForensics/original/647.mp4,deepfakes,1,0.0,0.0,0.0,0.0,0.0,0.0
FaceForensics/Face2Face/647_622.mp4,FaceForensics/original/647.mp4,face2face,1,0.0,0.0,0.0,0.0,0.0,0.0
FaceForensics/FaceShifter/647_622.mp4,FaceForensics/original/647.mp4,faceshifter,1,0.5756,0.1339,0.3724,0.3354,0.0909,0.1703
FaceForensics/FaceSwap/647_622.mp4,FaceForensics/original/647.mp4,faceswap,1,0.0,0.0,0.0,0.0,0.0,0.0
FaceForensics/NeuralTextures/647_622.mp4,FaceForensics/original/647.mp4,neuraltextures,1,0.0,0.0,0.0,0.0443,0.0,0.0
FaceForensics/original/648.mp4,FaceForensics/original/648.mp4,original,0,0.0,0.0,0.0,0.0,0.0,0.0
FaceForensics/Deepfakes/648_654.mp4,FaceForensics/original/648.mp4,deepfakes,1,0.0,0.0,0.0,0.0,0.0,0.0
FaceForensics/Face2Face/648_654.mp4,FaceForensics/original/648.mp4,face2face,1,0.0,0.0,0.0,0.0,0.0,0.0
FaceForensics/FaceShifter/648_654.mp4,FaceForensics/original/648.mp4,faceshifter,1,0.1716,0.0755,0.0798,0.0907,0.0685,0.0
FaceForensics/FaceSwap/648_654.mp4,FaceForensics/original/648.mp4,faceswap,1,0.0,0.0,0.0,0.0,0.0,0.0
FaceForensics/NeuralTextures/648_654.mp4,FaceForensics/original/648.mp4,neuraltextures,1,0.0,0.0,0.0,0.0,0.0,0.0
FaceForensics/original/649.mp4,FaceForensics/original/649.mp4,original,0,0.0,0.0,0.0,0.0,0.0,0.0
FaceForensics/Deepfakes/649_816.mp4,FaceForensics/original/649.mp4,deepfakes,1,0.0,0.0786,0.0407,0.0558,0.0413,0.0538
FaceForensics/Face2Face/649_816.mp4,FaceForensics/original/649.mp4,face2face,1,0.0,0.0,0.0,0.0,0.0,0.0
FaceForensics/FaceShifter/649_816.mp4,FaceForensics/original/649.mp4,faceshifter,1,0.4215,0.2175,0.3425,0.1591,0.0772,0.092
FaceForensics/FaceSwap/649_816.mp4,FaceForensics/original/649.mp4,faceswap,1,0.1364,0.1177,0.0,0.0746,0.0,0.0
FaceForensics/NeuralTextures/649_816.mp4,FaceForensics/original/649.mp4,neuraltextures,1,0.0,0.0,0.0,0.0,0.0,0.0
FaceForensics/original/650.mp4,FaceForensics/original/650.mp4,original,0,0.0,0.0,0.0,0.0,0.0,0.0
FaceForensics/Deepfakes/650_625.mp4,FaceForensics/original/650.mp4,deepfakes,1,0.0903,0.0628,0.0687,0.0,0.0,0.0
FaceForensics/Face2Face/650_625.mp4,FaceForensics/original/650.mp4,face2face,1,0.2638,0.0,0.0475,0.0,0.0,0.0
FaceForensics/FaceShifter/650_625.mp4,FaceForensics/original/650.mp4,faceshifter,1,0.4666,0.1409,0.3619,0.1596,0.102,0.0732
FaceForensics/FaceSwap/650_625.mp4,FaceForensics/original/650.mp4,faceswap,1,0.0841,0.102,0.0585,0.0533,0.0528,0.0738
FaceForensics/NeuralTextures/650_625.mp4,FaceForensics/original/650.mp4,neuraltextures,1,0.0,0.0,0.0,0.0,0.0,0.0
FaceForensics/original/651.mp4,FaceForensics/original/651.mp4,original,0,0.0,0.0,0.0,0.0,0.0,0.0
FaceForensics/Deepfakes/651_835.mp4,FaceForensics/original/651.mp4,deepfakes,1,0.0,0.0,0.0,0.0,0.0,0.0
FaceForensics/Face2Face/651_835.mp4,FaceForensics/original/651.mp4,face2face,1,0.0,0.0,0.0,0.0,0.0,0.0
FaceForensics/FaceShifter/651_835.mp4,FaceForensics/original/651.mp4,faceshifter,1,0.2978,0.093,0.096,0.099,0.0628,0.0476
FaceForensics/FaceSwap/651_835.mp4,FaceForensics/original/651.mp4,faceswap,1,0.0532,0.0692,0.0654,0.0641,0.0559,0.0
FaceForensics/NeuralTextures/651_835.mp4,FaceForensics/original/651.mp4,neuraltextures,1,0.0,0.0,0.0,0.0,0.0,0.0
FaceForensics/original/652.mp4,FaceForensics/original/652.mp4,original,0,0.0,0.0,0.0,0.0,0.0,0.0
FaceForensics/Deepfakes/652_773.mp4,FaceForensics/original/652.mp4,deepfakes,1,0.0,0.0472,0.0,0.0,0.0,0.0
FaceForensics/Face2Face/652_773.mp4,FaceForensics/original/652.mp4,face2face,1,0.1155,0.0,0.0,0.0,0.0451,0.0
FaceForensics/FaceShifter/652_773.mp4,FaceForensics/original/652.mp4,faceshifter,1,0.3144,0.0537,0.0,0.049,0.0,0.0
FaceForensics/FaceSwap/652_773.mp4,FaceForensics/original/652.mp4,faceswap,1,0.1611,0.2039,0.093,0.0834,0.1297,0.1027
FaceForensics/NeuralTextures/652_773.mp4,FaceForensics/original/652.mp4,neuraltextures,1,0.1153,0.0,0.0,0.0,0.0,0.0
FaceForensics/original/653.mp4,FaceForensics/original/653.mp4,original,0,0.0,0.0,0.0,0.0,0.0,0.0
FaceForensics/Deepfakes/653_601.mp4,FaceForensics/original/653.mp4,deepfakes,1,0.099,0.0776,0.1383,0.0911,0.0412,0.0602
FaceForensics/Face2Face/653_601.mp4,FaceForensics/original/653.mp4,face2face,1,0.0707,0.0,0.0,0.0,0.0,0.0
FaceForensics/FaceShifter/653_601.mp4,FaceForensics/original/653.mp4,faceshifter,1,0.532,0.2135,0.3341,0.3037,0.0564,0.1502
FaceForensics/FaceSwap/653_601.mp4,FaceForensics/original/653.mp4,faceswap,1,0.1612,0.0658,0.0,0.0563,0.041,0.0557
FaceForensics/NeuralTextures/653_601.mp4,FaceForensics/original/653.mp4,neuraltextures,1,0.11,0.0662,0.0,0.0,0.0,0.0
FaceForensics/original/654.mp4,FaceForensics/original/654.mp4,original,0,0.0,0.0,0.0,0.0,0.0,0.0
FaceForensics/Deepfakes/654_648.mp4,FaceForensics/original/654.mp4,deepfakes,1,0.072,0.0751,0.0538,0.0,0.0,0.0427
FaceForensics/Face2Face/654_648.mp4,FaceForensics/original/654.mp4,face2face,1,0.0516,0.0,0.0,0.0,0.0677,0.0
FaceForensics/FaceShifter/654_648.mp4,FaceForensics/original/654.mp4,faceshifter,1,0.0,0.0,0.0,0.0,0.0,0.0
FaceForensics/FaceSwap/654_648.mp4,FaceForensics/original/654.mp4,faceswap,1,0.1438,0.0624,0.0651,0.0639,0.0402,0.0435
FaceForensics/NeuralTextures/654_648.mp4,FaceForensics/original/654.mp4,neuraltextures,1,0.088,0.0546,0.0755,0.0412,0.0,0.0701
FaceForensics/original/655.mp4,FaceForensics/original/655.mp4,original,0,0.0,0.0,0.0,0.0,0.0,0.0
FaceForensics/Deepfakes/655_444.mp4,FaceForensics/original/655.mp4,deepfakes,1,0.0,0.0,0.0701,0.0739,0.0,0.0
FaceForensics/Face2Face/655_444.mp4,FaceForensics/original/655.mp4,face2face,1,0.0853,0.0476,0.044,0.0,0.0,0.0
FaceForensics/FaceShifter/655_444.mp4,FaceForensics/original/655.mp4,faceshifter,1,0.5428,0.1464,0.3192,0.245,0.0668,0.092
FaceForensics/FaceSwap/655_444.mp4,FaceForensics/original/655.mp4,faceswap,1,0.0,0.0,0.0,0.0,0.0,0.0
FaceForensics/NeuralTextures/655_444.mp4,FaceForensics/original/655.mp4,neuraltextures,1,0.0788,0.0799,0.0423,0.0579,0.0,0.0
FaceForensics/original/656.mp4,FaceForensics/original/656.mp4,original,0,0.0,0.0,0.0,0.0,0.0,0.0
FaceForensics/Deepfakes/656_666.mp4,FaceForensics/original/656.mp4,deepfakes,1,0.1223,0.0539,0.0686,0.047,0.0,0.0484
FaceForensics/Face2Face/656_666.mp4,FaceForensics/original/656.mp4,face2face,1,0.0,0.0,0.0,0.0,0.0,0.0
FaceForensics/FaceShifter/656_666.mp4,FaceForensics/original/656.mp4,faceshifter,1,0.3004,0.1388,0.2283,0.1523,0.0856,0.0604
FaceForensics/FaceSwap/656_666.mp4,FaceForensics/original/656.mp4,faceswap,1,0.0581,0.0,0.0415,0.0,0.0,0.0
FaceForensics/NeuralTextures/656_666.mp4,FaceForensics/original/656.mp4,neuraltextures,1,0.0,0.0,0.0,0.0,0.0,0.0
FaceForensics/original/657.mp4,FaceForensics/original/657.mp4,original,0,0.0,0.0,0.0,0.0,0.0,0.0
FaceForensics/Deepfakes/657_644.mp4,FaceForensics/original/657.mp4,deepfakes,1,0.0,0.0,0.0,0.0,0.0,0.0
FaceForensics/Face2Face/657_644.mp4,FaceForensics/original/657.mp4,face2face,1,0.0,0.0,0.0,0.0,0.0,0.0
FaceForensics/FaceShifter/657_644.mp4,FaceForensics/original/657.mp4,faceshifter,1,0.3924,0.1032,0.3537,0.1389,0.1069,0.0708
FaceForensics/FaceSwap/657_644.mp4,FaceForensics/original/657.mp4,faceswap,1,0.0592,0.0426,0.0953,0.0,0.0,0.0
FaceForensics/NeuralTextures/657_644.mp4,FaceForensics/original/657.mp4,neuraltextures,1,0.0723,0.0,0.0601,0.0,0.0,0.0
FaceForensics/original/658.mp4,FaceForensics/original/658.mp4,original,0,0.0,0.0,0.0,0.0,0.0,0.0
FaceForensics/Deepfakes/658_627.mp4,FaceForensics/original/658.mp4,deepfakes,1,0.0,0.0,0.0,0.0,0.0419,0.0
FaceForensics/Face2Face/658_627.mp4,FaceForensics/original/658.mp4,face2face,1,0.0,0.0486,0.0,0.0493,0.0,0.0
FaceForensics/FaceShifter/658_627.mp4,FaceForensics/original/658.mp4,faceshifter,1,0.1603,0.1128,0.1219,0.1379,0.0554,0.0518
FaceForensics/FaceSwap/658_627.mp4,FaceForensics/original/658.mp4,faceswap,1,0.0,0.0,0.0,0.0,0.0,0.0
FaceForensics/NeuralTextures/658_627.mp4,FaceForensics/original/658.mp4,neuraltextures,1,0.0442,0.0,0.0,0.0556,0.0,0.0
FaceForensics/original/659.mp4,FaceForensics/original/659.mp4,original,0,0.0,0.0,0.0,0.0,0.0,0.0
FaceForensics/Deepfakes/659_749.mp4,FaceForensics/original/659.mp4,deepfakes,1,0.0474,0.0,0.0,0.0,0.0,0.0
FaceForensics/Face2Face/659_749.mp4,FaceForensics/original/659.mp4,face2face,1,0.05,0.0,0.0,0.0,0.041,0.0
FaceForensics/FaceShifter/659_749.mp4,FaceForensics/original/659.mp4,faceshifter,1,0.2182,0.0,0.0855,0.0478,0.0,0.0
FaceForensics/FaceSwap/659_749.mp4,FaceForensics/original/659.mp4,faceswap,1,0.06,0.0,0.0,0.0,0.0,0.0
FaceForensics/NeuralTextures/659_749.mp4,FaceForensics/original/659.mp4,neuraltextures,1,0.0909,0.0488,0.1033,0.0657,0.0,0.0
FaceForensics/original/660.mp4,FaceForensics/original/660.mp4,original,0,0.0,0.0,0.0,0.0,0.0,0.0
FaceForensics/Deepfakes/660_634.mp4,FaceForensics/original/660.mp4,deepfakes,1,0.0701,0.0,0.0,0.0,0.0,0.0
FaceForensics/Face2Face/660_634.mp4,FaceForensics/original/660.mp4,face2face,1,0.4776,0.0,0.1554,0.1091,0.0651,0.1139
FaceForensics/FaceShifter/660_634.mp4,FaceForensics/original/660.mp4,faceshifter,1,0.0,0.0,0.0,0.0,0.0,0.0
FaceForensics/FaceSwap/660_634.mp4,FaceForensics/original/660.mp4,faceswap,1,0.0623,0.0,0.0,0.0,0.0,0.0
FaceForensics/NeuralTextures/660_634.mp4,FaceForensics/original/660.mp4,neuraltextures,1,0.0,0.0,0.0,0.0,0.0,0.0
FaceForensics/original/661.mp4,FaceForensics/original/661.mp4,original,0,0.0,0.0,0.0485,0.0,0.0,0.0
FaceForensics/Deepfakes/661_670.mp4,FaceForensics/original/661.mp4,deepfakes,1,0.0,0.0,0.0402,0.0,0.0,0.0
FaceForensics/Face2Face/661_670.mp4,FaceForensics/original/661.mp4,face2face,1,0.102,0.0568,0.1863,0.1258,0.0,0.0459
FaceForensics/FaceShifter/661_670.mp4,FaceForensics/original/661.mp4,faceshifter,1,0.0883,0.0,0.1276,0.0772,0.0489,0.0
FaceForensics/FaceSwap/661_670.mp4,FaceForensics/original/661.mp4,faceswap,1,0.0983,0.0579,0.1718,0.0718,0.0,0.0566
FaceForensics/NeuralTextures/661_670.mp4,FaceForensics/original/661.mp4,neuraltextures,1,0.0,0.0,0.0,0.0684,0.0,0.053
FaceForensics/original/662.mp4,FaceForensics/original/662.mp4,original,0,0.0,0.0,0.0,0.0,0.0,0.0
FaceForensics/Deepfakes/662_641.mp4,FaceForensics/original/662.mp4,deepfakes,1,0.0,0.0,0.0,0.0,0.0,0.0
FaceForensics/Face2Face/662_641.mp4,FaceForensics/original/662.mp4,face2face,1,0.0,0.0,0.0465,0.0,0.1231,0.0
FaceForensics/FaceShifter/662_641.mp4,FaceForensics/original/662.mp4,faceshifter,1,0.114,0.0,0.1187,0.0709,0.1046,0.0
FaceForensics/FaceSwap/662_641.mp4,FaceForensics/original/662.mp4,faceswap,1,0.1814,0.1402,0.0,0.0729,0.0,0.0454
FaceForensics/NeuralTextures/662_641.mp4,FaceForensics/original/662.mp4,neuraltextures,1,0.0,0.0,0.0,0.0,0.0438,0.0
FaceForensics/original/663.mp4,FaceForensics/original/663.mp4,original,0,0.0,0.0,0.0,0.0,0.0,0.0
FaceForensics/Deepfakes/663_231.mp4,FaceForensics/original/663.mp4,deepfakes,1,0.0,0.0481,0.0421,0.0,0.0,0.0
FaceForensics/Face2Face/663_231.mp4,FaceForensics/original/663.mp4,face2face,1,0.0,0.0561,0.0464,0.0,0.0532,0.0
FaceForensics/FaceShifter/663_231.mp4,FaceForensics/original/663.mp4,faceshifter,1,0.2154,0.1305,0.1162,0.1275,0.0544,0.0746
FaceForensics/FaceSwap/663_231.mp4,FaceForensics/original/663.mp4,faceswap,1,0.0625,0.1101,0.0728,0.0661,0.0,0.0
FaceForensics/NeuralTextures/663_231.mp4,FaceForensics/original/663.mp4,neuraltextures,1,0.0,0.0,0.0,0.0,0.0,0.0
FaceForensics/original/664.mp4,FaceForensics/original/664.mp4,original,0,0.0,0.0,0.0,0.0,0.0,0.0
FaceForensics/Deepfakes/664_668.mp4,FaceForensics/original/664.mp4,deepfakes,1,0.0,0.0423,0.0,0.0482,0.0,0.0
FaceForensics/Face2Face/664_668.mp4,FaceForensics/original/664.mp4,face2face,1,0.2771,0.0,0.0494,0.0,0.0,0.0
FaceForensics/FaceShifter/664_668.mp4,FaceForensics/original/664.mp4,faceshifter,1,0.0,0.0,0.0,0.0,0.0,0.0
FaceForensics/FaceSwap/664_668.mp4,FaceForensics/original/664.mp4,faceswap,1,0.0766,0.058,0.0,0.0644,0.048,0.0407
FaceForensics/NeuralTextures/664_668.mp4,FaceForensics/original/664.mp4,neuraltextures,1,0.0,0.0,0.0,0.0,0.0,0.0
FaceForensics/original/665.mp4,FaceForensics/original/665.mp4,original,0,0.0,0.0,0.0,0.0,0.0,0.0
FaceForensics/Deepfakes/665_679.mp4,FaceForensics/original/665.mp4,deepfakes,1,0.0,0.1635,0.0,0.0,0.0,0.0
FaceForensics/Face2Face/665_679.mp4,FaceForensics/original/665.mp4,face2face,1,0.0,0.0,0.0,0.0,0.0,0.0
FaceForensics/FaceShifter/665_679.mp4,FaceForensics/original/665.mp4,faceshifter,1,0.0,0.0498,0.0,0.0,0.0,0.0
FaceForensics/FaceSwap/665_679.mp4,FaceForensics/original/665.mp4,faceswap,1,0.0,0.0,0.0,0.0,0.0,0.0
FaceForensics/NeuralTextures/665_679.mp4,FaceForensics/original/665.mp4,neuraltextures,1,0.0,0.0,0.0,0.0,0.0,0.0
FaceForensics/original/666.mp4,FaceForensics/original/666.mp4,original,0,0.0,0.0,0.0,0.0,0.0,0.0
FaceForensics/Deepfakes/666_656.mp4,FaceForensics/original/666.mp4,deepfakes,1,0.0,0.0,0.0,0.0,0.0,0.0
FaceForensics/Face2Face/666_656.mp4,FaceForensics/original/666.mp4,face2face,1,0.0,0.0,0.0,0.0,0.0,0.0
FaceForensics/FaceShifter/666_656.mp4,FaceForensics/original/666.mp4,faceshifter,1,0.2891,0.1259,0.1597,0.1577,0.067,0.0466
FaceForensics/FaceSwap/666_656.mp4,FaceForensics/original/666.mp4,faceswap,1,0.0,0.0,0.0,0.0,0.0,0.0
FaceForensics/NeuralTextures/666_656.mp4,FaceForensics/original/666.mp4,neuraltextures,1,0.0,0.0,0.0,0.0,0.0,0.0
FaceForensics/original/667.mp4,FaceForensics/original/667.mp4,original,0,0.0,0.0,0.0,0.0,0.0,0.0
FaceForensics/Deepfakes/667_446.mp4,FaceForensics/original/667.mp4,deepfakes,1,0.1067,0.0946,0.0946,0.1628,0.0748,0.1194
FaceForensics/Face2Face/667_446.mp4,FaceForensics/original/667.mp4,face2face,1,0.0,0.0,0.0,0.0,0.0408,0.0
FaceForensics/FaceShifter/667_446.mp4,FaceForensics/original/667.mp4,faceshifter,1,0.0,0.0422,0.0,0.0,0.0,0.0
FaceForensics/FaceSwap/667_446.mp4,FaceForensics/original/667.mp4,faceswap,1,0.0,0.0663,0.0,0.0,0.0,0.0
FaceForensics/NeuralTextures/667_446.mp4,FaceForensics/original/667.mp4,neuraltextures,1,0.0,0.0,0.041,0.0535,0.0,0.0486
FaceForensics/original/668.mp4,FaceForensics/original/668.mp4,original,0,0.0,0.0,0.0,0.0,0.0,0.0
FaceForensics/Deepfakes/668_664.mp4,FaceForensics/original/668.mp4,deepfakes,1,0.0,0.0,0.0553,0.0,0.0,0.0
FaceForensics/Face2Face/668_664.mp4,FaceForensics/original/668.mp4,face2face,1,0.0,0.0,0.0,0.0,0.0,0.0
FaceForensics/FaceShifter/668_664.mp4,FaceForensics/original/668.mp4,faceshifter,1,0.1908,0.0,0.0927,0.0587,0.0,0.0
FaceForensics/FaceSwap/668_664.mp4,FaceForensics/original/668.mp4,faceswap,1,0.0,0.0,0.0,0.0,0.0,0.0
FaceForensics/NeuralTextures/668_664.mp4,FaceForensics/original/668.mp4,neuraltextures,1,0.0,0.0,0.0,0.0,0.0,0.0
FaceForensics/original/669.mp4,FaceForensics/original/669.mp4,original,0,0.0,0.0,0.0,0.0,0.0,0.0
FaceForensics/Deepfakes/669_682.mp4,FaceForensics/original/669.mp4,deepfakes,1,0.2408,0.1183,0.0427,0.0929,0.0,0.0655
FaceForensics/Face2Face/669_682.mp4,FaceForensics/original/669.mp4,face2face,1,0.1186,0.0,0.0,0.0,0.0,0.0
FaceForensics/FaceShifter/669_682.mp4,FaceForensics/original/669.mp4,faceshifter,1,0.084,0.0,0.0488,0.0684,0.0,0.0
FaceForensics/FaceSwap/669_682.mp4,FaceForensics/original/669.mp4,faceswap,1,0.1644,0.0862,0.0,0.0636,0.0,0.0
FaceForensics/NeuralTextures/669_682.mp4,FaceForensics/original/669.mp4,neuraltextures,1,0.0,0.0,0.0,0.0,0.0,0.0
FaceForensics/original/670.mp4,FaceForensics/original/670.mp4,original,0,0.0,0.0,0.0,0.0,0.0,0.0
FaceForensics/Deepfakes/670_661.mp4,FaceForensics/original/670.mp4,deepfakes,1,0.0,0.0402,0.0,0.0,0.0417,0.0
FaceForensics/Face2Face/670_661.mp4,FaceForensics/original/670.mp4,face2face,1,0.0,0.0,0.0,0.0,0.0,0.0
FaceForensics/FaceShifter/670_661.mp4,FaceForensics/original/670.mp4,faceshifter,1,0.2799,0.0803,0.1833,0.1468,0.0828,0.0675
FaceForensics/FaceSwap/670_661.mp4,FaceForensics/original/670.mp4,faceswap,1,0.0,0.1471,0.0736,0.0456,0.0803,0.0
FaceForensics/NeuralTextures/670_661.mp4,FaceForensics/original/670.mp4,neuraltextures,1,0.0,0.0,0.0,0.0,0.0,0.0
FaceForensics/original/671.mp4,FaceForensics/original/671.mp4,original,0,0.0,0.0,0.0,0.0,0.0,0.0
FaceForensics/Deepfakes/671_677.mp4,FaceForensics/original/671.mp4,deepfakes,1,0.0677,0.1178,0.0757,0.1392,0.1019,0.0583
FaceForensics/Face2Face/671_677.mp4,FaceForensics/original/671.mp4,face2face,1,0.1931,0.0672,0.0724,0.0643,0.1189,0.097
FaceForensics/FaceShifter/671_677.mp4,FaceForensics/original/671.mp4,faceshifter,1,0.0675,0.0,0.0,0.0,0.0,0.0
FaceForensics/FaceSwap/671_677.mp4,FaceForensics/original/671.mp4,faceswap,1,0.1026,0.0805,0.0517,0.0,0.0,0.0
FaceForensics/NeuralTextures/671_677.mp4,FaceForensics/original/671.mp4,neuraltextures,1,0.0,0.0,0.0,0.0,0.0,0.0
FaceForensics/original/672.mp4,FaceForensics/original/672.mp4,original,0,0.0,0.0,0.0,0.0,0.0,0.0
FaceForensics/Deepfakes/672_720.mp4,FaceForensics/original/672.mp4,deepfakes,1,0.0,0.0,0.0,0.0,0.0,0.0
FaceForensics/Face2Face/672_720.mp4,FaceForensics/original/672.mp4,face2face,1,0.0756,0.0623,0.0402,0.0791,0.0481,0.063
FaceForensics/FaceShifter/672_720.mp4,FaceForensics/original/672.mp4,faceshifter,1,0.2285,0.0612,0.1155,0.1045,0.0408,0.0
FaceForensics/FaceSwap/672_720.mp4,FaceForensics/original/672.mp4,faceswap,1,0.0,0.0,0.0,0.0,0.0,0.0
FaceForensics/NeuralTextures/672_720.mp4,FaceForensics/original/672.mp4,neuraltextures,1,0.0419,0.0,0.0,0.0,0.0,0.0
FaceForensics/original/673.mp4,FaceForensics/original/673.mp4,original,0,0.0,0.0,0.0,0.0,0.0,0.0
FaceForensics/Deepfakes/673_728.mp4,FaceForensics/original/673.mp4,deepfakes,1,0.0,0.0,0.0,0.0,0.0,0.0417
FaceForensics/Face2Face/673_728.mp4,FaceForensics/original/673.mp4,face2face,1,0.0,0.0,0.0475,0.0619,0.0476,0.0
FaceForensics/FaceShifter/673_728.mp4,FaceForensics/original/673.mp4,faceshifter,1,0.5249,0.1512,0.3261,0.276,0.1705,0.1004
FaceForensics/FaceSwap/673_728.mp4,FaceForensics/original/673.mp4,faceswap,1,0.0,0.0,0.0,0.0,0.0626,0.0
FaceForensics/NeuralTextures/673_728.mp4,FaceForensics/original/673.mp4,neuraltextures,1,0.0,0.0,0.0,0.0,0.0,0.0
FaceForensics/original/674.mp4,FaceForensics/original/674.mp4,original,0,0.0,0.0,0.0,0.0,0.0,0.0
FaceForensics/Deepfakes/674_744.mp4,FaceForensics/original/674.mp4,deepfakes,1,0.052,0.0,0.0,0.0,0.0,0.0
FaceForensics/Face2Face/674_744.mp4,FaceForensics/original/674.mp4,face2face,1,0.0,0.0,0.0,0.0,0.0,0.0
FaceForensics/FaceShifter/674_744.mp4,FaceForensics/original/674.mp4,faceshifter,1,0.2736,0.0896,0.1218,0.1444,0.048,0.0475
FaceForensics/FaceSwap/674_744.mp4,FaceForensics/original/674.mp4,faceswap,1,0.0647,0.0751,0.0479,0.054,0.0,0.0
FaceForensics/NeuralTextures/674_744.mp4,FaceForensics/original/674.mp4,neuraltextures,1,0.0,0.0,0.0,0.0,0.0,0.0
FaceForensics/original/675.mp4,FaceForensics/original/675.mp4,original,0,0.0,0.0,0.0,0.0,0.0,0.0
FaceForensics/Deepfakes/675_608.mp4,FaceForensics/original/675.mp4,deepfakes,1,0.0,0.0,0.0,0.0,0.0,0.0
FaceForensics/Face2Face/675_608.mp4,FaceForensics/original/675.mp4,face2face,1,0.0,0.0,0.0,0.0442,0.0,0.0
FaceForensics/FaceShifter/675_608.mp4,FaceForensics/original/675.mp4,faceshifter,1,0.0604,0.0,0.0401,0.0766,0.0441,0.0
FaceForensics/FaceSwap/675_608.mp4,FaceForensics/original/675.mp4,faceswap,1,0.0524,0.0,0.0492,0.0631,0.0,0.0
FaceForensics/NeuralTextures/675_608.mp4,FaceForensics/original/675.mp4,neuraltextures,1,0.0455,0.0,0.0,0.0487,0.0,0.0
FaceForensics/original/676.mp4,FaceForensics/original/676.mp4,original,0,0.0,0.0,0.0,0.0,0.0,0.0
FaceForensics/Deepfakes/676_776.mp4,FaceForensics/original/676.mp4,deepfakes,1,0.1268,0.0467,0.0676,0.0455,0.0,0.0481
FaceForensics/Face2Face/676_776.mp4,FaceForensics/original/676.mp4,face2face,1,0.14,0.0,0.0961,0.0,0.0,0.0629
FaceForensics/FaceShifter/676_776.mp4,FaceForensics/original/676.mp4,faceshifter,1,0.0815,0.0,0.1594,0.0,0.0,0.0865
FaceForensics/FaceSwap/676_776.mp4,FaceForensics/original/676.mp4,faceswap,1,0.2527,0.1199,0.112,0.131,0.0,0.0879
FaceForensics/NeuralTextures/676_776.mp4,FaceForensics/original/676.mp4,neuraltextures,1,0.0,0.0,0.0,0.0,0.0,0.0
FaceForensics/original/677.mp4,FaceForensics/original/677.mp4,original,0,0.0,0.0,0.0,0.0,0.0,0.0
FaceForensics/Deepfakes/677_671.mp4,FaceForensics/original/677.mp4,deepfakes,1,0.1743,0.0,0.0,0.0,0.0413,0.0
FaceForensics/Face2Face/677_671.mp4,FaceForensics/original/677.mp4,face2face,1,0.0663,0.0,0.0,0.0,0.0528,0.0
FaceForensics/FaceShifter/677_671.mp4,FaceForensics/original/677.mp4,faceshifter,1,0.158,0.0,0.0,0.0,0.0863,0.0
FaceForensics/FaceSwap/677_671.mp4,FaceForensics/original/677.mp4,faceswap,1,0.0577,0.0584,0.0,0.0692,0.081,0.0
FaceForensics/NeuralTextures/677_671.mp4,FaceForensics/original/677.mp4,neuraltextures,1,0.0497,0.0,0.0,0.0,0.0,0.0
FaceForensics/original/678.mp4,FaceForensics/original/678.mp4,original,0,0.0,0.0,0.0,0.0,0.0,0.0
FaceForensics/Deepfakes/678_460.mp4,FaceForensics/original/678.mp4,deepfakes,1,0.0553,0.1884,0.0,0.0528,0.0456,0.0663
FaceForensics/Face2Face/678_460.mp4,FaceForensics/original/678.mp4,face2face,1,0.0683,0.0,0.0504,0.0,0.0,0.0
FaceForensics/FaceShifter/678_460.mp4,FaceForensics/original/678.mp4,faceshifter,1,0.0709,0.0,0.0,0.0,0.0,0.0
FaceForensics/FaceSwap/678_460.mp4,FaceForensics/original/678.mp4,faceswap,1,0.0,0.0,0.0,0.0,0.0,0.0
FaceForensics/NeuralTextures/678_460.mp4,FaceForensics/original/678.mp4,neuraltextures,1,0.0,0.0,0.0,0.0,0.0,0.0
FaceForensics/original/679.mp4,FaceForensics/original/679.mp4,original,0,0.0,0.0,0.0,0.0,0.0,0.0
FaceForensics/Deepfakes/679_665.mp4,FaceForensics/original/679.mp4,deepfakes,1,0.1341,0.2249,0.3237,0.1963,0.0957,0.1353
FaceForensics/Face2Face/679_665.mp4,FaceForensics/original/679.mp4,face2face,1,0.0727,0.0,0.0,0.0,0.0,0.0
FaceForensics/FaceShifter/679_665.mp4,FaceForensics/original/679.mp4,faceshifter,1,0.2155,0.0703,0.0941,0.0965,0.0818,0.0653
FaceForensics/FaceSwap/679_665.mp4,FaceForensics/original/679.mp4,faceswap,1,0.0896,0.129,0.0,0.04,0.0,0.0535
FaceForensics/NeuralTextures/679_665.mp4,FaceForensics/original/679.mp4,neuraltextures,1,0.0,0.0,0.0,0.0,0.0,0.0
FaceForensics/original/680.mp4,FaceForensics/original/680.mp4,original,0,0.0,0.0,0.0,0.0,0.0,0.0
FaceForensics/Deepfakes/680_486.mp4,FaceForensics/original/680.mp4,deepfakes,1,0.0964,0.0646,0.0816,0.0848,0.048,0.0534
FaceForensics/Face2Face/680_486.mp4,FaceForensics/original/680.mp4,face2face,1,0.0,0.0,0.0,0.0,0.0,0.0
FaceForensics/FaceShifter/680_486.mp4,FaceForensics/original/680.mp4,faceshifter,1,0.4134,0.1222,0.0813,0.0,0.0,0.0
FaceForensics/FaceSwap/680_486.mp4,FaceForensics/original/680.mp4,faceswap,1,0.1481,0.1176,0.1478,0.1214,0.0777,0.1248
FaceForensics/NeuralTextures/680_486.mp4,FaceForensics/original/680.mp4,neuraltextures,1,0.0707,0.0441,0.0481,0.0481,0.0,0.0424
FaceForensics/original/681.mp4,FaceForensics/original/681.mp4,original,0,0.0,0.0,0.0,0.0,0.0,0.0
FaceForensics/Deepfakes/681_711.mp4,FaceForensics/original/681.mp4,deepfakes,1,0.0405,0.0434,0.0,0.0,0.0,0.0
FaceForensics/Face2Face/681_711.mp4,FaceForensics/original/681.mp4,face2face,1,0.0531,0.0,0.0,0.0,0.0593,0.0
FaceForensics/FaceShifter/681_711.mp4,FaceForensics/original/681.mp4,faceshifter,1,0.1765,0.0,0.0773,0.0831,0.0,0.0
FaceForensics/FaceSwap/681_711.mp4,FaceForensics/original/681.mp4,faceswap,1,0.0531,0.0853,0.0,0.0,0.0,0.0
FaceForensics/NeuralTextures/681_711.mp4,FaceForensics/original/681.mp4,neuraltextures,1,0.0546,0.0,0.0,0.0,0.0,0.0
FaceForensics/original/682.mp4,FaceForensics/original/682.mp4,original,0,0.0,0.0,0.0,0.0,0.0,0.0
FaceForensics/Deepfakes/682_669.mp4,FaceForensics/original/682.mp4,deepfakes,1,0.0467,0.0,0.0526,0.0666,0.0,0.0
FaceForensics/Face2Face/682_669.mp4,FaceForensics/original/682.mp4,face2face,1,0.0816,0.0,0.0426,0.0518,0.0,0.0
FaceForensics/FaceShifter/682_669.mp4,FaceForensics/original/682.mp4,faceshifter,1,0.287,0.0904,0.1955,0.1674,0.0452,0.0
FaceForensics/FaceSwap/682_669.mp4,FaceForensics/original/682.mp4,faceswap,1,0.0448,0.0,0.0,0.0432,0.0,0.0
FaceForensics/NeuralTextures/682_669.mp4,FaceForensics/original/682.mp4,neuraltextures,1,0.0513,0.0,0.0,0.0,0.0448,0.0
FaceForensics/original/683.mp4,FaceForensics/original/683.mp4,original,0,0.0,0.0,0.0,0.0,0.0,0.0
FaceForensics/Deepfakes/683_607.mp4,FaceForensics/original/683.mp4,deepfakes,1,0.0,0.1262,0.0,0.0,0.0,0.0
FaceForensics/Face2Face/683_607.mp4,FaceForensics/original/683.mp4,face2face,1,0.0,0.0,0.0,0.0,0.0,0.0
FaceForensics/FaceShifter/683_607.mp4,FaceForensics/original/683.mp4,faceshifter,1,0.065,0.0889,0.0,0.0,0.0,0.0
FaceForensics/FaceSwap/683_607.mp4,FaceForensics/original/683.mp4,faceswap,1,0.0644,0.1004,0.0,0.0505,0.0407,0.0
FaceForensics/NeuralTextures/683_607.mp4,FaceForensics/original/683.mp4,neuraltextures,1,0.0,0.0,0.0,0.0,0.0,0.0
FaceForensics/original/684.mp4,FaceForensics/original/684.mp4,original,0,0.0,0.0,0.0,0.0,0.0,0.0
FaceForensics/Deepfakes/684_717.mp4,FaceForensics/original/684.mp4,deepfakes,1,0.0887,0.0,0.0,0.0,0.0,0.0
FaceForensics/Face2Face/684_717.mp4,FaceForensics/original/684.mp4,face2face,1,0.0,0.0,0.0,0.0,0.0,0.0
FaceForensics/FaceShifter/684_717.mp4,FaceForensics/original/684.mp4,faceshifter,1,0.0832,0.0,0.0,0.0,0.0565,0.0
FaceForensics/FaceSwap/684_717.mp4,FaceForensics/original/684.mp4,faceswap,1,0.0,0.0,0.0,0.0,0.0,0.0
FaceForensics/NeuralTextures/684_717.mp4,FaceForensics/original/684.mp4,neuraltextures,1,0.0,0.0,0.0,0.0,0.0,0.0
FaceForensics/original/685.mp4,FaceForensics/original/685.mp4,original,0,0.0,0.0,0.0,0.0,0.0,0.0
FaceForensics/Deepfakes/685_613.mp4,FaceForensics/original/685.mp4,deepfakes,1,0.0,0.0,0.0425,0.0,0.0,0.0
FaceForensics/Face2Face/685_613.mp4,FaceForensics/original/685.mp4,face2face,1,0.0,0.0,0.0,0.0,0.0,0.0
FaceForensics/FaceShifter/685_613.mp4,FaceForensics/original/685.mp4,faceshifter,1,0.1794,0.0454,0.114,0.1628,0.0637,0.0405
FaceForensics/FaceSwap/685_613.mp4,FaceForensics/original/685.mp4,faceswap,1,0.223,0.1021,0.0,0.0708,0.0,0.0
FaceForensics/NeuralTextures/685_613.mp4,FaceForensics/original/685.mp4,neuraltextures,1,0.0,0.0,0.0,0.0,0.0,0.0
FaceForensics/original/686.mp4,FaceForensics/original/686.mp4,original,0,0.0,0.0,0.0,0.0,0.0,0.0
FaceForensics/Deepfakes/686_696.mp4,FaceForensics/original/686.mp4,deepfakes,1,0.0,0.0,0.0,0.0,0.0,0.0
FaceForensics/Face2Face/686_696.mp4,FaceForensics/original/686.mp4,face2face,1,0.0,0.0,0.0,0.0,0.0,0.0
FaceForensics/FaceShifter/686_696.mp4,FaceForensics/original/686.mp4,faceshifter,1,0.0,0.0,0.0,0.0,0.0,0.0
FaceForensics/FaceSwap/686_696.mp4,FaceForensics/original/686.mp4,faceswap,1,0.0,0.0628,0.0,0.0,0.0,0.0
FaceForensics/NeuralTextures/686_696.mp4,FaceForensics/original/686.mp4,neuraltextures,1,0.0,0.0,0.0,0.0,0.0,0.0
FaceForensics/original/687.mp4,FaceForensics/original/687.mp4,original,0,0.0,0.0,0.0,0.0,0.0,0.0
FaceForensics/Deepfakes/687_615.mp4,FaceForensics/original/687.mp4,deepfakes,1,0.0813,0.0,0.0,0.0535,0.0,0.0
FaceForensics/Face2Face/687_615.mp4,FaceForensics/original/687.mp4,face2face,1,0.0897,0.0,0.0,0.0656,0.046,0.0
FaceForensics/FaceShifter/687_615.mp4,FaceForensics/original/687.mp4,faceshifter,1,0.1932,0.0634,0.1177,0.0598,0.0601,0.0
FaceForensics/FaceSwap/687_615.mp4,FaceForensics/original/687.mp4,faceswap,1,0.0899,0.0,0.0631,0.0608,0.0,0.043
FaceForensics/NeuralTextures/687_615.mp4,FaceForensics/original/687.mp4,neuraltextures,1,0.0,0.0,0.0,0.0,0.0,0.0
FaceForensics/original/688.mp4,FaceForensics/original/688.mp4,original,0,0.0,0.0,0.0,0.0,0.0,0.0
FaceForensics/Deepfakes/688_645.mp4,FaceForensics/original/688.mp4,deepfakes,1,0.0,0.0,0.0,0.0,0.0,0.0
FaceForensics/Face2Face/688_645.mp4,FaceForensics/original/688.mp4,face2face,1,0.073,0.0,0.0,0.0,0.0,0.0
FaceForensics/FaceShifter/688_645.mp4,FaceForensics/original/688.mp4,faceshifter,1,0.0659,0.0,0.0,0.0,0.0,0.0
FaceForensics/FaceSwap/688_645.mp4,FaceForensics/original/688.mp4,faceswap,1,0.0403,0.0,0.0,0.0,0.0,0.0
FaceForensics/NeuralTextures/688_645.mp4,FaceForensics/original/688.mp4,neuraltextures,1,0.0,0.0,0.0,0.0,0.0,0.0
FaceForensics/original/689.mp4,FaceForensics/original/689.mp4,original,0,0.0,0.0,0.0,0.0,0.0,0.0
FaceForensics/Deepfakes/689_690.mp4,FaceForensics/original/689.mp4,deepfakes,1,0.0,0.0,0.0,0.0,0.0,0.0
FaceForensics/Face2Face/689_690.mp4,FaceForensics/original/689.mp4,face2face,1,0.1363,0.0,0.0,0.0,0.0,0.0
FaceForensics/FaceShifter/689_690.mp4,FaceForensics/original/689.mp4,faceshifter,1,0.0653,0.0,0.1439,0.0835,0.0,0.0
FaceForensics/FaceSwap/689_690.mp4,FaceForensics/original/689.mp4,faceswap,1,0.0,0.0,0.0,0.0,0.0404,0.0
FaceForensics/NeuralTextures/689_690.mp4,FaceForensics/original/689.mp4,neuraltextures,1,0.0,0.0,0.0,0.0,0.0,0.0
FaceForensics/original/690.mp4,FaceForensics/original/690.mp4,original,0,0.0,0.0,0.0,0.0,0.0,0.0
FaceForensics/Deepfakes/690_689.mp4,FaceForensics/original/690.mp4,deepfakes,1,0.2074,0.4326,0.2292,0.2911,0.1095,0.1628
FaceForensics/Face2Face/690_689.mp4,FaceForensics/original/690.mp4,face2face,1,0.0,0.0,0.0,0.0,0.0,0.0
FaceForensics/FaceShifter/690_689.mp4,FaceForensics/original/690.mp4,faceshifter,1,0.0,0.0412,0.0,0.0,0.0,0.0
FaceForensics/FaceSwap/690_689.mp4,FaceForensics/original/690.mp4,faceswap,1,0.2204,0.2286,0.1377,0.1188,0.054,0.086
FaceForensics/NeuralTextures/690_689.mp4,FaceForensics/original/690.mp4,neuraltextures,1,0.0,0.0,0.0,0.0494,0.0,0.0
FaceForensics/original/691.mp4,FaceForensics/original/691.mp4,original,0,0.0,0.0,0.0,0.0,0.0,0.0
FaceForensics/Deepfakes/691_732.mp4,FaceForensics/original/691.mp4,deepfakes,1,0.0,0.0,0.0,0.0,0.0,0.0
FaceForensics/Face2Face/691_732.mp4,FaceForensics/original/691.mp4,face2face,1,0.0,0.0,0.0,0.0,0.0,0.0
FaceForensics/FaceShifter/691_732.mp4,FaceForensics/original/691.mp4,faceshifter,1,0.2038,0.0,0.0979,0.1232,0.0,0.0
FaceForensics/FaceSwap/691_732.mp4,FaceForensics/original/691.mp4,faceswap,1,0.0593,0.0,0.0886,0.0709,0.0,0.0583
FaceForensics/NeuralTextures/691_732.mp4,FaceForensics/original/691.mp4,neuraltextures,1,0.0,0.0,0.0446,0.0,0.0,0.0
FaceForensics/original/692.mp4,FaceForensics/original/692.mp4,original,0,0.0,0.0,0.0,0.0,0.0,0.0
FaceForensics/Deepfakes/692_610.mp4,FaceForensics/original/692.mp4,deepfakes,1,0.041,0.0,0.3688,0.3273,0.0849,0.1277
FaceForensics/Face2Face/692_610.mp4,FaceForensics/original/692.mp4,face2face,1,0.1647,0.0,0.1608,0.0,0.2054,0.0846
FaceForensics/FaceShifter/692_610.mp4,FaceForensics/original/692.mp4,faceshifter,1,0.0529,0.0,0.0472,0.0755,0.0,0.0415
FaceForensics/FaceSwap/692_610.mp4,FaceForensics/original/692.mp4,faceswap,1,0.0541,0.0835,0.0,0.043,0.081,0.0559
FaceForensics/NeuralTextures/692_610.mp4,FaceForensics/original/692.mp4,neuraltextures,1,0.0486,0.0,0.0,0.0,0.0,0.0
FaceForensics/original/693.mp4,FaceForensics/original/693.mp4,original,0,0.0,0.0,0.0,0.0,0.0,0.0
FaceForensics/Deepfakes/693_698.mp4,FaceForensics/original/693.mp4,deepfakes,1,0.0,0.0432,0.0,0.0,0.0,0.0
FaceForensics/Face2Face/693_698.mp4,FaceForensics/original/693.mp4,face2face,1,0.2955,0.0,0.0,0.0,0.0,0.0
FaceForensics/FaceShifter/693_698.mp4,FaceForensics/original/693.mp4,faceshifter,1,0.4418,0.0762,0.2367,0.0824,0.0,0.0
FaceForensics/FaceSwap/693_698.mp4,FaceForensics/original/693.mp4,faceswap,1,0.2318,0.2111,0.0604,0.0,0.0536,0.0615
FaceForensics/NeuralTextures/693_698.mp4,FaceForensics/original/693.mp4,neuraltextures,1,0.1169,0.0,0.0,0.0,0.0,0.0
FaceForensics/original/694.mp4,FaceForensics/original/694.mp4,original,0,0.0,0.0,0.0,0.0,0.0,0.0
FaceForensics/Deepfakes/694_767.mp4,FaceForensics/original/694.mp4,deepfakes,1,0.2377,0.7048,0.0,0.0671,0.0,0.0
FaceForensics/Face2Face/694_767.mp4,FaceForensics/original/694.mp4,face2face,1,0.045,0.0,0.0,0.0,0.0,0.0
FaceForensics/FaceShifter/694_767.mp4,FaceForensics/original/694.mp4,faceshifter,1,0.0,0.0536,0.0,0.0,0.0,0.0
FaceForensics/FaceSwap/694_767.mp4,FaceForensics/original/694.mp4,faceswap,1,0.045,0.1408,0.0,0.0,0.0,0.0
FaceForensics/NeuralTextures/694_767.mp4,FaceForensics/original/694.mp4,neuraltextures,1,0.0,0.0,0.0,0.0,0.0,0.0
FaceForensics/original/695.mp4,FaceForensics/original/695.mp4,original,0,0.0,0.0,0.0,0.0,0.0,0.0
FaceForensics/Deepfakes/695_422.mp4,FaceForensics/original/695.mp4,deepfakes,1,0.2532,0.0414,0.0,0.0,0.0,0.0
FaceForensics/Face2Face/695_422.mp4,FaceForensics/original/695.mp4,face2face,1,0.1359,0.0,0.0,0.0,0.0,0.0
FaceForensics/FaceShifter/695_422.mp4,FaceForensics/original/695.mp4,faceshifter,1,0.2281,0.0459,0.0,0.0,0.0,0.0
FaceForensics/FaceSwap/695_422.mp4,FaceForensics/original/695.mp4,faceswap,1,0.1291,0.0736,0.0,0.0,0.0,0.0
FaceForensics/NeuralTextures/695_422.mp4,FaceForensics/original/695.mp4,neuraltextures,1,0.1638,0.0473,0.0,0.0,0.0,0.0
FaceForensics/original/696.mp4,FaceForensics/original/696.mp4,original,0,0.0,0.0,0.0,0.0,0.0,0.0
FaceForensics/Deepfakes/696_686.mp4,FaceForensics/original/696.mp4,deepfakes,1,0.0503,0.0724,0.0992,0.1027,0.0554,0.0754
FaceForensics/Face2Face/696_686.mp4,FaceForensics/original/696.mp4,face2face,1,0.0639,0.0,0.0,0.0,0.0,0.0
FaceForensics/FaceShifter/696_686.mp4,FaceForensics/original/696.mp4,faceshifter,1,0.3744,0.0995,0.2818,0.1847,0.1158,0.061
FaceForensics/FaceSwap/696_686.mp4,FaceForensics/original/696.mp4,faceswap,1,0.0573,0.0491,0.0829,0.091,0.0598,0.0
FaceForensics/NeuralTextures/696_686.mp4,FaceForensics/original/696.mp4,neuraltextures,1,0.1083,0.0,0.0656,0.042,0.0,0.0
FaceForensics/original/697.mp4,FaceForensics/original/697.mp4,original,0,0.0,0.0,0.0,0.0,0.0,0.0
FaceForensics/Deepfakes/697_581.mp4,FaceForensics/original/697.mp4,deepfakes,1,0.0,0.0,0.0411,0.0,0.0,0.0
FaceForensics/Face2Face/697_581.mp4,FaceForensics/original/697.mp4,face2face,1,0.0,0.0,0.0,0.0,0.0,0.0
FaceForensics/FaceShifter/697_581.mp4,FaceForensics/original/697.mp4,faceshifter,1,0.282,0.043,0.0698,0.0678,0.0,0.0
FaceForensics/FaceSwap/697_581.mp4,FaceForensics/original/697.mp4,faceswap,1,0.0679,0.05,0.0,0.054,0.0,0.0
FaceForensics/NeuralTextures/697_581.mp4,FaceForensics/original/697.mp4,neuraltextures,1,0.0,0.0,0.0,0.0,0.0,0.0
FaceForensics/original/698.mp4,FaceForensics/original/698.mp4,original,0,0.0,0.0,0.0,0.0,0.0,0.0
FaceForensics/Deepfakes/698_693.mp4,FaceForensics/original/698.mp4,deepfakes,1,0.0,0.0,0.0,0.0,0.0537,0.0
FaceForensics/Face2Face/698_693.mp4,FaceForensics/original/698.mp4,face2face,1,0.0,0.0,0.0,0.0,0.0,0.0
FaceForensics/FaceShifter/698_693.mp4,FaceForensics/original/698.mp4,faceshifter,1,0.0,0.0,0.0571,0.0618,0.0445,0.0561
FaceForensics/FaceSwap/698_693.mp4,FaceForensics/original/698.mp4,faceswap,1,0.0,0.0,0.0,0.0,0.0,0.0
FaceForensics/NeuralTextures/698_693.mp4,FaceForensics/original/698.mp4,neuraltextures,1,0.0,0.0,0.0,0.0,0.0,0.0
FaceForensics/original/699.mp4,FaceForensics/original/699.mp4,original,0,0.0,0.0,0.0,0.0,0.0,0.0
FaceForensics/Deepfakes/699_734.mp4,FaceForensics/original/699.mp4,deepfakes,1,0.0,0.103,0.0,0.0,0.0693,0.0411
FaceForensics/Face2Face/699_734.mp4,FaceForensics/original/699.mp4,face2face,1,0.0,0.0,0.0,0.0,0.0484,0.0
FaceForensics/FaceShifter/699_734.mp4,FaceForensics/original/699.mp4,faceshifter,1,0.2856,0.1613,0.198,0.1563,0.1221,0.0
FaceForensics/FaceSwap/699_734.mp4,FaceForensics/original/699.mp4,faceswap,1,0.069,0.1075,0.0,0.0504,0.0643,0.0
FaceForensics/NeuralTextures/699_734.mp4,FaceForensics/original/699.mp4,neuraltextures,1,0.0,0.0,0.0,0.0,0.0,0.0
FaceForensics/original/700.mp4,FaceForensics/original/700.mp4,original,0,0.0,0.0,0.0,0.0,0.0,0.0
FaceForensics/Deepfakes/700_813.mp4,FaceForensics/original/700.mp4,deepfakes,1,0.1789,0.2556,0.2974,0.1957,0.1069,0.1116
FaceForensics/Face2Face/700_813.mp4,FaceForensics/original/700.mp4,face2face,1,0.0,0.0,0.0,0.0,0.0,0.0
FaceForensics/FaceShifter/700_813.mp4,FaceForensics/original/700.mp4,faceshifter,1,0.0772,0.0542,0.0,0.0,0.0,0.0
FaceForensics/FaceSwap/700_813.mp4,FaceForensics/original/700.mp4,faceswap,1,0.1272,0.1669,0.0,0.0,0.0,0.0
FaceForensics/NeuralTextures/700_813.mp4,FaceForensics/original/700.mp4,neuraltextures,1,0.0,0.0,0.0,0.0,0.0,0.0
FaceForensics/original/701.mp4,FaceForensics/original/701.mp4,original,0,0.0,0.0,0.0,0.0,0.0,0.0
FaceForensics/Deepfakes/701_579.mp4,FaceForensics/original/701.mp4,deepfakes,1,0.0624,0.0,0.0,0.0475,0.0,0.0
FaceForensics/Face2Face/701_579.mp4,FaceForensics/original/701.mp4,face2face,1,0.0,0.0554,0.0,0.0,0.0,0.0
FaceForensics/FaceShifter/701_579.mp4,FaceForensics/original/701.mp4,faceshifter,1,0.3179,0.0868,0.137,0.1406,0.056,0.0836
FaceForensics/FaceSwap/701_579.mp4,FaceForensics/original/701.mp4,faceswap,1,0.1429,0.1191,0.0526,0.0655,0.0,0.0407
FaceForensics/NeuralTextures/701_579.mp4,FaceForensics/original/701.mp4,neuraltextures,1,0.0,0.0,0.0,0.0,0.0,0.0
FaceForensics/original/702.mp4,FaceForensics/original/702.mp4,original,0,0.0,0.0,0.0,0.0,0.0,0.0
FaceForensics/Deepfakes/702_612.mp4,FaceForensics/original/702.mp4,deepfakes,1,0.0,0.0,0.0448,0.0,0.0,0.0
FaceForensics/Face2Face/702_612.mp4,FaceForensics/original/702.mp4,face2face,1,0.0,0.0,0.0,0.0,0.0,0.0
FaceForensics/FaceShifter/702_612.mp4,FaceForensics/original/702.mp4,faceshifter,1,0.4199,0.1505,0.1994,0.2369,0.0562,0.1308
FaceForensics/FaceSwap/702_612.mp4,FaceForensics/original/702.mp4,faceswap,1,0.0794,0.0698,0.0,0.054,0.0,0.0
FaceForensics/NeuralTextures/702_612.mp4,FaceForensics/original/702.mp4,neuraltextures,1,0.0,0.0,0.0,0.0,0.0,0.0
FaceForensics/original/703.mp4,FaceForensics/original/703.mp4,original,0,0.0,0.0,0.0,0.0,0.0,0.0
FaceForensics/Deepfakes/703_604.mp4,FaceForensics/original/703.mp4,deepfakes,1,0.3705,0.1615,0.0628,0.0981,0.0422,0.0
FaceForensics/Face2Face/703_604.mp4,FaceForensics/original/703.mp4,face2face,1,0.0664,0.0,0.0,0.0,0.0,0.0
FaceForensics/FaceShifter/703_604.mp4,FaceForensics/original/703.mp4,faceshifter,1,0.2104,0.0485,0.0484,0.0,0.0,0.0
FaceForensics/FaceSwap/703_604.mp4,FaceForensics/original/703.mp4,faceswap,1,0.1544,0.3115,0.0,0.0631,0.1795,0.0692
FaceForensics/NeuralTextures/703_604.mp4,FaceForensics/original/703.mp4,neuraltextures,1,0.0511,0.0,0.0,0.0,0.0,0.0
FaceForensics/original/704.mp4,FaceForensics/original/704.mp4,original,0,0.0,0.0,0.0,0.0,0.0,0.0
FaceForensics/Deepfakes/704_723.mp4,FaceForensics/original/704.mp4,deepfakes,1,0.0,0.0,0.0,0.0,0.0,0.0
FaceForensics/Face2Face/704_723.mp4,FaceForensics/original/704.mp4,face2face,1,0.0,0.0,0.0,0.0,0.0,0.0
FaceForensics/FaceShifter/704_723.mp4,FaceForensics/original/704.mp4,faceshifter,1,0.1507,0.0557,0.1589,0.0799,0.0775,0.0
FaceForensics/FaceSwap/704_723.mp4,FaceForensics/original/704.mp4,faceswap,1,0.0,0.0,0.0,0.0,0.0,0.0
FaceForensics/NeuralTextures/704_723.mp4,FaceForensics/original/704.mp4,neuraltextures,1,0.0,0.0,0.0555,0.0425,0.0,0.0
FaceForensics/original/705.mp4,FaceForensics/original/705.mp4,original,0,0.0,0.0,0.0,0.0,0.0,0.0
FaceForensics/Deepfakes/705_707.mp4,FaceForensics/original/705.mp4,deepfakes,1,0.0,0.0,0.0,0.0,0.0,0.0
FaceForensics/Face2Face/705_707.mp4,FaceForensics/original/705.mp4,face2face,1,0.0,0.0,0.0,0.0,0.0,0.0
FaceForensics/FaceShifter/705_707.mp4,FaceForensics/original/705.mp4,faceshifter,1,0.3427,0.1071,0.2152,0.176,0.0439,0.0725
FaceForensics/FaceSwap/705_707.mp4,FaceForensics/original/705.mp4,faceswap,1,0.0537,0.0,0.0,0.0,0.0,0.0
FaceForensics/NeuralTextures/705_707.mp4,FaceForensics/original/705.mp4,neuraltextures,1,0.0,0.0,0.0499,0.0466,0.0,0.0589
FaceForensics/original/706.mp4,FaceForensics/original/706.mp4,original,0,0.0,0.0,0.0,0.0,0.0,0.0
FaceForensics/Deepfakes/706_479.mp4,FaceForensics/original/706.mp4,deepfakes,1,0.1342,0.0408,0.0,0.0,0.0469,0.0
FaceForensics/Face2Face/706_479.mp4,FaceForensics/original/706.mp4,face2face,1,0.0641,0.0,0.0,0.0,0.0439,0.0
FaceForensics/FaceShifter/706_479.mp4,FaceForensics/original/706.mp4,faceshifter,1,0.0886,0.0,0.0,0.0,0.0,0.0
FaceForensics/FaceSwap/706_479.mp4,FaceForensics/original/706.mp4,faceswap,1,0.0847,0.0,0.0,0.0,0.0,0.0
FaceForensics/NeuralTextures/706_479.mp4,FaceForensics/original/706.mp4,neuraltextures,1,0.0516,0.0,0.0,0.0,0.0,0.0
FaceForensics/original/707.mp4,FaceForensics/original/707.mp4,original,0,0.0,0.0,0.0,0.0,0.0,0.0
FaceForensics/Deepfakes/707_705.mp4,FaceForensics/original/707.mp4,deepfakes,1,0.0,0.0,0.0463,0.0,0.0,0.0404
FaceForensics/Face2Face/707_705.mp4,FaceForensics/original/707.mp4,face2face,1,0.0,0.0,0.0,0.0409,0.0,0.0
FaceForensics/FaceShifter/707_705.mp4,FaceForensics/original/707.mp4,faceshifter,1,0.3919,0.1487,0.2718,0.2522,0.1126,0.0838
FaceForensics/FaceSwap/707_705.mp4,FaceForensics/original/707.mp4,faceswap,1,0.0644,0.0472,0.0,0.0,0.0,0.0
FaceForensics/NeuralTextures/707_705.mp4,FaceForensics/original/707.mp4,neuraltextures,1,0.077,0.0,0.0,0.0,0.0,0.0
FaceForensics/original/708.mp4,FaceForensics/original/708.mp4,original,0,0.0,0.0,0.0,0.0,0.0,0.0
FaceForensics/Deepfakes/708_772.mp4,FaceForensics/original/708.mp4,deepfakes,1,0.0,0.0,0.0456,0.0,0.0,0.0
FaceForensics/Face2Face/708_772.mp4,FaceForensics/original/708.mp4,face2face,1,0.0,0.0,0.0,0.0,0.0,0.0
FaceForensics/FaceShifter/708_772.mp4,FaceForensics/original/708.mp4,faceshifter,1,0.0,0.0,0.0,0.0,0.0,0.0
FaceForensics/FaceSwap/708_772.mp4,FaceForensics/original/708.mp4,faceswap,1,0.0,0.0,0.0,0.0,0.0,0.0
FaceForensics/NeuralTextures/708_772.mp4,FaceForensics/original/708.mp4,neuraltextures,1,0.0,0.0,0.0,0.0,0.0,0.0
FaceForensics/original/709.mp4,FaceForensics/original/709.mp4,original,0,0.0,0.0,0.0,0.0,0.0,0.0
FaceForensics/Deepfakes/709_390.mp4,FaceForensics/original/709.mp4,deepfakes,1,0.096,0.0,0.0,0.0,0.0,0.0
FaceForensics/Face2Face/709_390.mp4,FaceForensics/original/709.mp4,face2face,1,0.0,0.0,0.0,0.0,0.0,0.0
FaceForensics/FaceShifter/709_390.mp4,FaceForensics/original/709.mp4,faceshifter,1,0.0,0.0,0.0,0.0,0.0,0.0
FaceForensics/FaceSwap/709_390.mp4,FaceForensics/original/709.mp4,faceswap,1,0.0,0.0,0.0,0.0,0.0,0.0
FaceForensics/NeuralTextures/709_390.mp4,FaceForensics/original/709.mp4,neuraltextures,1,0.0593,0.0,0.0,0.0,0.0,0.0
FaceForensics/original/710.mp4,FaceForensics/original/710.mp4,original,0,0.0,0.0,0.0,0.0,0.0,0.0
FaceForensics/Deepfakes/710_788.mp4,FaceForensics/original/710.mp4,deepfakes,1,0.0585,0.1869,0.0841,0.0857,0.1352,0.0
FaceForensics/Face2Face/710_788.mp4,FaceForensics/original/710.mp4,face2face,1,0.1672,0.0425,0.0494,0.0561,0.0471,0.0401
FaceForensics/FaceShifter/710_788.mp4,FaceForensics/original/710.mp4,faceshifter,1,0.0497,0.0,0.0,0.0545,0.0,0.0
FaceForensics/FaceSwap/710_788.mp4,FaceForensics/original/710.mp4,faceswap,1,0.0943,0.11,0.0,0.0,0.0694,0.0
FaceForensics/NeuralTextures/710_788.mp4,FaceForensics/original/710.mp4,neuraltextures,1,0.0945,0.0,0.0,0.0,0.0,0.0
FaceForensics/original/711.mp4,FaceForensics/original/711.mp4,original,0,0.0,0.0,0.0,0.0,0.0,0.0
FaceForensics/Deepfakes/711_681.mp4,FaceForensics/original/711.mp4,deepfakes,1,0.0,0.0544,0.0,0.0,0.0422,0.0
FaceForensics/Face2Face/711_681.mp4,FaceForensics/original/711.mp4,face2face,1,0.0,0.0,0.0,0.0,0.0,0.0
FaceForensics/FaceShifter/711_681.mp4,FaceForensics/original/711.mp4,faceshifter,1,0.0,0.0,0.0,0.0,0.0,0.0
FaceForensics/FaceSwap/711_681.mp4,FaceForensics/original/711.mp4,faceswap,1,0.0827,0.0826,0.0,0.0585,0.0,0.0
FaceForensics/NeuralTextures/711_681.mp4,FaceForensics/original/711.mp4,neuraltextures,1,0.0,0.0,0.0,0.0,0.0,0.0
FaceForensics/original/712.mp4,FaceForensics/original/712.mp4,original,0,0.0,0.0,0.0,0.0,0.0,0.0
FaceForensics/Deepfakes/712_716.mp4,FaceForensics/original/712.mp4,deepfakes,1,0.0,0.0,0.0,0.0,0.0,0.0
FaceForensics/Face2Face/712_716.mp4,FaceForensics/original/712.mp4,face2face,1,0.0,0.0,0.0,0.0481,0.0,0.0
FaceForensics/FaceShifter/712_716.mp4,FaceForensics/original/712.mp4,faceshifter,1,0.0594,0.0,0.0,0.0523,0.0,0.0
FaceForensics/FaceSwap/712_716.mp4,FaceForensics/original/712.mp4,faceswap,1,0.0,0.0,0.0,0.0,0.0,0.0
FaceForensics/NeuralTextures/712_716.mp4,FaceForensics/original/712.mp4,neuraltextures,1,0.0,0.0,0.0,0.0,0.0,0.0
FaceForensics/original/713.mp4,FaceForensics/original/713.mp4,original,0,0.0,0.0,0.0,0.0,0.0,0.0
FaceForensics/Deepfakes/713_726.mp4,FaceForensics/original/713.mp4,deepfakes,1,0.0,0.1019,0.1107,0.1212,0.0792,0.0
FaceForensics/Face2Face/713_726.mp4,FaceForensics/original/713.mp4,face2face,1,0.1979,0.0,0.0,0.0,0.0472,0.0
FaceForensics/FaceShifter/713_726.mp4,FaceForensics/original/713.mp4,faceshifter,1,0.0746,0.0,0.0421,0.0,0.0,0.0
FaceForensics/FaceSwap/713_726.mp4,FaceForensics/original/713.mp4,faceswap,1,0.0,0.0,0.0,0.0,0.0,0.0
FaceForensics/NeuralTextures/713_726.mp4,FaceForensics/original/713.mp4,neuraltextures,1,0.0404,0.0,0.042,0.0,0.0,0.0
FaceForensics/original/714.mp4,FaceForensics/original/714.mp4,original,0,0.0,0.0,0.0,0.0,0.0,0.0
FaceForensics/Deepfakes/714_842.mp4,FaceForensics/original/714.mp4,deepfakes,1,0.1549,0.126,0.2755,0.2383,0.1173,0.1346
FaceForensics/Face2Face/714_842.mp4,FaceForensics/original/714.mp4,face2face,1,0.0,0.0,0.0,0.0,0.0,0.0
FaceForensics/FaceShifter/714_842.mp4,FaceForensics/original/714.mp4,faceshifter,1,0.1637,0.0,0.079,0.0898,0.0535,0.0
FaceForensics/FaceSwap/714_842.mp4,FaceForensics/original/714.mp4,faceswap,1,0.1028,0.0562,0.0741,0.0514,0.1352,0.0444
FaceForensics/NeuralTextures/714_842.mp4,FaceForensics/original/714.mp4,neuraltextures,1,0.0833,0.0,0.0,0.0,0.0,0.0
FaceForensics/original/715.mp4,FaceForensics/original/715.mp4,original,0,0.0456,0.0,0.0,0.0,0.0,0.0
FaceForensics/Deepfakes/715_721.mp4,FaceForensics/original/715.mp4,deepfakes,1,0.0,0.1052,0.0,0.0,0.0,0.0
FaceForensics/Face2Face/715_721.mp4,FaceForensics/original/715.mp4,face2face,1,0.0651,0.0,0.0422,0.0,0.0,0.0
FaceForensics/FaceShifter/715_721.mp4,FaceForensics/original/715.mp4,faceshifter,1,0.3481,0.1055,0.224,0.1614,0.0971,0.0
FaceForensics/FaceSwap/715_721.mp4,FaceForensics/original/715.mp4,faceswap,1,0.0,0.0,0.0,0.0,0.0,0.0
FaceForensics/NeuralTextures/715_721.mp4,FaceForensics/original/715.mp4,neuraltextures,1,0.0455,0.0,0.0,0.0,0.0,0.0
FaceForensics/original/716.mp4,FaceForensics/original/716.mp4,original,0,0.0,0.0,0.0,0.0,0.0,0.0
FaceForensics/Deepfakes/716_712.mp4,FaceForensics/original/716.mp4,deepfakes,1,0.0,0.0,0.0793,0.0,0.0,0.0
FaceForensics/Face2Face/716_712.mp4,FaceForensics/original/716.mp4,face2face,1,0.0673,0.0,0.0581,0.0466,0.0,0.0451
FaceForensics/FaceShifter/716_712.mp4,FaceForensics/original/716.mp4,faceshifter,1,0.3829,0.0808,0.2841,0.1192,0.1147,0.0466
FaceForensics/FaceSwap/716_712.mp4,FaceForensics/original/716.mp4,faceswap,1,0.103,0.0404,0.0663,0.0442,0.0,0.0
FaceForensics/NeuralTextures/716_712.mp4,FaceForensics/original/716.mp4,neuraltextures,1,0.1092,0.0836,0.0859,0.0749,0.0,0.0449
FaceForensics/original/717.mp4,FaceForensics/original/717.mp4,original,0,0.0,0.0,0.0,0.0,0.0,0.0
FaceForensics/Deepfakes/717_684.mp4,FaceForensics/original/717.mp4,deepfakes,1,0.0,0.0,0.0,0.0,0.0,0.0
FaceForensics/Face2Face/717_684.mp4,FaceForensics/original/717.mp4,face2face,1,0.0,0.0,0.0,0.0,0.0,0.0
FaceForensics/FaceShifter/717_684.mp4,FaceForensics/original/717.mp4,faceshifter,1,0.149,0.0,0.0446,0.0,0.0,0.0
FaceForensics/FaceSwap/717_684.mp4,FaceForensics/original/717.mp4,faceswap,1,0.0,0.0937,0.0,0.0,0.0,0.0
FaceForensics/NeuralTextures/717_684.mp4,FaceForensics/original/717.mp4,neuraltextures,1,0.0813,0.0,0.0,0.0,0.0,0.0
FaceForensics/original/718.mp4,FaceForensics/original/718.mp4,original,0,0.0,0.0,0.0,0.0,0.0,0.0
FaceForensics/Deepfakes/718_972.mp4,FaceForensics/original/718.mp4,deepfakes,1,0.0724,0.0407,0.0,0.0545,0.0455,0.0407
FaceForensics/Face2Face/718_972.mp4,FaceForensics/original/718.mp4,face2face,1,0.0,0.0,0.0,0.0,0.0,0.0
FaceForensics/FaceShifter/718_972.mp4,FaceForensics/original/718.mp4,faceshifter,1,0.161,0.0,0.0426,0.0,0.0877,0.0
FaceForensics/FaceSwap/718_972.mp4,FaceForensics/original/718.mp4,faceswap,1,0.0,0.0,0.0,0.0,0.0435,0.0
FaceForensics/NeuralTextures/718_972.mp4,FaceForensics/original/718.mp4,neuraltextures,1,0.0,0.0,0.0,0.0,0.0,0.0
FaceForensics/original/719.mp4,FaceForensics/original/719.mp4,original,0,0.0,0.0,0.0,0.0,0.0,0.0
FaceForensics/Deepfakes/719_737.mp4,FaceForensics/original/719.mp4,deepfakes,1,0.0,0.0,0.0,0.0,0.0,0.0
FaceForensics/Face2Face/719_737.mp4,FaceForensics/original/719.mp4,face2face,1,0.0,0.0,0.0,0.0,0.0,0.0
FaceForensics/FaceShifter/719_737.mp4,FaceForensics/original/719.mp4,faceshifter,1,0.2831,0.1378,0.148,0.1386,0.0633,0.1008
FaceForensics/FaceSwap/719_737.mp4,FaceForensics/original/719.mp4,faceswap,1,0.0,0.0,0.0623,0.054,0.0,0.0
FaceForensics/NeuralTextures/719_737.mp4,FaceForensics/original/719.mp4,neuraltextures,1,0.0,0.0,0.0477,0.0,0.0,0.0
FaceForensics/original/720.mp4,FaceForensics/original/720.mp4,original,0,0.0,0.0,0.0,0.0,0.0,0.0
FaceForensics/Deepfakes/720_672.mp4,FaceForensics/original/720.mp4,deepfakes,1,0.1231,0.1042,0.0754,0.0714,0.0,0.0766
FaceForensics/Face2Face/720_672.mp4,FaceForensics/original/720.mp4,face2face,1,0.1583,0.0534,0.069,0.0646,0.0802,0.1249
FaceForensics/FaceShifter/720_672.mp4,FaceForensics/original/720.mp4,faceshifter,1,0.191,0.056,0.0,0.0404,0.0,0.0522
FaceForensics/FaceSwap/720_672.mp4,FaceForensics/original/720.mp4,faceswap,1,0.0504,0.0591,0.0609,0.0518,0.0,0.0
FaceForensics/NeuralTextures/720_672.mp4,FaceForensics/original/720.mp4,neuraltextures,1,0.0,0.0,0.0,0.0,0.0,0.0
FaceForensics/original/721.mp4,FaceForensics/original/721.mp4,original,0,0.0,0.0,0.0,0.0,0.0,0.0
FaceForensics/Deepfakes/721_715.mp4,FaceForensics/original/721.mp4,deepfakes,1,0.0452,0.0434,0.0,0.0,0.0477,0.0578
FaceForensics/Face2Face/721_715.mp4,FaceForensics/original/721.mp4,face2face,1,0.0,0.0496,0.0435,0.0,0.0,0.0
FaceForensics/FaceShifter/721_715.mp4,FaceForensics/original/721.mp4,faceshifter,1,0.1545,0.0,0.0445,0.0475,0.0,0.0
FaceForensics/FaceSwap/721_715.mp4,FaceForensics/original/721.mp4,faceswap,1,0.0,0.063,0.0431,0.0586,0.0,0.0
FaceForensics/NeuralTextures/721_715.mp4,FaceForensics/original/721.mp4,neuraltextures,1,0.0418,0.0443,0.0543,0.0479,0.0,0.0569
FaceForensics/original/722.mp4,FaceForensics/original/722.mp4,original,0,0.0,0.0,0.0,0.0,0.0,0.0
FaceForensics/Deepfakes/722_458.mp4,FaceForensics/original/722.mp4,deepfakes,1,0.1447,0.0454,0.0997,0.0709,0.0,0.0495
FaceForensics/Face2Face/722_458.mp4,FaceForensics/original/722.mp4,face2face,1,0.1035,0.0,0.0,0.0,0.0,0.0
FaceForensics/FaceShifter/722_458.mp4,FaceForensics/original/722.mp4,faceshifter,1,0.2588,0.0959,0.2025,0.1474,0.0929,0.0586
FaceForensics/FaceSwap/722_458.mp4,FaceForensics/original/722.mp4,faceswap,1,0.0842,0.0,0.0748,0.0566,0.0,0.0
FaceForensics/NeuralTextures/722_458.mp4,FaceForensics/original/722.mp4,neuraltextures,1,0.162,0.0569,0.0826,0.0569,0.0,0.0494
FaceForensics/original/723.mp4,FaceForensics/original/723.mp4,original,0,0.0,0.0,0.0,0.0,0.0,0.0
FaceForensics/Deepfakes/723_704.mp4,FaceForensics/original/723.mp4,deepfakes,1,0.0419,0.0,0.0931,0.0,0.0,0.0
FaceForensics/Face2Face/723_704.mp4,FaceForensics/original/723.mp4,face2face,1,0.0,0.0,0.0,0.0,0.0,0.0
FaceForensics/FaceShifter/723_704.mp4,FaceForensics/original/723.mp4,faceshifter,1,0.4283,0.0974,0.3031,0.242,0.1466,0.0912
FaceForensics/FaceSwap/723_704.mp4,FaceForensics/original/723.mp4,faceswap,1,0.0,0.0,0.0,0.0,0.0,0.0
FaceForensics/NeuralTextures/723_704.mp4,FaceForensics/original/723.mp4,neuraltextures,1,0.0,0.0,0.0,0.0,0.0,0.0
FaceForensics/original/724.mp4,FaceForensics/original/724.mp4,original,0,0.0,0.0,0.0,0.0,0.0,0.0
FaceForensics/Deepfakes/724_725.mp4,FaceForensics/original/724.mp4,deepfakes,1,0.0,0.0,0.1023,0.0544,0.0,0.0402
FaceForensics/Face2Face/724_725.mp4,FaceForensics/original/724.mp4,face2face,1,0.0,0.0,0.0,0.0,0.0,0.0
FaceForensics/FaceShifter/724_725.mp4,FaceForensics/original/724.mp4,faceshifter,1,0.1201,0.0,0.0,0.0,0.0858,0.0
FaceForensics/FaceSwap/724_725.mp4,FaceForensics/original/724.mp4,faceswap,1,0.0,0.0471,0.0,0.0,0.0,0.0
FaceForensics/NeuralTextures/724_725.mp4,FaceForensics/original/724.mp4,neuraltextures,1,0.0,0.0,0.0,0.0,0.0,0.0
FaceForensics/original/725.mp4,FaceForensics/original/725.mp4,original,0,0.0,0.0,0.0,0.0,0.0,0.0
FaceForensics/Deepfakes/725_724.mp4,FaceForensics/original/725.mp4,deepfakes,1,0.0,0.0,0.0,0.0,0.0,0.0
FaceForensics/Face2Face/725_724.mp4,FaceForensics/original/725.mp4,face2face,1,0.0,0.0,0.0,0.0,0.0,0.0
FaceForensics/FaceShifter/725_724.mp4,FaceForensics/original/725.mp4,faceshifter,1,0.1275,0.0,0.0,0.0809,0.0,0.0466
FaceForensics/FaceSwap/725_724.mp4,FaceForensics/original/725.mp4,faceswap,1,0.0,0.0,0.0,0.0,0.0,0.0
FaceForensics/NeuralTextures/725_724.mp4,FaceForensics/original/725.mp4,neuraltextures,1,0.0,0.0,0.0,0.0,0.0,0.0
FaceForensics/original/726.mp4,FaceForensics/original/726.mp4,original,0,0.0,0.0,0.0,0.0,0.0,0.0
FaceForensics/Deepfakes/726_713.mp4,FaceForensics/original/726.mp4,deepfakes,1,0.0456,0.0,0.0,0.0,0.0,0.0
FaceForensics/Face2Face/726_713.mp4,FaceForensics/original/726.mp4,face2face,1,0.0477,0.0488,0.0,0.0,0.0,0.0
FaceForensics/FaceShifter/726_713.mp4,FaceForensics/original/726.mp4,faceshifter,1,0.0,0.0,0.0,0.0,0.0,0.0
FaceForensics/FaceSwap/726_713.mp4,FaceForensics/original/726.mp4,faceswap,1,0.1508,0.1159,0.0,0.0,0.0459,0.0797
FaceForensics/NeuralTextures/726_713.mp4,FaceForensics/original/726.mp4,neuraltextures,1,0.0,0.0,0.0,0.0,0.0,0.0
FaceForensics/original/727.mp4,FaceForensics/original/727.mp4,original,0,0.0,0.0,0.0,0.0,0.0,0.0
FaceForensics/Deepfakes/727_729.mp4,FaceForensics/original/727.mp4,deepfakes,1,0.0,0.0446,0.0,0.0,0.0,0.0
FaceForensics/Face2Face/727_729.mp4,FaceForensics/original/727.mp4,face2face,1,0.0,0.0,0.0,0.0,0.0,0.0
FaceForensics/FaceShifter/727_729.mp4,FaceForensics/original/727.mp4,faceshifter,1,0.0643,0.0,0.0,0.0,0.0,0.0
FaceForensics/FaceSwap/727_729.mp4,FaceForensics/original/727.mp4,faceswap,1,0.0,0.0,0.0,0.0,0.0,0.0
FaceForensics/NeuralTextures/727_729.mp4,FaceForensics/original/727.mp4,neuraltextures,1,0.0,0.0,0.065,0.0,0.0,0.0505
FaceForensics/original/728.mp4,FaceForensics/original/728.mp4,original,0,0.0,0.0,0.0,0.0,0.0,0.0
FaceForensics/Deepfakes/728_673.mp4,FaceForensics/original/728.mp4,deepfakes,1,0.1791,0.0953,0.0601,0.0802,0.0,0.1046
FaceForensics/Face2Face/728_673.mp4,FaceForensics/original/728.mp4,face2face,1,0.3062,0.0,0.1404,0.0,0.0405,0.0
FaceForensics/FaceShifter/728_673.mp4,FaceForensics/original/728.mp4,faceshifter,1,0.0911,0.0,0.0,0.0,0.0,0.0
FaceForensics/FaceSwap/728_673.mp4,FaceForensics/original/728.mp4,faceswap,1,0.0572,0.0495,0.0,0.0,0.0,0.0
FaceForensics/NeuralTextures/728_673.mp4,FaceForensics/original/728.mp4,neuraltextures,1,0.0823,0.0636,0.0561,0.0,0.0,0.0
FaceForensics/original/729.mp4,FaceForensics/original/729.mp4,original,0,0.0,0.0,0.0,0.0,0.0,0.0
FaceForensics/Deepfakes/729_727.mp4,FaceForensics/original/729.mp4,deepfakes,1,0.0,0.0,0.0,0.0,0.0,0.0
FaceForensics/Face2Face/729_727.mp4,FaceForensics/original/729.mp4,face2face,1,0.0,0.0,0.0,0.041,0.0,0.0
FaceForensics/FaceShifter/729_727.mp4,FaceForensics/original/729.mp4,faceshifter,1,0.2481,0.1025,0.1984,0.1118,0.0629,0.0
FaceForensics/FaceSwap/729_727.mp4,FaceForensics/original/729.mp4,faceswap,1,0.0,0.0758,0.0,0.0,0.0402,0.0
FaceForensics/NeuralTextures/729_727.mp4,FaceForensics/original/729.mp4,neuraltextures,1,0.0,0.0,0.0,0.0,0.0,0.0
FaceForensics/original/730.mp4,FaceForensics/original/730.mp4,original,0,0.0,0.0,0.0,0.0,0.0,0.0
FaceForensics/Deepfakes/730_815.mp4,FaceForensics/original/730.mp4,deepfakes,1,0.076,0.0794,0.1063,0.0,0.0462,0.062
FaceForensics/Face2Face/730_815.mp4,FaceForensics/original/730.mp4,face2face,1,0.0644,0.0,0.0,0.059,0.0,0.0
FaceForensics/FaceShifter/730_815.mp4,FaceForensics/original/730.mp4,faceshifter,1,0.092,0.0,0.0,0.0,0.0,0.0
FaceForensics/FaceSwap/730_815.mp4,FaceForensics/original/730.mp4,faceswap,1,0.0,0.0,0.0,0.0,0.0,0.0
FaceForensics/NeuralTextures/730_815.mp4,FaceForensics/original/730.mp4,neuraltextures,1,0.0,0.0,0.0493,0.0,0.0,0.0
FaceForensics/original/731.mp4,FaceForensics/original/731.mp4,original,0,0.0,0.0,0.0,0.0,0.0,0.0
FaceForensics/Deepfakes/731_741.mp4,FaceForensics/original/731.mp4,deepfakes,1,0.0,0.0,0.0,0.0,0.0,0.0
FaceForensics/Face2Face/731_741.mp4,FaceForensics/original/731.mp4,face2face,1,0.049,0.0829,0.0408,0.0703,0.0609,0.0749
FaceForensics/FaceShifter/731_741.mp4,FaceForensics/original/731.mp4,faceshifter,1,0.4578,0.2445,0.2238,0.2307,0.0717,0.0747
FaceForensics/FaceSwap/731_741.mp4,FaceForensics/original/731.mp4,faceswap,1,0.0,0.0502,0.0,0.0,0.0,0.0
FaceForensics/NeuralTextures/731_741.mp4,FaceForensics/original/731.mp4,neuraltextures,1,0.0,0.0563,0.0677,0.0568,0.0,0.0634
FaceForensics/original/732.mp4,FaceForensics/original/732.mp4,original,0,0.0,0.0,0.0,0.0,0.0,0.0
FaceForensics/Deepfakes/732_691.mp4,FaceForensics/original/732.mp4,deepfakes,1,0.0,0.0,0.0,0.0,0.0,0.0
FaceForensics/Face2Face/732_691.mp4,FaceForensics/original/732.mp4,face2face,1,0.2365,0.125,0.1426,0.2486,0.0816,0.0499
FaceForensics/FaceShifter/732_691.mp4,FaceForensics/original/732.mp4,faceshifter,1,0.1281,0.0,0.1189,0.0766,0.0,0.0
FaceForensics/FaceSwap/732_691.mp4,FaceForensics/original/732.mp4,faceswap,1,0.0,0.0,0.0,0.0,0.0,0.0
FaceForensics/NeuralTextures/732_691.mp4,FaceForensics/original/732.mp4,neuraltextures,1,0.0,0.0565,0.0,0.0,0.0469,0.0573
FaceForensics/original/733.mp4,FaceForensics/original/733.mp4,original,0,0.0,0.0,0.0,0.0,0.0,0.0
FaceForensics/Deepfakes/733_935.mp4,FaceForensics/original/733.mp4,deepfakes,1,0.0,0.0,0.0,0.0403,0.0,0.0
FaceForensics/Face2Face/733_935.mp4,FaceForensics/original/733.mp4,face2face,1,0.0702,0.0,0.0,0.0,0.0441,0.0
FaceForensics/FaceShifter/733_935.mp4,FaceForensics/original/733.mp4,faceshifter,1,0.0867,0.1136,0.0435,0.1458,0.0964,0.1876
FaceForensics/FaceSwap/733_935.mp4,FaceForensics/original/733.mp4,faceswap,1,0.0,0.0,0.0,0.0,0.0,0.0
FaceForensics/NeuralTextures/733_935.mp4,FaceForensics/original/733.mp4,neuraltextures,1,0.0,0.0,0.0,0.0508,0.0,0.0
FaceForensics/original/734.mp4,FaceForensics/original/734.mp4,original,0,0.0,0.0,0.0,0.0,0.0,0.0
FaceForensics/Deepfakes/734_699.mp4,FaceForensics/original/734.mp4,deepfakes,1,0.0517,0.0492,0.0,0.0,0.0,0.0
FaceForensics/Face2Face/734_699.mp4,FaceForensics/original/734.mp4,face2face,1,0.0,0.0,0.0,0.0,0.0,0.0
FaceForensics/FaceShifter/734_699.mp4,FaceForensics/original/734.mp4,faceshifter,1,0.4703,0.1717,0.2431,0.193,0.0996,0.0913
FaceForensics/FaceSwap/734_699.mp4,FaceForensics/original/734.mp4,faceswap,1,0.0752,0.0408,0.0565,0.0,0.0,0.0
FaceForensics/NeuralTextures/734_699.mp4,FaceForensics/original/734.mp4,neuraltextures,1,0.0648,0.0,0.0826,0.0614,0.0435,0.0
FaceForensics/original/735.mp4,FaceForensics/original/735.mp4,original,0,0.0,0.0,0.0,0.0,0.0,0.0
FaceForensics/Deepfakes/735_774.mp4,FaceForensics/original/735.mp4,deepfakes,1,0.0,0.0,0.0,0.0,0.0,0.0
FaceForensics/Face2Face/735_774.mp4,FaceForensics/original/735.mp4,face2face,1,0.0,0.0,0.0,0.0,0.0,0.0
FaceForensics/FaceShifter/735_774.mp4,FaceForensics/original/735.mp4,faceshifter,1,0.3881,0.2837,0.0983,0.153,0.0671,0.0777
FaceForensics/FaceSwap/735_774.mp4,FaceForensics/original/735.mp4,faceswap,1,0.0,0.0,0.0,0.0,0.0,0.0
FaceForensics/NeuralTextures/735_774.mp4,FaceForensics/original/735.mp4,neuraltextures,1,0.082,0.0,0.0,0.0,0.0,0.0
FaceForensics/original/736.mp4,FaceForensics/original/736.mp4,original,0,0.0,0.0,0.0,0.0,0.0,0.0
FaceForensics/Deepfakes/736_785.mp4,FaceForensics/original/736.mp4,deepfakes,1,0.0499,0.0,0.0434,0.0,0.0,0.0
FaceForensics/Face2Face/736_785.mp4,FaceForensics/original/736.mp4,face2face,1,0.0,0.0,0.0,0.0,0.0,0.0
FaceForensics/FaceShifter/736_785.mp4,FaceForensics/original/736.mp4,faceshifter,1,0.1741,0.0,0.0946,0.0471,0.0,0.0
FaceForensics/FaceSwap/736_785.mp4,FaceForensics/original/736.mp4,faceswap,1,0.0859,0.0598,0.1045,0.0567,0.0498,0.0466
FaceForensics/NeuralTextures/736_785.mp4,FaceForensics/original/736.mp4,neuraltextures,1,0.0,0.0,0.0456,0.0,0.0,0.0
FaceForensics/original/737.mp4,FaceForensics/original/737.mp4,original,0,0.0,0.0,0.0,0.0,0.0,0.0
FaceForensics/Deepfakes/737_719.mp4,FaceForensics/original/737.mp4,deepfakes,1,0.0602,0.0,0.0,0.0,0.0,0.0
FaceForensics/Face2Face/737_719.mp4,FaceForensics/original/737.mp4,face2face,1,0.0,0.0,0.0,0.0,0.0,0.04
FaceForensics/FaceShifter/737_719.mp4,FaceForensics/original/737.mp4,faceshifter,1,0.3521,0.0654,0.1434,0.124,0.042,0.0
FaceForensics/FaceSwap/737_719.mp4,FaceForensics/original/737.mp4,faceswap,1,0.0,0.0,0.0,0.0,0.0,0.0
FaceForensics/NeuralTextures/737_719.mp4,FaceForensics/original/737.mp4,neuraltextures,1,0.0,0.0,0.0474,0.0525,0.0,0.0
FaceForensics/original/738.mp4,FaceForensics/original/738.mp4,original,0,0.0,0.0,0.0,0.0,0.0,0.0
FaceForensics/Deepfakes/738_804.mp4,FaceForensics/original/738.mp4,deepfakes,1,0.0,0.1034,0.0,0.0,0.0,0.0
FaceForensics/Face2Face/738_804.mp4,FaceForensics/original/738.mp4,face2face,1,0.372,0.0,0.2441,0.0,0.054,0.0
FaceForensics/FaceShifter/738_804.mp4,FaceForensics/original/738.mp4,faceshifter,1,0.3152,0.0779,0.1597,0.174,0.0731,0.0642
FaceForensics/FaceSwap/738_804.mp4,FaceForensics/original/738.mp4,faceswap,1,0.0,0.0694,0.0,0.0,0.0,0.0
FaceForensics/NeuralTextures/738_804.mp4,FaceForensics/original/738.mp4,neuraltextures,1,0.0,0.0,0.0,0.0,0.0,0.0
FaceForensics/original/739.mp4,FaceForensics/original/739.mp4,original,0,0.0,0.0,0.0,0.0,0.0,0.0
FaceForensics/Deepfakes/739_865.mp4,FaceForensics/original/739.mp4,deepfakes,1,0.0415,0.1114,0.0507,0.0817,0.0405,0.0
FaceForensics/Face2Face/739_865.mp4,FaceForensics/original/739.mp4,face2face,1,0.0535,0.0,0.0,0.0,0.0,0.0
FaceForensics/FaceShifter/739_865.mp4,FaceForensics/original/739.mp4,faceshifter,1,0.0415,0.0,0.0,0.0,0.0,0.0
FaceForensics/FaceSwap/739_865.mp4,FaceForensics/original/739.mp4,faceswap,1,0.0476,0.0937,0.0,0.0,0.0,0.0
FaceForensics/NeuralTextures/739_865.mp4,FaceForensics/original/739.mp4,neuraltextures,1,0.0,0.0,0.0,0.0,0.0,0.0
FaceForensics/original/740.mp4,FaceForensics/original/740.mp4,original,0,0.0,0.0,0.0,0.0,0.0,0.0
FaceForensics/Deepfakes/740_796.mp4,FaceForensics/original/740.mp4,deepfakes,1,0.1342,0.1055,0.0922,0.1195,0.0579,0.0714
FaceForensics/Face2Face/740_796.mp4,FaceForensics/original/740.mp4,face2face,1,0.0,0.0,0.0,0.0,0.0,0.0
FaceForensics/FaceShifter/740_796.mp4,FaceForensics/original/740.mp4,faceshifter,1,0.0,0.0,0.0,0.0,0.0,0.0
FaceForensics/FaceSwap/740_796.mp4,FaceForensics/original/740.mp4,faceswap,1,0.0515,0.0489,0.0,0.0426,0.0,0.0
FaceForensics/NeuralTextures/740_796.mp4,FaceForensics/original/740.mp4,neuraltextures,1,0.0,0.0,0.0,0.0,0.0,0.0
FaceForensics/original/741.mp4,FaceForensics/original/741.mp4,original,0,0.0,0.0,0.0,0.0,0.0,0.0
FaceForensics/Deepfakes/741_731.mp4,FaceForensics/original/741.mp4,deepfakes,1,0.1934,0.1133,0.0801,0.0995,0.056,0.0764
FaceForensics/Face2Face/741_731.mp4,FaceForensics/original/741.mp4,face2face,1,0.1005,0.0656,0.0,0.0,0.055,0.0
FaceForensics/FaceShifter/741_731.mp4,FaceForensics/original/741.mp4,faceshifter,1,0.3501,0.148,0.1215,0.1668,0.1164,0.0692
FaceForensics/FaceSwap/741_731.mp4,FaceForensics/original/741.mp4,faceswap,1,0.1092,0.0,0.0,0.0637,0.0605,0.0
FaceForensics/NeuralTextures/741_731.mp4,FaceForensics/original/741.mp4,neuraltextures,1,0.0921,0.0422,0.0468,0.0,0.0,0.0
FaceForensics/original/742.mp4,FaceForensics/original/742.mp4,original,0,0.0,0.0,0.0,0.0,0.0,0.0
FaceForensics/Deepfakes/742_775.mp4,FaceForensics/original/742.mp4,deepfakes,1,0.0,0.0987,0.0437,0.0,0.0,0.0
FaceForensics/Face2Face/742_775.mp4,FaceForensics/original/742.mp4,face2face,1,0.0,0.0,0.0,0.0,0.0,0.0
FaceForensics/FaceShifter/742_775.mp4,FaceForensics/original/742.mp4,faceshifter,1,0.333,0.1436,0.168,0.1231,0.0455,0.0486
FaceForensics/FaceSwap/742_775.mp4,FaceForensics/original/742.mp4,faceswap,1,0.0,0.0,0.0403,0.0461,0.0708,0.0413
FaceForensics/NeuralTextures/742_775.mp4,FaceForensics/original/742.mp4,neuraltextures,1,0.0,0.0,0.0,0.0,0.0,0.0
FaceForensics/original/743.mp4,FaceForensics/original/743.mp4,original,0,0.0,0.0,0.0,0.0,0.0,0.0
FaceForensics/Deepfakes/743_750.mp4,FaceForensics/original/743.mp4,deepfakes,1,0.4983,0.0,0.0436,0.0472,0.0,0.0865
FaceForensics/Face2Face/743_750.mp4,FaceForensics/original/743.mp4,face2face,1,0.0494,0.0,0.0,0.0,0.0646,0.0
FaceForensics/FaceShifter/743_750.mp4,FaceForensics/original/743.mp4,faceshifter,1,0.5307,0.1434,0.0814,0.0863,0.0773,0.1148
FaceForensics/FaceSwap/743_750.mp4,FaceForensics/original/743.mp4,faceswap,1,0.108,0.1282,0.0703,0.1021,0.0495,0.1201
FaceForensics/NeuralTextures/743_750.mp4,FaceForensics/original/743.mp4,neuraltextures,1,0.0,0.0,0.04,0.0,0.0,0.0
FaceForensics/original/744.mp4,FaceForensics/original/744.mp4,original,0,0.0,0.0,0.0,0.0,0.0,0.0
FaceForensics/Deepfakes/744_674.mp4,FaceForensics/original/744.mp4,deepfakes,1,0.2704,0.0772,0.0938,0.065,0.077,0.0
FaceForensics/Face2Face/744_674.mp4,FaceForensics/original/744.mp4,face2face,1,0.0957,0.0403,0.0752,0.0715,0.0457,0.0
FaceForensics/FaceShifter/744_674.mp4,FaceForensics/original/744.mp4,faceshifter,1,0.1402,0.0484,0.1035,0.0651,0.0726,0.0
FaceForensics/FaceSwap/744_674.mp4,FaceForensics/original/744.mp4,faceswap,1,0.1289,0.0606,0.0547,0.0536,0.0555,0.0
FaceForensics/NeuralTextures/744_674.mp4,FaceForensics/original/744.mp4,neuraltextures,1,0.0,0.0,0.0,0.0,0.0,0.0
FaceForensics/original/745.mp4,FaceForensics/original/745.mp4,original,0,0.0,0.0,0.0,0.0,0.0,0.0
FaceForensics/Deepfakes/745_777.mp4,FaceForensics/original/745.mp4,deepfakes,1,0.0703,0.0909,0.1103,0.0636,0.0,0.0801
FaceForensics/Face2Face/745_777.mp4,FaceForensics/original/745.mp4,face2face,1,0.0,0.0,0.0,0.0,0.0404,0.0
FaceForensics/FaceShifter/745_777.mp4,FaceForensics/original/745.mp4,faceshifter,1,0.1273,0.0641,0.2302,0.1209,0.0423,0.0
FaceForensics/FaceSwap/745_777.mp4,FaceForensics/original/745.mp4,faceswap,1,0.0882,0.0,0.0,0.0,0.0,0.0
FaceForensics/NeuralTextures/745_777.mp4,FaceForensics/original/745.mp4,neuraltextures,1,0.0,0.0,0.0845,0.0,0.0,0.0
FaceForensics/original/746.mp4,FaceForensics/original/746.mp4,original,0,0.0,0.0,0.0,0.0,0.0,0.0
FaceForensics/Deepfakes/746_571.mp4,FaceForensics/original/746.mp4,deepfakes,1,0.0506,0.0644,0.0631,0.0632,0.042,0.0461
FaceForensics/Face2Face/746_571.mp4,FaceForensics/original/746.mp4,face2face,1,0.0,0.0,0.0,0.0,0.0,0.0
FaceForensics/FaceShifter/746_571.mp4,FaceForensics/original/746.mp4,faceshifter,1,0.1784,0.0775,0.1295,0.1348,0.0,0.0
FaceForensics/FaceSwap/746_571.mp4,FaceForensics/original/746.mp4,faceswap,1,0.0,0.0634,0.0576,0.0412,0.0,0.0516
FaceForensics/NeuralTextures/746_571.mp4,FaceForensics/original/746.mp4,neuraltextures,1,0.0,0.0,0.0,0.0,0.0,0.0
FaceForensics/original/747.mp4,FaceForensics/original/747.mp4,original,0,0.0,0.0,0.0,0.0,0.0,0.0
FaceForensics/Deepfakes/747_854.mp4,FaceForensics/original/747.mp4,deepfakes,1,0.2115,0.0638,0.1022,0.1075,0.0612,0.0742
FaceForensics/Face2Face/747_854.mp4,FaceForensics/original/747.mp4,face2face,1,0.0,0.0,0.0,0.0,0.0,0.0
FaceForensics/FaceShifter/747_854.mp4,FaceForensics/original/747.mp4,faceshifter,1,0.3372,0.0765,0.0883,0.0844,0.0554,0.0994
FaceForensics/FaceSwap/747_854.mp4,FaceForensics/original/747.mp4,faceswap,1,0.3694,0.2627,0.0659,0.1041,0.1715,0.1165
FaceForensics/NeuralTextures/747_854.mp4,FaceForensics/original/747.mp4,neuraltextures,1,0.0,0.0,0.0,0.0,0.0,0.0
FaceForensics/original/748.mp4,FaceForensics/original/748.mp4,original,0,0.0,0.0,0.0,0.0,0.0,0.0
FaceForensics/Deepfakes/748_355.mp4,FaceForensics/original/748.mp4,deepfakes,1,0.1783,0.0,0.0748,0.0706,0.0449,0.1148
FaceForensics/Face2Face/748_355.mp4,FaceForensics/original/748.mp4,face2face,1,0.37,0.1856,0.041,0.0,0.0721,0.0
FaceForensics/FaceShifter/748_355.mp4,FaceForensics/original/748.mp4,faceshifter,1,0.1962,0.0751,0.0981,0.0766,0.054,0.1103
FaceForensics/FaceSwap/748_355.mp4,FaceForensics/original/748.mp4,faceswap,1,0.2156,0.0507,0.0,0.0,0.0691,0.1158
FaceForensics/NeuralTextures/748_355.mp4,FaceForensics/original/748.mp4,neuraltextures,1,0.0659,0.0,0.0,0.0,0.0,0.0
FaceForensics/original/749.mp4,FaceForensics/original/749.mp4,original,0,0.0,0.0,0.0,0.0,0.0,0.0
FaceForensics/Deepfakes/749_659.mp4,FaceForensics/original/749.mp4,deepfakes,1,0.0,0.0632,0.0577,0.0409,0.0535,0.0
FaceForensics/Face2Face/749_659.mp4,FaceForensics/original/749.mp4,face2face,1,0.0,0.0,0.0418,0.0,0.0,0.0
FaceForensics/FaceShifter/749_659.mp4,FaceForensics/original/749.mp4,faceshifter,1,0.6319,0.1351,0.2546,0.2072,0.1634,0.0537
FaceForensics/FaceSwap/749_659.mp4,FaceForensics/original/749.mp4,faceswap,1,0.0,0.0,0.0553,0.0,0.0,0.0
FaceForensics/NeuralTextures/749_659.mp4,FaceForensics/original/749.mp4,neuraltextures,1,0.0441,0.0,0.0,0.0,0.0,0.0
FaceForensics/original/750.mp4,FaceForensics/original/750.mp4,original,0,0.0,0.0,0.0,0.0,0.0,0.0
FaceForensics/Deepfakes/750_743.mp4,FaceForensics/original/750.mp4,deepfakes,1,0.0,0.0,0.2199,0.0742,0.0582,0.0
FaceForensics/Face2Face/750_743.mp4,FaceForensics/original/750.mp4,face2face,1,0.0,0.0863,0.0,0.0,0.0909,0.0789
FaceForensics/FaceShifter/750_743.mp4,FaceForensics/original/750.mp4,faceshifter,1,0.0,0.0,0.0,0.0,0.0,0.0
FaceForensics/FaceSwap/750_743.mp4,FaceForensics/original/750.mp4,faceswap,1,0.0,0.0623,0.0,0.0,0.0,0.0
FaceForensics/NeuralTextures/750_743.mp4,FaceForensics/original/750.mp4,neuraltextures,1,0.0,0.0,0.0,0.0,0.0,0.0
FaceForensics/original/751.mp4,FaceForensics/original/751.mp4,original,0,0.0,0.0,0.0,0.0,0.0,0.0
FaceForensics/Deepfakes/751_752.mp4,FaceForensics/original/751.mp4,deepfakes,1,0.1264,0.0916,0.0,0.062,0.0,0.0
FaceForensics/Face2Face/751_752.mp4,FaceForensics/original/751.mp4,face2face,1,0.2864,0.0,0.0,0.0461,0.0537,0.0
FaceForensics/FaceShifter/751_752.mp4,FaceForensics/original/751.mp4,faceshifter,1,0.3055,0.1062,0.0,0.0,0.0539,0.0
FaceForensics/FaceSwap/751_752.mp4,FaceForensics/original/751.mp4,faceswap,1,0.0746,0.0,0.0,0.0,0.0,0.0
FaceForensics/NeuralTextures/751_752.mp4,FaceForensics/original/751.mp4,neuraltextures,1,0.0879,0.0929,0.0,0.0,0.0,0.0
FaceForensics/original/752.mp4,FaceForensics/original/752.mp4,original,0,0.0,0.0,0.0,0.0,0.0,0.0
FaceForensics/Deepfakes/752_751.mp4,FaceForensics/original/752.mp4,deepfakes,1,0.0,0.0,0.0819,0.0,0.0,0.0
FaceForensics/Face2Face/752_751.mp4,FaceForensics/original/752.mp4,face2face,1,0.0536,0.0,0.0,0.0,0.0495,0.0
FaceForensics/FaceShifter/752_751.mp4,FaceForensics/original/752.mp4,faceshifter,1,0.0922,0.0,0.0,0.0,0.0,0.0
FaceForensics/FaceSwap/752_751.mp4,FaceForensics/original/752.mp4,faceswap,1,0.0,0.0,0.0,0.0,0.0,0.0
FaceForensics/NeuralTextures/752_751.mp4,FaceForensics/original/752.mp4,neuraltextures,1,0.0,0.0,0.0,0.0,0.0,0.0
FaceForensics/original/753.mp4,FaceForensics/original/753.mp4,original,0,0.0,0.0,0.0,0.0,0.0,0.0
FaceForensics/Deepfakes/753_789.mp4,FaceForensics/original/753.mp4,deepfakes,1,0.0,0.0,0.0767,0.0,0.0463,0.0
FaceForensics/Face2Face/753_789.mp4,FaceForensics/original/753.mp4,face2face,1,0.0,0.0,0.0,0.0,0.0,0.0
FaceForensics/FaceShifter/753_789.mp4,FaceForensics/original/753.mp4,faceshifter,1,0.0,0.0,0.0,0.0,0.0577,0.0
FaceForensics/FaceSwap/753_789.mp4,FaceForensics/original/753.mp4,faceswap,1,0.0,0.0568,0.0,0.0,0.0,0.0
FaceForensics/NeuralTextures/753_789.mp4,FaceForensics/original/753.mp4,neuraltextures,1,0.0,0.0,0.0,0.0,0.0,0.0
FaceForensics/original/754.mp4,FaceForensics/original/754.mp4,original,0,0.0,0.0,0.0,0.0,0.0,0.0
FaceForensics/Deepfakes/754_758.mp4,FaceForensics/original/754.mp4,deepfakes,1,0.0,0.0,0.0,0.0,0.0,0.0
FaceForensics/Face2Face/754_758.mp4,FaceForensics/original/754.mp4,face2face,1,0.0,0.0,0.0,0.0,0.0,0.0
FaceForensics/FaceShifter/754_758.mp4,FaceForensics/original/754.mp4,faceshifter,1,0.0481,0.0,0.0,0.0,0.0,0.0
FaceForensics/FaceSwap/754_758.mp4,FaceForensics/original/754.mp4,faceswap,1,0.0,0.0,0.0,0.0,0.0,0.0
FaceForensics/NeuralTextures/754_758.mp4,FaceForensics/original/754.mp4,neuraltextures,1,0.0,0.0,0.0,0.0,0.0,0.0
FaceForensics/original/755.mp4,FaceForensics/original/755.mp4,original,0,0.0,0.0,0.0,0.0,0.0,0.0
FaceForensics/Deepfakes/755_759.mp4,FaceForensics/original/755.mp4,deepfakes,1,0.0,0.1291,0.0,0.0,0.0577,0.0
FaceForensics/Face2Face/755_759.mp4,FaceForensics/original/755.mp4,face2face,1,0.0,0.0,0.0,0.0,0.0,0.0
FaceForensics/FaceShifter/755_759.mp4,FaceForensics/original/755.mp4,faceshifter,1,0.0,0.0,0.0,0.0,0.0,0.0
FaceForensics/FaceSwap/755_759.mp4,FaceForensics/original/755.mp4,faceswap,1,0.0,0.0,0.0,0.0,0.0,0.0
FaceForensics/NeuralTextures/755_759.mp4,FaceForensics/original/755.mp4,neuraltextures,1,0.0,0.0,0.0,0.0,0.0,0.0
FaceForensics/original/756.mp4,FaceForensics/original/756.mp4,original,0,0.0,0.0,0.0,0.0,0.0,0.0
FaceForensics/Deepfakes/756_503.mp4,FaceForensics/original/756.mp4,deepfakes,1,0.127,0.0461,0.3065,0.1286,0.051,0.0
FaceForensics/Face2Face/756_503.mp4,FaceForensics/original/756.mp4,face2face,1,0.0,0.0,0.1485,0.058,0.0,0.0
FaceForensics/FaceShifter/756_503.mp4,FaceForensics/original/756.mp4,faceshifter,1,0.0,0.0,0.0435,0.0642,0.0,0.0
FaceForensics/FaceSwap/756_503.mp4,FaceForensics/original/756.mp4,faceswap,1,0.1086,0.0748,0.2103,0.1225,0.0,0.0
FaceForensics/NeuralTextures/756_503.mp4,FaceForensics/original/756.mp4,neuraltextures,1,0.101,0.0,0.5699,0.1106,0.0,0.0479
FaceForensics/original/757.mp4,FaceForensics/original/757.mp4,original,0,0.0,0.0,0.0,0.0,0.0,0.0
FaceForensics/Deepfakes/757_573.mp4,FaceForensics/original/757.mp4,deepfakes,1,0.0,0.0,0.0,0.0,0.0,0.0
FaceForensics/Face2Face/757_573.mp4,FaceForensics/original/757.mp4,face2face,1,0.0,0.0,0.0,0.0,0.0,0.0
FaceForensics/FaceShifter/757_573.mp4,FaceForensics/original/757.mp4,faceshifter,1,0.0945,0.0416,0.0,0.0,0.0,0.0
FaceForensics/FaceSwap/757_573.mp4,FaceForensics/original/757.mp4,faceswap,1,0.0831,0.0,0.0902,0.0511,0.0,0.046
FaceForensics/NeuralTextures/757_573.mp4,FaceForensics/original/757.mp4,neuraltextures,1,0.0,0.0,0.0,0.0,0.0,0.0
FaceForensics/original/758.mp4,FaceForensics/original/758.mp4,original,0,0.0,0.0,0.0,0.0,0.0,0.0
FaceForensics/Deepfakes/758_754.mp4,FaceForensics/original/758.mp4,deepfakes,1,0.103,0.0542,0.0984,0.0727,0.063,0.0
FaceForensics/Face2Face/758_754.mp4,FaceForensics/original/758.mp4,face2face,1,0.0,0.0,0.1269,0.0,0.048,0.0
FaceForensics/FaceShifter/758_754.mp4,FaceForensics/original/758.mp4,faceshifter,1,0.0907,0.0528,0.1878,0.1644,0.059,0.0903
FaceForensics/FaceSwap/758_754.mp4,FaceForensics/original/758.mp4,faceswap,1,0.0482,0.0463,0.2489,0.0829,0.0627,0.0
FaceForensics/NeuralTextures/758_754.mp4,FaceForensics/original/758.mp4,neuraltextures,1,0.0,0.0,0.1948,0.0639,0.0524,0.0
FaceForensics/original/759.mp4,FaceForensics/original/759.mp4,original,0,0.0,0.0,0.0,0.0,0.0,0.0
FaceForensics/Deepfakes/759_755.mp4,FaceForensics/original/759.mp4,deepfakes,1,0.0,0.0,0.0,0.0,0.0,0.0
FaceForensics/Face2Face/759_755.mp4,FaceForensics/original/759.mp4,face2face,1,0.0,0.0,0.0,0.0,0.0,0.0
FaceForensics/FaceShifter/759_755.mp4,FaceForensics/original/759.mp4,faceshifter,1,0.0,0.0,0.0,0.0,0.0,0.0
FaceForensics/FaceSwap/759_755.mp4,FaceForensics/original/759.mp4,faceswap,1,0.0,0.0,0.0,0.0,0.0,0.0
FaceForensics/NeuralTextures/759_755.mp4,FaceForensics/original/759.mp4,neuraltextures,1,0.0,0.0,0.0,0.0,0.0,0.0
FaceForensics/original/760.mp4,FaceForensics/original/760.mp4,original,0,0.0,0.0,0.0,0.0,0.0,0.0
FaceForensics/Deepfakes/760_611.mp4,FaceForensics/original/760.mp4,deepfakes,1,0.3734,0.2927,0.0,0.115,0.1834,0.0503
FaceForensics/Face2Face/760_611.mp4,FaceForensics/original/760.mp4,face2face,1,0.0579,0.0,0.0,0.0419,0.0,0.0
FaceForensics/FaceShifter/760_611.mp4,FaceForensics/original/760.mp4,faceshifter,1,0.0,0.0,0.0,0.0,0.0,0.0
FaceForensics/FaceSwap/760_611.mp4,FaceForensics/original/760.mp4,faceswap,1,0.2512,0.3201,0.2466,0.2023,0.238,0.1652
FaceForensics/NeuralTextures/760_611.mp4,FaceForensics/original/760.mp4,neuraltextures,1,0.1026,0.0449,0.0482,0.0727,0.0,0.0405
FaceForensics/original/761.mp4,FaceForensics/original/761.mp4,original,0,0.0,0.0,0.0,0.0,0.0,0.0
FaceForensics/Deepfakes/761_766.mp4,FaceForensics/original/761.mp4,deepfakes,1,0.0,0.0,0.0,0.0,0.0,0.0
FaceForensics/Face2Face/761_766.mp4,FaceForensics/original/761.mp4,face2face,1,0.0449,0.0,0.0,0.0,0.0,0.0
FaceForensics/FaceShifter/761_766.mp4,FaceForensics/original/761.mp4,faceshifter,1,0.0,0.0,0.0,0.0,0.0,0.0
FaceForensics/FaceSwap/761_766.mp4,FaceForensics/original/761.mp4,faceswap,1,0.0,0.0,0.0,0.0,0.0,0.0
FaceForensics/NeuralTextures/761_766.mp4,FaceForensics/original/761.mp4,neuraltextures,1,0.0,0.0,0.0,0.0,0.0,0.0
FaceForensics/original/762.mp4,FaceForensics/original/762.mp4,original,0,0.0,0.0,0.0,0.0,0.0,0.0
FaceForensics/Deepfakes/762_832.mp4,FaceForensics/original/762.mp4,deepfakes,1,0.0,0.1119,0.111,0.0646,0.0,0.0
FaceForensics/Face2Face/762_832.mp4,FaceForensics/original/762.mp4,face2face,1,0.0447,0.0,0.1347,0.0644,0.0,0.0
FaceForensics/FaceShifter/762_832.mp4,FaceForensics/original/762.mp4,faceshifter,1,0.1802,0.0891,0.0573,0.0641,0.0,0.0582
FaceForensics/FaceSwap/762_832.mp4,FaceForensics/original/762.mp4,faceswap,1,0.0577,0.0,0.1123,0.0,0.0,0.0
FaceForensics/NeuralTextures/762_832.mp4,FaceForensics/original/762.mp4,neuraltextures,1,0.045,0.0466,0.1447,0.0,0.0,0.0
FaceForensics/original/763.mp4,FaceForensics/original/763.mp4,original,0,0.0,0.0,0.0,0.0,0.0,0.0
FaceForensics/Deepfakes/763_930.mp4,FaceForensics/original/763.mp4,deepfakes,1,0.0,0.0,0.0995,0.0,0.0,0.0
FaceForensics/Face2Face/763_930.mp4,FaceForensics/original/763.mp4,face2face,1,0.1179,0.0,0.0875,0.0,0.0,0.0
FaceForensics/FaceShifter/763_930.mp4,FaceForensics/original/763.mp4,faceshifter,1,0.0,0.0,0.0,0.0,0.0,0.0
FaceForensics/FaceSwap/763_930.mp4,FaceForensics/original/763.mp4,faceswap,1,0.0,0.0,0.0405,0.0,0.0,0.0
FaceForensics/NeuralTextures/763_930.mp4,FaceForensics/original/763.mp4,neuraltextures,1,0.0561,0.0,0.0921,0.0,0.0,0.0
FaceForensics/original/764.mp4,FaceForensics/original/764.mp4,original,0,0.0,0.0,0.0,0.0,0.0,0.0
FaceForensics/Deepfakes/764_850.mp4,FaceForensics/original/764.mp4,deepfakes,1,0.0,0.0,0.0429,0.0,0.0,0.0
FaceForensics/Face2Face/764_850.mp4,FaceForensics/original/764.mp4,face2face,1,0.2117,0.1037,0.0463,0.0583,0.0458,0.0
FaceForensics/FaceShifter/764_850.mp4,FaceForensics/original/764.mp4,faceshifter,1,0.0,0.0,0.0,0.0,0.0,0.0
FaceForensics/FaceSwap/764_850.mp4,FaceForensics/original/764.mp4,faceswap,1,0.0497,0.0567,0.0716,0.0,0.0456,0.0489
FaceForensics/NeuralTextures/764_850.mp4,FaceForensics/original/764.mp4,neuraltextures,1,0.0,0.0,0.0429,0.0,0.0,0.0
FaceForensics/original/765.mp4,FaceForensics/original/765.mp4,original,0,0.0,0.0,0.0,0.0,0.0,0.0
FaceForensics/Deepfakes/765_867.mp4,FaceForensics/original/765.mp4,deepfakes,1,0.0521,0.0,0.0,0.0,0.0,0.0
FaceForensics/Face2Face/765_867.mp4,FaceForensics/original/765.mp4,face2face,1,0.0,0.0,0.0,0.0,0.0,0.0
FaceForensics/FaceShifter/765_867.mp4,FaceForensics/original/765.mp4,faceshifter,1,0.0703,0.0,0.0,0.0,0.0404,0.0
FaceForensics/FaceSwap/765_867.mp4,FaceForensics/original/765.mp4,faceswap,1,0.0507,0.0441,0.0,0.0,0.0,0.0
FaceForensics/NeuralTextures/765_867.mp4,FaceForensics/original/765.mp4,neuraltextures,1,0.0,0.0,0.0,0.0,0.0,0.0
FaceForensics/original/766.mp4,FaceForensics/original/766.mp4,original,0,0.0,0.0,0.0,0.0,0.0,0.0
FaceForensics/Deepfakes/766_761.mp4,FaceForensics/original/766.mp4,deepfakes,1,0.0,0.0,0.252,0.0,0.0,0.0
FaceForensics/Face2Face/766_761.mp4,FaceForensics/original/766.mp4,face2face,1,0.0,0.0,0.0,0.0,0.0506,0.0
FaceForensics/FaceShifter/766_761.mp4,FaceForensics/original/766.mp4,faceshifter,1,0.0,0.0,0.0,0.0,0.0,0.0
FaceForensics/FaceSwap/766_761.mp4,FaceForensics/original/766.mp4,faceswap,1,0.2405,0.1598,0.2501,0.1738,0.066,0.0718
FaceForensics/NeuralTextures/766_761.mp4,FaceForensics/original/766.mp4,neuraltextures,1,0.0,0.047,0.0519,0.0938,0.0553,0.0499
FaceForensics/original/767.mp4,FaceForensics/original/767.mp4,original,0,0.0,0.0,0.0,0.0,0.0,0.0
FaceForensics/Deepfakes/767_694.mp4,FaceForensics/original/767.mp4,deepfakes,1,0.182,0.1342,0.4711,0.1892,0.0702,0.1836
FaceForensics/Face2Face/767_694.mp4,FaceForensics/original/767.mp4,face2face,1,0.0,0.0,0.0,0.0,0.0,0.0
FaceForensics/FaceShifter/767_694.mp4,FaceForensics/original/767.mp4,faceshifter,1,0.0854,0.0,0.0473,0.0645,0.0,0.0
FaceForensics/FaceSwap/767_694.mp4,FaceForensics/original/767.mp4,faceswap,1,0.1391,0.0955,0.0,0.0802,0.0,0.0724
FaceForensics/NeuralTextures/767_694.mp4,FaceForensics/original/767.mp4,neuraltextures,1,0.0,0.0,0.0,0.0,0.0,0.0
FaceForensics/original/768.mp4,FaceForensics/original/768.mp4,original,0,0.0,0.0,0.0,0.0,0.0,0.0
FaceForensics/Deepfakes/768_793.mp4,FaceForensics/original/768.mp4,deepfakes,1,0.0431,0.1161,0.0,0.0,0.0,0.0
FaceForensics/Face2Face/768_793.mp4,FaceForensics/original/768.mp4,face2face,1,0.0,0.0,0.0,0.0,0.0,0.0
FaceForensics/FaceShifter/768_793.mp4,FaceForensics/original/768.mp4,faceshifter,1,0.0,0.0,0.0,0.0,0.0,0.0
FaceForensics/FaceSwap/768_793.mp4,FaceForensics/original/768.mp4,faceswap,1,0.0,0.0,0.0,0.0,0.0,0.0
FaceForensics/NeuralTextures/768_793.mp4,FaceForensics/original/768.mp4,neuraltextures,1,0.0,0.0,0.0,0.0,0.0,0.0
FaceForensics/original/769.mp4,FaceForensics/original/769.mp4,original,0,0.0,0.0,0.0,0.0,0.0,0.0
FaceForensics/Deepfakes/769_784.mp4,FaceForensics/original/769.mp4,deepfakes,1,0.1473,0.0,0.0,0.0,0.0,0.0
FaceForensics/Face2Face/769_784.mp4,FaceForensics/original/769.mp4,face2face,1,0.0,0.0,0.0,0.0,0.0,0.0
FaceForensics/FaceShifter/769_784.mp4,FaceForensics/original/769.mp4,faceshifter,1,0.0,0.0,0.0,0.0,0.0,0.0
FaceForensics/FaceSwap/769_784.mp4,FaceForensics/original/769.mp4,faceswap,1,0.0665,0.0,0.0,0.0,0.0,0.0
FaceForensics/NeuralTextures/769_784.mp4,FaceForensics/original/769.mp4,neuraltextures,1,0.0,0.0,0.0,0.0,0.0,0.0
FaceForensics/original/770.mp4,FaceForensics/original/770.mp4,original,0,0.0,0.0,0.0,0.0,0.0,0.0
FaceForensics/Deepfakes/770_791.mp4,FaceForensics/original/770.mp4,deepfakes,1,0.0,0.0,0.0,0.0,0.0,0.0
FaceForensics/Face2Face/770_791.mp4,FaceForensics/original/770.mp4,face2face,1,0.0,0.0,0.0,0.0,0.0,0.0
FaceForensics/FaceShifter/770_791.mp4,FaceForensics/original/770.mp4,faceshifter,1,0.0,0.0704,0.0,0.0407,0.0,0.0
FaceForensics/FaceSwap/770_791.mp4,FaceForensics/original/770.mp4,faceswap,1,0.0,0.0801,0.1061,0.0866,0.0,0.0
FaceForensics/NeuralTextures/770_791.mp4,FaceForensics/original/770.mp4,neuraltextures,1,0.0,0.0,0.0,0.0,0.0,0.0
FaceForensics/original/771.mp4,FaceForensics/original/771.mp4,original,0,0.0,0.0,0.0,0.0,0.0,0.0
FaceForensics/Deepfakes/771_849.mp4,FaceForensics/original/771.mp4,deepfakes,1,0.0,0.0533,0.2222,0.0,0.0535,0.0
FaceForensics/Face2Face/771_849.mp4,FaceForensics/original/771.mp4,face2face,1,0.0,0.0,0.0,0.0,0.0,0.0
FaceForensics/FaceShifter/771_849.mp4,FaceForensics/original/771.mp4,faceshifter,1,0.0,0.0,0.0,0.0,0.0,0.0
FaceForensics/FaceSwap/771_849.mp4,FaceForensics/original/771.mp4,faceswap,1,0.1171,0.0549,0.04,0.0,0.0,0.0
FaceForensics/NeuralTextures/771_849.mp4,FaceForensics/original/771.mp4,neuraltextures,1,0.0,0.0,0.0,0.0,0.0,0.0
FaceForensics/original/772.mp4,FaceForensics/original/772.mp4,original,0,0.0,0.0,0.0,0.0,0.0,0.0
FaceForensics/Deepfakes/772_708.mp4,FaceForensics/original/772.mp4,deepfakes,1,0.1019,0.0,0.0,0.0452,0.0,0.0704
FaceForensics/Face2Face/772_708.mp4,FaceForensics/original/772.mp4,face2face,1,0.1737,0.0,0.0,0.0,0.0,0.0
FaceForensics/FaceShifter/772_708.mp4,FaceForensics/original/772.mp4,faceshifter,1,0.0823,0.0671,0.0,0.0592,0.0,0.0
FaceForensics/FaceSwap/772_708.mp4,FaceForensics/original/772.mp4,faceswap,1,0.0576,0.0,0.0,0.0,0.0,0.0
FaceForensics/NeuralTextures/772_708.mp4,FaceForensics/original/772.mp4,neuraltextures,1,0.0,0.0,0.0,0.0,0.0,0.0
FaceForensics/original/773.mp4,FaceForensics/original/773.mp4,original,0,0.0,0.0,0.0,0.0,0.0,0.0
FaceForensics/Deepfakes/773_652.mp4,FaceForensics/original/773.mp4,deepfakes,1,0.0424,0.0,0.0549,0.0,0.0,0.0
FaceForensics/Face2Face/773_652.mp4,FaceForensics/original/773.mp4,face2face,1,0.0,0.0,0.0987,0.0,0.0603,0.0413
FaceForensics/FaceShifter/773_652.mp4,FaceForensics/original/773.mp4,faceshifter,1,0.0887,0.0566,0.0821,0.072,0.069,0.0783
FaceForensics/FaceSwap/773_652.mp4,FaceForensics/original/773.mp4,faceswap,1,0.0,0.0,0.1255,0.0,0.0649,0.1103
FaceForensics/NeuralTextures/773_652.mp4,FaceForensics/original/773.mp4,neuraltextures,1,0.0,0.0,0.0517,0.0,0.0,0.0
FaceForensics/original/774.mp4,FaceForensics/original/774.mp4,original,0,0.0,0.0,0.0,0.0,0.0,0.0
FaceForensics/Deepfakes/774_735.mp4,FaceForensics/original/774.mp4,deepfakes,1,0.9374,0.7389,1.0,0.8231,0.643,0.543
FaceForensics/Face2Face/774_735.mp4,FaceForensics/original/774.mp4,face2face,1,0.0633,0.0,0.0,0.0,0.0,0.0
FaceForensics/FaceShifter/774_735.mp4,FaceForensics/original/774.mp4,faceshifter,1,0.043,0.0,0.0,0.0569,0.0594,0.0
FaceForensics/FaceSwap/774_735.mp4,FaceForensics/original/774.mp4,faceswap,1,0.3605,0.2764,0.0893,0.1586,0.1563,0.1089
FaceForensics/NeuralTextures/774_735.mp4,FaceForensics/original/774.mp4,neuraltextures,1,0.0634,0.0406,0.0,0.0,0.0,0.0
FaceForensics/original/775.mp4,FaceForensics/original/775.mp4,original,0,0.0,0.0,0.0,0.0,0.0,0.0
FaceForensics/Deepfakes/775_742.mp4,FaceForensics/original/775.mp4,deepfakes,1,0.2463,0.0953,0.4024,0.1243,0.055,0.0907
FaceForensics/Face2Face/775_742.mp4,FaceForensics/original/775.mp4,face2face,1,0.0709,0.0628,0.127,0.0,0.0,0.0
FaceForensics/FaceShifter/775_742.mp4,FaceForensics/original/775.mp4,faceshifter,1,0.1228,0.068,0.0633,0.0615,0.0705,0.0587
FaceForensics/FaceSwap/775_742.mp4,FaceForensics/original/775.mp4,faceswap,1,0.1422,0.1532,0.2133,0.0553,0.0706,0.0
FaceForensics/NeuralTextures/775_742.mp4,FaceForensics/original/775.mp4,neuraltextures,1,0.0584,0.0418,0.1898,0.0,0.0,0.0
FaceForensics/original/776.mp4,FaceForensics/original/776.mp4,original,0,0.0,0.0,0.0,0.0,0.0,0.0
FaceForensics/Deepfakes/776_676.mp4,FaceForensics/original/776.mp4,deepfakes,1,0.0439,0.0,0.0,0.0443,0.0,0.0
FaceForensics/Face2Face/776_676.mp4,FaceForensics/original/776.mp4,face2face,1,0.0,0.0,0.0,0.0,0.0,0.0
FaceForensics/FaceShifter/776_676.mp4,FaceForensics/original/776.mp4,faceshifter,1,0.0,0.0,0.0,0.0,0.0,0.0
FaceForensics/FaceSwap/776_676.mp4,FaceForensics/original/776.mp4,faceswap,1,0.0,0.0,0.0,0.0,0.0,0.0
FaceForensics/NeuralTextures/776_676.mp4,FaceForensics/original/776.mp4,neuraltextures,1,0.0,0.0,0.0,0.0,0.0,0.0
FaceForensics/original/777.mp4,FaceForensics/original/777.mp4,original,0,0.0,0.0,0.0,0.0,0.0,0.0
FaceForensics/Deepfakes/777_745.mp4,FaceForensics/original/777.mp4,deepfakes,1,0.1685,0.0,0.0,0.0,0.0,0.0
FaceForensics/Face2Face/777_745.mp4,FaceForensics/original/777.mp4,face2face,1,0.1024,0.082,0.0,0.0,0.0494,0.0628
FaceForensics/FaceShifter/777_745.mp4,FaceForensics/original/777.mp4,faceshifter,1,0.0,0.0,0.0,0.0,0.0,0.0
FaceForensics/FaceSwap/777_745.mp4,FaceForensics/original/777.mp4,faceswap,1,0.0669,0.0684,0.0,0.0,0.0,0.0
FaceForensics/NeuralTextures/777_745.mp4,FaceForensics/original/777.mp4,neuraltextures,1,0.0718,0.0402,0.0,0.0,0.0,0.0
FaceForensics/original/778.mp4,FaceForensics/original/778.mp4,original,0,0.0,0.0,0.0,0.0,0.0,0.0
FaceForensics/Deepfakes/778_798.mp4,FaceForensics/original/778.mp4,deepfakes,1,0.0968,0.0674,0.0,0.0,0.0,0.0
FaceForensics/Face2Face/778_798.mp4,FaceForensics/original/778.mp4,face2face,1,0.0,0.0,0.0,0.0,0.0605,0.0
FaceForensics/FaceShifter/778_798.mp4,FaceForensics/original/778.mp4,faceshifter,1,0.2526,0.0,0.0618,0.0,0.0469,0.0
FaceForensics/FaceSwap/778_798.mp4,FaceForensics/original/778.mp4,faceswap,1,0.0945,0.0579,0.042,0.0,0.0,0.0421
FaceForensics/NeuralTextures/778_798.mp4,FaceForensics/original/778.mp4,neuraltextures,1,0.0,0.0,0.0,0.0,0.0,0.0
FaceForensics/original/779.mp4,FaceForensics/original/779.mp4,original,0,0.0,0.0,0.0,0.0,0.0,0.0
FaceForensics/Deepfakes/779_794.mp4,FaceForensics/original/779.mp4,deepfakes,1,0.0711,0.0544,0.0,0.0433,0.0627,0.0
FaceForensics/Face2Face/779_794.mp4,FaceForensics/original/779.mp4,face2face,1,0.0,0.0,0.0,0.0,0.0,0.0
FaceForensics/FaceShifter/779_794.mp4,FaceForensics/original/779.mp4,faceshifter,1,0.0,0.0,0.0,0.0,0.0,0.0
FaceForensics/FaceSwap/779_794.mp4,FaceForensics/original/779.mp4,faceswap,1,0.0581,0.0546,0.0,0.0,0.0,0.0435
FaceForensics/NeuralTextures/779_794.mp4,FaceForensics/original/779.mp4,neuraltextures,1,0.0,0.0,0.0,0.0,0.0,0.0
FaceForensics/original/780.mp4,FaceForensics/original/780.mp4,original,0,0.0,0.0,0.0,0.0,0.0,0.0
FaceForensics/Deepfakes/780_869.mp4,FaceForensics/original/780.mp4,deepfakes,1,0.0,0.0,0.0892,0.0,0.0,0.0
FaceForensics/Face2Face/780_869.mp4,FaceForensics/original/780.mp4,face2face,1,0.0,0.0,0.0,0.0,0.0,0.0
FaceForensics/FaceShifter/780_869.mp4,FaceForensics/original/780.mp4,faceshifter,1,0.1678,0.0856,0.0868,0.1255,0.0602,0.0693
FaceForensics/FaceSwap/780_869.mp4,FaceForensics/original/780.mp4,faceswap,1,0.1301,0.0925,0.0,0.0495,0.062,0.0592
FaceForensics/NeuralTextures/780_869.mp4,FaceForensics/original/780.mp4,neuraltextures,1,0.0,0.0,0.0,0.0,0.0,0.0
FaceForensics/original/781.mp4,FaceForensics/original/781.mp4,original,0,0.0,0.0,0.0,0.0,0.0,0.0
FaceForensics/Deepfakes/781_806.mp4,FaceForensics/original/781.mp4,deepfakes,1,0.1683,0.1129,0.3257,0.0823,0.0793,0.0591
FaceForensics/Face2Face/781_806.mp4,FaceForensics/original/781.mp4,face2face,1,0.0,0.0,0.0,0.0,0.0,0.0
FaceForensics/FaceShifter/781_806.mp4,FaceForensics/original/781.mp4,faceshifter,1,0.0,0.0,0.0,0.0,0.0515,0.0
FaceForensics/FaceSwap/781_806.mp4,FaceForensics/original/781.mp4,faceswap,1,0.1746,0.0819,0.0,0.0988,0.1188,0.0519
FaceForensics/NeuralTextures/781_806.mp4,FaceForensics/original/781.mp4,neuraltextures,1,0.0,0.0,0.0,0.0,0.0,0.0
FaceForensics/original/782.mp4,FaceForensics/original/782.mp4,original,0,0.0,0.0,0.0,0.0,0.0,0.0
FaceForensics/Deepfakes/782_787.mp4,FaceForensics/original/782.mp4,deepfakes,1,0.0,0.0574,0.152,0.0739,0.0,0.0
FaceForensics/Face2Face/782_787.mp4,FaceForensics/original/782.mp4,face2face,1,0.1339,0.0528,0.0982,0.0,0.0,0.0459
FaceForensics/FaceShifter/782_787.mp4,FaceForensics/original/782.mp4,faceshifter,1,0.0,0.0,0.0,0.0,0.0,0.0
FaceForensics/FaceSwap/782_787.mp4,FaceForensics/original/782.mp4,faceswap,1,0.0,0.0,0.1659,0.0,0.0,0.0
FaceForensics/NeuralTextures/782_787.mp4,FaceForensics/original/782.mp4,neuraltextures,1,0.0579,0.0,0.2552,0.0,0.0,0.0
FaceForensics/original/783.mp4,FaceForensics/original/783.mp4,original,0,0.0,0.0,0.0,0.0,0.0,0.0
FaceForensics/Deepfakes/783_916.mp4,FaceForensics/original/783.mp4,deepfakes,1,0.0,0.0,0.0917,0.0,0.0,0.0
FaceForensics/Face2Face/783_916.mp4,FaceForensics/original/783.mp4,face2face,1,0.0,0.0,0.1307,0.0489,0.0,0.0
FaceForensics/FaceShifter/783_916.mp4,FaceForensics/original/783.mp4,faceshifter,1,0.0449,0.0,0.0,0.0,0.0,0.0
FaceForensics/FaceSwap/783_916.mp4,FaceForensics/original/783.mp4,faceswap,1,0.0459,0.0452,0.0795,0.0558,0.041,0.0476
FaceForensics/NeuralTextures/783_916.mp4,FaceForensics/original/783.mp4,neuraltextures,1,0.0,0.0,0.1025,0.0,0.0,0.0
FaceForensics/original/784.mp4,FaceForensics/original/784.mp4,original,0,0.0,0.0,0.0,0.0,0.0,0.0
FaceForensics/Deepfakes/784_769.mp4,FaceForensics/original/784.mp4,deepfakes,1,0.135,0.2271,0.1946,0.1411,0.0955,0.0732
FaceForensics/Face2Face/784_769.mp4,FaceForensics/original/784.mp4,face2face,1,0.149,0.0,0.283,0.1095,0.0676,0.042
FaceForensics/FaceShifter/784_769.mp4,FaceForensics/original/784.mp4,faceshifter,1,0.0,0.0,0.0,0.0499,0.0,0.0
FaceForensics/FaceSwap/784_769.mp4,FaceForensics/original/784.mp4,faceswap,1,0.0716,0.1227,0.1186,0.1263,0.1101,0.0
FaceForensics/NeuralTextures/784_769.mp4,FaceForensics/original/784.mp4,neuraltextures,1,0.0,0.0,0.1597,0.0508,0.0,0.0
FaceForensics/original/785.mp4,FaceForensics/original/785.mp4,original,0,0.0,0.0,0.0,0.0,0.0,0.0
FaceForensics/Deepfakes/785_736.mp4,FaceForensics/original/785.mp4,deepfakes,1,0.1092,0.2036,0.2589,0.1435,0.0628,0.0816
FaceForensics/Face2Face/785_736.mp4,FaceForensics/original/785.mp4,face2face,1,0.0,0.0,0.0979,0.0,0.0,0.0
FaceForensics/FaceShifter/785_736.mp4,FaceForensics/original/785.mp4,faceshifter,1,0.252,0.2112,0.0676,0.1243,0.0656,0.0
FaceForensics/FaceSwap/785_736.mp4,FaceForensics/original/785.mp4,faceswap,1,0.0834,0.0815,0.2188,0.0716,0.0,0.0
FaceForensics/NeuralTextures/785_736.mp4,FaceForensics/original/785.mp4,neuraltextures,1,0.0,0.0,0.1079,0.0,0.0,0.0
FaceForensics/original/786.mp4,FaceForensics/original/786.mp4,original,0,0.0,0.0,0.0,0.0,0.0,0.0
FaceForensics/Deepfakes/786_819.mp4,FaceForensics/original/786.mp4,deepfakes,1,0.0,0.0,0.0,0.0,0.0,0.0
FaceForensics/Face2Face/786_819.mp4,FaceForensics/original/786.mp4,face2face,1,0.0,0.0,0.0,0.0,0.0,0.0
FaceForensics/FaceShifter/786_819.mp4,FaceForensics/original/786.mp4,faceshifter,1,0.0434,0.0,0.0401,0.0627,0.0,0.0462
FaceForensics/FaceSwap/786_819.mp4,FaceForensics/original/786.mp4,faceswap,1,0.0524,0.0,0.0,0.0,0.0,0.0
FaceForensics/NeuralTextures/786_819.mp4,FaceForensics/original/786.mp4,neuraltextures,1,0.0426,0.0414,0.0445,0.0486,0.0511,0.0
FaceForensics/original/787.mp4,FaceForensics/original/787.mp4,original,0,0.0,0.0,0.0,0.0,0.0,0.0
FaceForensics/Deepfakes/787_782.mp4,FaceForensics/original/787.mp4,deepfakes,1,0.0748,0.1444,0.2783,0.1375,0.1061,0.0726
FaceForensics/Face2Face/787_782.mp4,FaceForensics/original/787.mp4,face2face,1,0.0,0.0,0.3129,0.0685,0.0,0.0
FaceForensics/FaceShifter/787_782.mp4,FaceForensics/original/787.mp4,faceshifter,1,0.0497,0.0,0.0,0.0,0.0,0.0
FaceForensics/FaceSwap/787_782.mp4,FaceForensics/original/787.mp4,faceswap,1,0.0682,0.0493,0.2575,0.0563,0.0,0.0
FaceForensics/NeuralTextures/787_782.mp4,FaceForensics/original/787.mp4,neuraltextures,1,0.0687,0.0542,0.3913,0.085,0.0,0.0
FaceForensics/original/788.mp4,FaceForensics/original/788.mp4,original,0,0.0,0.0,0.0,0.0,0.0,0.0
FaceForensics/Deepfakes/788_710.mp4,FaceForensics/original/788.mp4,deepfakes,1,0.0,0.0455,0.5005,0.0649,0.1017,0.0854
FaceForensics/Face2Face/788_710.mp4,FaceForensics/original/788.mp4,face2face,1,0.0,0.0,0.1129,0.0,0.0,0.0
FaceForensics/FaceShifter/788_710.mp4,FaceForensics/original/788.mp4,faceshifter,1,0.0896,0.0,0.0,0.0,0.0,0.0
FaceForensics/FaceSwap/788_710.mp4,FaceForensics/original/788.mp4,faceswap,1,0.0,0.0,0.1511,0.0,0.0,0.0
FaceForensics/NeuralTextures/788_710.mp4,FaceForensics/original/788.mp4,neuraltextures,1,0.0,0.0,0.1023,0.0,0.0,0.0
FaceForensics/original/789.mp4,FaceForensics/original/789.mp4,original,0,0.0,0.0,0.0,0.0,0.0,0.0
FaceForensics/Deepfakes/789_753.mp4,FaceForensics/original/789.mp4,deepfakes,1,0.0619,0.0,0.0779,0.0,0.0,0.0
FaceForensics/Face2Face/789_753.mp4,FaceForensics/original/789.mp4,face2face,1,0.0515,0.0,0.0861,0.0,0.0,0.0416
FaceForensics/FaceShifter/789_753.mp4,FaceForensics/original/789.mp4,faceshifter,1,0.0,0.0,0.0,0.0,0.0,0.0
FaceForensics/FaceSwap/789_753.mp4,FaceForensics/original/789.mp4,faceswap,1,0.0,0.0,0.0,0.0,0.0,0.0
FaceForensics/NeuralTextures/789_753.mp4,FaceForensics/original/789.mp4,neuraltextures,1,0.0,0.0,0.0,0.0,0.0,0.0
FaceForensics/original/790.mp4,FaceForensics/original/790.mp4,original,0,0.0,0.0,0.0,0.0,0.0,0.0
FaceForensics/Deepfakes/790_014.mp4,FaceForensics/original/790.mp4,deepfakes,1,0.3459,0.1773,0.1223,0.1723,0.1203,0.1398
FaceForensics/Face2Face/790_014.mp4,FaceForensics/original/790.mp4,face2face,1,0.0,0.0,0.0,0.0,0.0,0.0
FaceForensics/FaceShifter/790_014.mp4,FaceForensics/original/790.mp4,faceshifter,1,0.0,0.0465,0.0415,0.0552,0.0,0.0
FaceForensics/FaceSwap/790_014.mp4,FaceForensics/original/790.mp4,faceswap,1,0.0,0.0,0.0,0.0,0.0,0.0
FaceForensics/NeuralTextures/790_014.mp4,FaceForensics/original/790.mp4,neuraltextures,1,0.0,0.0,0.0,0.0,0.0,0.0
FaceForensics/original/791.mp4,FaceForensics/original/791.mp4,original,0,0.0,0.0,0.0,0.0,0.0,0.0
FaceForensics/Deepfakes/791_770.mp4,FaceForensics/original/791.mp4,deepfakes,1,0.0975,0.0,0.0,0.0,0.0,0.0
FaceForensics/Face2Face/791_770.mp4,FaceForensics/original/791.mp4,face2face,1,0.0,0.0425,0.0,0.0,0.0494,0.0
FaceForensics/FaceShifter/791_770.mp4,FaceForensics/original/791.mp4,faceshifter,1,0.1105,0.0,0.0,0.0,0.0,0.0
FaceForensics/FaceSwap/791_770.mp4,FaceForensics/original/791.mp4,faceswap,1,0.1235,0.0634,0.0,0.0,0.046,0.0
FaceForensics/NeuralTextures/791_770.mp4,FaceForensics/original/791.mp4,neuraltextures,1,0.078,0.0676,0.0468,0.0596,0.0542,0.0
FaceForensics/original/792.mp4,FaceForensics/original/792.mp4,original,0,0.0,0.0,0.0,0.0,0.0,0.0
FaceForensics/Deepfakes/792_903.mp4,FaceForensics/original/792.mp4,deepfakes,1,0.0,0.0457,0.1378,0.0,0.0429,0.0
FaceForensics/Face2Face/792_903.mp4,FaceForensics/original/792.mp4,face2face,1,0.0,0.0,0.1891,0.0,0.0,0.0
FaceForensics/FaceShifter/792_903.mp4,FaceForensics/original/792.mp4,faceshifter,1,0.0,0.0,0.0,0.0,0.0,0.0
FaceForensics/FaceSwap/792_903.mp4,FaceForensics/original/792.mp4,faceswap,1,0.0826,0.0937,0.2424,0.0,0.0664,0.0457
FaceForensics/NeuralTextures/792_903.mp4,FaceForensics/original/792.mp4,neuraltextures,1,0.0,0.0,0.0813,0.0,0.0,0.0
FaceForensics/original/793.mp4,FaceForensics/original/793.mp4,original,0,0.0,0.0,0.0,0.0,0.0,0.0
FaceForensics/Deepfakes/793_768.mp4,FaceForensics/original/793.mp4,deepfakes,1,0.0,0.0,0.2227,0.0,0.0,0.0
FaceForensics/Face2Face/793_768.mp4,FaceForensics/original/793.mp4,face2face,1,0.0,0.0,0.0,0.0,0.0,0.0
FaceForensics/FaceShifter/793_768.mp4,FaceForensics/original/793.mp4,faceshifter,1,0.1414,0.0474,0.0542,0.0813,0.0,0.0552
FaceForensics/FaceSwap/793_768.mp4,FaceForensics/original/793.mp4,faceswap,1,0.4506,0.1938,0.0711,0.1565,0.085,0.1151
FaceForensics/NeuralTextures/793_768.mp4,FaceForensics/original/793.mp4,neuraltextures,1,0.0696,0.0,0.0,0.0,0.0,0.0
FaceForensics/original/794.mp4,FaceForensics/original/794.mp4,original,0,0.0,0.0,0.0,0.0,0.0,0.0
FaceForensics/Deepfakes/794_779.mp4,FaceForensics/original/794.mp4,deepfakes,1,0.0,0.0,0.2457,0.0,0.0,0.0
FaceForensics/Face2Face/794_779.mp4,FaceForensics/original/794.mp4,face2face,1,0.0,0.0,0.0,0.0,0.0,0.0
FaceForensics/FaceShifter/794_779.mp4,FaceForensics/original/794.mp4,faceshifter,1,0.0,0.0,0.0,0.0,0.0,0.0
FaceForensics/FaceSwap/794_779.mp4,FaceForensics/original/794.mp4,faceswap,1,0.0,0.0,0.0,0.0,0.0,0.0
FaceForensics/NeuralTextures/794_779.mp4,FaceForensics/original/794.mp4,neuraltextures,1,0.0,0.0,0.0,0.0,0.0,0.0
FaceForensics/original/795.mp4,FaceForensics/original/795.mp4,original,0,0.0,0.0,0.0,0.0,0.0,0.0
FaceForensics/Deepfakes/795_907.mp4,FaceForensics/original/795.mp4,deepfakes,1,0.0,0.1019,0.1963,0.0,0.0,0.0
FaceForensics/Face2Face/795_907.mp4,FaceForensics/original/795.mp4,face2face,1,0.0,0.0,0.1237,0.0,0.0,0.0
FaceForensics/FaceShifter/795_907.mp4,FaceForensics/original/795.mp4,faceshifter,1,0.0,0.0,0.0,0.0,0.0,0.0
FaceForensics/FaceSwap/795_907.mp4,FaceForensics/original/795.mp4,faceswap,1,0.0,0.214,0.2173,0.075,0.0622,0.0647
FaceForensics/NeuralTextures/795_907.mp4,FaceForensics/original/795.mp4,neuraltextures,1,0.0,0.0,0.1442,0.0,0.0,0.0
FaceForensics/original/796.mp4,FaceForensics/original/796.mp4,original,0,0.0,0.0,0.0,0.0,0.0,0.0
FaceForensics/Deepfakes/796_740.mp4,FaceForensics/original/796.mp4,deepfakes,1,0.0,0.0,0.1452,0.0,0.0,0.0
FaceForensics/Face2Face/796_740.mp4,FaceForensics/original/796.mp4,face2face,1,0.265,0.0565,0.0,0.0,0.0459,0.0
FaceForensics/FaceShifter/796_740.mp4,FaceForensics/original/796.mp4,faceshifter,1,0.0926,0.0412,0.0,0.0468,0.0,0.0426
FaceForensics/FaceSwap/796_740.mp4,FaceForensics/original/796.mp4,faceswap,1,0.1977,0.1277,0.0,0.0,0.0416,0.0
FaceForensics/NeuralTextures/796_740.mp4,FaceForensics/original/796.mp4,neuraltextures,1,0.0534,0.0,0.0,0.0,0.0,0.0
FaceForensics/original/797.mp4,FaceForensics/original/797.mp4,original,0,0.0,0.0,0.0,0.0,0.0,0.0
FaceForensics/Deepfakes/797_844.mp4,FaceForensics/original/797.mp4,deepfakes,1,0.0,0.0,0.0908,0.0,0.0,0.0
FaceForensics/Face2Face/797_844.mp4,FaceForensics/original/797.mp4,face2face,1,0.0,0.0,0.2168,0.0,0.0,0.0
FaceForensics/FaceShifter/797_844.mp4,FaceForensics/original/797.mp4,faceshifter,1,0.0,0.0,0.0,0.0,0.0,0.0
FaceForensics/FaceSwap/797_844.mp4,FaceForensics/original/797.mp4,faceswap,1,0.0,0.0,0.0,0.0,0.0,0.0
FaceForensics/NeuralTextures/797_844.mp4,FaceForensics/original/797.mp4,neuraltextures,1,0.0,0.041,0.2327,0.0,0.0,0.0
FaceForensics/original/798.mp4,FaceForensics/original/798.mp4,original,0,0.0,0.0,0.0,0.0,0.0,0.0
FaceForensics/Deepfakes/798_778.mp4,FaceForensics/original/798.mp4,deepfakes,1,0.065,0.0,0.0657,0.0691,0.1037,0.0703
FaceForensics/Face2Face/798_778.mp4,FaceForensics/original/798.mp4,face2face,1,0.1234,0.0511,0.0497,0.0822,0.0516,0.0636
FaceForensics/FaceShifter/798_778.mp4,FaceForensics/original/798.mp4,faceshifter,1,0.0,0.0,0.0,0.0,0.0,0.0
FaceForensics/FaceSwap/798_778.mp4,FaceForensics/original/798.mp4,faceswap,1,0.117,0.0673,0.0834,0.1139,0.0506,0.0743
FaceForensics/NeuralTextures/798_778.mp4,FaceForensics/original/798.mp4,neuraltextures,1,0.0779,0.0,0.0,0.0,0.0,0.0
FaceForensics/original/799.mp4,FaceForensics/original/799.mp4,original,0,0.0,0.0,0.0,0.0,0.0,0.0
FaceForensics/Deepfakes/799_809.mp4,FaceForensics/original/799.mp4,deepfakes,1,0.0864,0.07,0.2063,0.0768,0.0538,0.1007
FaceForensics/Face2Face/799_809.mp4,FaceForensics/original/799.mp4,face2face,1,0.0,0.0,0.0,0.0,0.0,0.0
FaceForensics/FaceShifter/799_809.mp4,FaceForensics/original/799.mp4,faceshifter,1,0.0,0.0,0.0,0.0,0.0,0.0
FaceForensics/FaceSwap/799_809.mp4,FaceForensics/original/799.mp4,faceswap,1,0.0,0.0,0.0,0.0,0.0,0.0
FaceForensics/NeuralTextures/799_809.mp4,FaceForensics/original/799.mp4,neuraltextures,1,0.0,0.0,0.0,0.0,0.0,0.0
FaceForensics/original/800.mp4,FaceForensics/original/800.mp4,original,0,0.0,0.0,0.0,0.0,0.0,0.0
FaceForensics/Deepfakes/800_840.mp4,FaceForensics/original/800.mp4,deepfakes,1,0.0,0.0,0.0,0.0,0.0,0.0
FaceForensics/Face2Face/800_840.mp4,FaceForensics/original/800.mp4,face2face,1,0.0,0.0,0.0,0.0,0.0,0.0
FaceForensics/FaceShifter/800_840.mp4,FaceForensics/original/800.mp4,faceshifter,1,0.0,0.0,0.0,0.0,0.0,0.0
FaceForensics/FaceSwap/800_840.mp4,FaceForensics/original/800.mp4,faceswap,1,0.0,0.0,0.0,0.0,0.0,0.0
FaceForensics/NeuralTextures/800_840.mp4,FaceForensics/original/800.mp4,neuraltextures,1,0.0,0.0,0.0,0.0,0.0,0.0
FaceForensics/original/801.mp4,FaceForensics/original/801.mp4,original,0,0.0,0.0,0.0,0.0,0.0,0.0
FaceForensics/Deepfakes/801_855.mp4,FaceForensics/original/801.mp4,deepfakes,1,0.0716,0.0528,0.2211,0.1054,0.077,0.0402
FaceForensics/Face2Face/801_855.mp4,FaceForensics/original/801.mp4,face2face,1,0.0,0.0,0.1404,0.0,0.0,0.0
FaceForensics/FaceShifter/801_855.mp4,FaceForensics/original/801.mp4,faceshifter,1,0.0,0.0,0.0,0.0,0.0,0.0
FaceForensics/FaceSwap/801_855.mp4,FaceForensics/original/801.mp4,faceswap,1,0.0897,0.0,0.0727,0.0519,0.0,0.0
FaceForensics/NeuralTextures/801_855.mp4,FaceForensics/original/801.mp4,neuraltextures,1,0.0,0.0,0.1059,0.0,0.0,0.0
FaceForensics/original/802.mp4,FaceForensics/original/802.mp4,original,0,0.0,0.0,0.0,0.0,0.0,0.0
FaceForensics/Deepfakes/802_885.mp4,FaceForensics/original/802.mp4,deepfakes,1,0.0,0.0,0.0,0.0,0.0,0.0
FaceForensics/Face2Face/802_885.mp4,FaceForensics/original/802.mp4,face2face,1,0.0945,0.0492,0.0,0.0,0.0,0.0
FaceForensics/FaceShifter/802_885.mp4,FaceForensics/original/802.mp4,faceshifter,1,0.0637,0.0,0.0,0.0,0.0,0.0
FaceForensics/FaceSwap/802_885.mp4,FaceForensics/original/802.mp4,faceswap,1,0.0696,0.0663,0.0,0.0,0.0,0.0
FaceForensics/NeuralTextures/802_885.mp4,FaceForensics/original/802.mp4,neuraltextures,1,0.1009,0.0518,0.0,0.0,0.0,0.0
FaceForensics/original/803.mp4,FaceForensics/original/803.mp4,original,0,0.0,0.0,0.0,0.0,0.0,0.0
FaceForensics/Deepfakes/803_017.mp4,FaceForensics/original/803.mp4,deepfakes,1,0.0999,0.1114,0.1403,0.1135,0.0528,0.0
FaceForensics/Face2Face/803_017.mp4,FaceForensics/original/803.mp4,face2face,1,0.0,0.0,0.0,0.0,0.086,0.0
FaceForensics/FaceShifter/803_017.mp4,FaceForensics/original/803.mp4,faceshifter,1,0.0963,0.0,0.1013,0.0895,0.0,0.0455
FaceForensics/FaceSwap/803_017.mp4,FaceForensics/original/803.mp4,faceswap,1,0.0887,0.09,0.0412,0.0853,0.0,0.0
FaceForensics/NeuralTextures/803_017.mp4,FaceForensics/original/803.mp4,neuraltextures,1,0.0,0.0,0.0,0.0,0.0,0.0
FaceForensics/original/804.mp4,FaceForensics/original/804.mp4,original,0,0.0,0.0,0.0,0.0,0.0,0.0
FaceForensics/Deepfakes/804_738.mp4,FaceForensics/original/804.mp4,deepfakes,1,0.0,0.0,0.0,0.0663,0.0,0.0
FaceForensics/Face2Face/804_738.mp4,FaceForensics/original/804.mp4,face2face,1,0.1557,0.0,0.0,0.0,0.0,0.0
FaceForensics/FaceShifter/804_738.mp4,FaceForensics/original/804.mp4,faceshifter,1,0.1139,0.0,0.0564,0.0,0.0,0.0
FaceForensics/FaceSwap/804_738.mp4,FaceForensics/original/804.mp4,faceswap,1,0.0877,0.0,0.0,0.0,0.0,0.0
FaceForensics/NeuralTextures/804_738.mp4,FaceForensics/original/804.mp4,neuraltextures,1,0.0,0.0,0.0,0.0,0.0,0.0
FaceForensics/original/805.mp4,FaceForensics/original/805.mp4,original,0,0.0,0.0,0.0,0.0,0.0,0.0
FaceForensics/Deepfakes/805_011.mp4,FaceForensics/original/805.mp4,deepfakes,1,0.0,0.0775,0.0836,0.0534,0.0702,0.0
FaceForensics/Face2Face/805_011.mp4,FaceForensics/original/805.mp4,face2face,1,0.0453,0.0,0.0698,0.0,0.0,0.0
FaceForensics/FaceShifter/805_011.mp4,FaceForensics/original/805.mp4,faceshifter,1,0.1104,0.1187,0.0486,0.0776,0.0,0.0
FaceForensics/FaceSwap/805_011.mp4,FaceForensics/original/805.mp4,faceswap,1,0.0713,0.1605,0.1312,0.0,0.0884,0.0
FaceForensics/NeuralTextures/805_011.mp4,FaceForensics/original/805.mp4,neuraltextures,1,0.0583,0.0,0.1084,0.0,0.0,0.0
FaceForensics/original/806.mp4,FaceForensics/original/806.mp4,original,0,0.0,0.0,0.0,0.0,0.0,0.0
FaceForensics/Deepfakes/806_781.mp4,FaceForensics/original/806.mp4,deepfakes,1,0.0,0.0686,0.0,0.0,0.0,0.0
FaceForensics/Face2Face/806_781.mp4,FaceForensics/original/806.mp4,face2face,1,0.0,0.0,0.0,0.0,0.0,0.0
FaceForensics/FaceShifter/806_781.mp4,FaceForensics/original/806.mp4,faceshifter,1,0.0,0.0,0.0,0.0409,0.0,0.0
FaceForensics/FaceSwap/806_781.mp4,FaceForensics/original/806.mp4,faceswap,1,0.0,0.0441,0.0,0.0,0.054,0.0
FaceForensics/NeuralTextures/806_781.mp4,FaceForensics/original/806.mp4,neuraltextures,1,0.065,0.0,0.0,0.0,0.0,0.0
FaceForensics/original/807.mp4,FaceForensics/original/807.mp4,original,0,0.0,0.0,0.0,0.0,0.0,0.0
FaceForensics/Deepfakes/807_273.mp4,FaceForensics/original/807.mp4,deepfakes,1,0.0,0.0,0.0,0.0,0.0,0.0
FaceForensics/Face2Face/807_273.mp4,FaceForensics/original/807.mp4,face2face,1,0.0,0.0,0.0,0.0,0.0,0.0
FaceForensics/FaceShifter/807_273.mp4,FaceForensics/original/807.mp4,faceshifter,1,0.0,0.0,0.0,0.0,0.0,0.0
FaceForensics/FaceSwap/807_273.mp4,FaceForensics/original/807.mp4,faceswap,1,0.0,0.0,0.0401,0.0,0.0,0.0
FaceForensics/NeuralTextures/807_273.mp4,FaceForensics/original/807.mp4,neuraltextures,1,0.0,0.0,0.0,0.0,0.0,0.0
FaceForensics/original/808.mp4,FaceForensics/original/808.mp4,original,0,0.0,0.0,0.0,0.0,0.0,0.0
FaceForensics/Deepfakes/808_829.mp4,FaceForensics/original/808.mp4,deepfakes,1,0.0834,0.0632,0.1658,0.0543,0.0459,0.0781
FaceForensics/Face2Face/808_829.mp4,FaceForensics/original/808.mp4,face2face,1,0.0,0.0,0.1956,0.0,0.0,0.0
FaceForensics/FaceShifter/808_829.mp4,FaceForensics/original/808.mp4,faceshifter,1,0.406,0.1147,0.1183,0.1483,0.1101,0.1128
FaceForensics/FaceSwap/808_829.mp4,FaceForensics/original/808.mp4,faceswap,1,0.0958,0.0692,0.1642,0.0,0.0,0.0651
FaceForensics/NeuralTextures/808_829.mp4,FaceForensics/original/808.mp4,neuraltextures,1,0.0,0.0,0.1403,0.0,0.0,0.0
FaceForensics/original/809.mp4,FaceForensics/original/809.mp4,original,0,0.0,0.0,0.0,0.0,0.0,0.0
FaceForensics/Deepfakes/809_799.mp4,FaceForensics/original/809.mp4,deepfakes,1,0.0,0.2376,0.0715,0.0416,0.0473,0.0417
FaceForensics/Face2Face/809_799.mp4,FaceForensics/original/809.mp4,face2face,1,0.0,0.0,0.0614,0.0,0.0,0.0
FaceForensics/FaceShifter/809_799.mp4,FaceForensics/original/809.mp4,faceshifter,1,0.0,0.0,0.0,0.0,0.0,0.0
FaceForensics/FaceSwap/809_799.mp4,FaceForensics/original/809.mp4,faceswap,1,0.0,0.0,0.116,0.0472,0.0,0.0
FaceForensics/NeuralTextures/809_799.mp4,FaceForensics/original/809.mp4,neuraltextures,1,0.0,0.0,0.0614,0.0,0.0,0.0
FaceForensics/original/810.mp4,FaceForensics/original/810.mp4,original,0,0.0,0.0,0.0,0.0,0.0,0.0
FaceForensics/Deepfakes/810_838.mp4,FaceForensics/original/810.mp4,deepfakes,1,0.0,0.0449,0.2472,0.1065,0.0,0.0582
FaceForensics/Face2Face/810_838.mp4,FaceForensics/original/810.mp4,face2face,1,0.2156,0.0,0.2076,0.0,0.0622,0.0409
FaceForensics/FaceShifter/810_838.mp4,FaceForensics/original/810.mp4,faceshifter,1,0.0,0.0,0.0,0.0,0.0,0.0
FaceForensics/FaceSwap/810_838.mp4,FaceForensics/original/810.mp4,faceswap,1,0.0,0.0,0.0,0.0,0.0,0.0
FaceForensics/NeuralTextures/810_838.mp4,FaceForensics/original/810.mp4,neuraltextures,1,0.081,0.0,0.0,0.0,0.0,0.0
FaceForensics/original/811.mp4,FaceForensics/original/811.mp4,original,0,0.0,0.0,0.0,0.0,0.0,0.0
FaceForensics/Deepfakes/811_920.mp4,FaceForensics/original/811.mp4,deepfakes,1,0.0,0.0403,0.0,0.05,0.0,0.0
FaceForensics/Face2Face/811_920.mp4,FaceForensics/original/811.mp4,face2face,1,0.0,0.0,0.0,0.0,0.0,0.0
FaceForensics/FaceShifter/811_920.mp4,FaceForensics/original/811.mp4,faceshifter,1,0.0,0.0,0.0,0.0,0.0484,0.0
FaceForensics/FaceSwap/811_920.mp4,FaceForensics/original/811.mp4,faceswap,1,0.0,0.1269,0.0,0.0,0.0,0.0
FaceForensics/NeuralTextures/811_920.mp4,FaceForensics/original/811.mp4,neuraltextures,1,0.0,0.0,0.0,0.0,0.0,0.0
FaceForensics/original/812.mp4,FaceForensics/original/812.mp4,original,0,0.0,0.0,0.0,0.0,0.0,0.0
FaceForensics/Deepfakes/812_821.mp4,FaceForensics/original/812.mp4,deepfakes,1,0.0,0.0,0.1218,0.0,0.0,0.0
FaceForensics/Face2Face/812_821.mp4,FaceForensics/original/812.mp4,face2face,1,0.0,0.0,0.043,0.0,0.0,0.0
FaceForensics/FaceShifter/812_821.mp4,FaceForensics/original/812.mp4,faceshifter,1,0.1037,0.0754,0.0,0.0728,0.0,0.0485
FaceForensics/FaceSwap/812_821.mp4,FaceForensics/original/812.mp4,faceswap,1,0.0,0.0,0.0,0.0,0.0,0.0
FaceForensics/NeuralTextures/812_821.mp4,FaceForensics/original/812.mp4,neuraltextures,1,0.0,0.0,0.0578,0.0478,0.0,0.0
FaceForensics/original/813.mp4,FaceForensics/original/813.mp4,original,0,0.0,0.0,0.0,0.0,0.0,0.0
FaceForensics/Deepfakes/813_700.mp4,FaceForensics/original/813.mp4,deepfakes,1,0.0699,0.0647,0.0,0.0,0.0,0.0
FaceForensics/Face2Face/813_700.mp4,FaceForensics/original/813.mp4,face2face,1,0.2274,0.1132,0.0674,0.0544,0.0646,0.0
FaceForensics/FaceShifter/813_700.mp4,FaceForensics/original/813.mp4,faceshifter,1,0.0639,0.0,0.0,0.0,0.0,0.0
FaceForensics/FaceSwap/813_700.mp4,FaceForensics/original/813.mp4,faceswap,1,0.0784,0.0,0.0,0.0,0.0,0.0
FaceForensics/NeuralTextures/813_700.mp4,FaceForensics/original/813.mp4,neuraltextures,1,0.0549,0.0,0.0,0.0,0.0,0.0
FaceForensics/original/814.mp4,FaceForensics/original/814.mp4,original,0,0.0,0.0,0.0,0.0,0.0,0.0
FaceForensics/Deepfakes/814_871.mp4,FaceForensics/original/814.mp4,deepfakes,1,0.0,0.0597,0.0493,0.0442,0.0,0.0552
FaceForensics/Face2Face/814_871.mp4,FaceForensics/original/814.mp4,face2face,1,0.139,0.0,0.0491,0.0537,0.0623,0.0613
FaceForensics/FaceShifter/814_871.mp4,FaceForensics/original/814.mp4,faceshifter,1,0.0,0.0,0.0,0.0,0.0,0.0
FaceForensics/FaceSwap/814_871.mp4,FaceForensics/original/814.mp4,faceswap,1,0.0725,0.0945,0.0,0.0,0.0,0.0
FaceForensics/NeuralTextures/814_871.mp4,FaceForensics/original/814.mp4,neuraltextures,1,0.1048,0.0,0.0,0.0,0.0,0.0
FaceForensics/original/815.mp4,FaceForensics/original/815.mp4,original,0,0.0,0.0,0.0,0.0,0.0,0.0
FaceForensics/Deepfakes/815_730.mp4,FaceForensics/original/815.mp4,deepfakes,1,0.3122,0.4673,0.0561,0.0557,0.1019,0.1368
FaceForensics/Face2Face/815_730.mp4,FaceForensics/original/815.mp4,face2face,1,0.0,0.0891,0.0826,0.0,0.0,0.0
FaceForensics/FaceShifter/815_730.mp4,FaceForensics/original/815.mp4,faceshifter,1,0.4898,0.3981,0.1554,0.2515,0.1682,0.2493
FaceForensics/FaceSwap/815_730.mp4,FaceForensics/original/815.mp4,faceswap,1,0.1425,0.14,0.0455,0.0,0.0,0.0
FaceForensics/NeuralTextures/815_730.mp4,FaceForensics/original/815.mp4,neuraltextures,1,0.0,0.0,0.0,0.0,0.0,0.0
FaceForensics/original/816.mp4,FaceForensics/original/816.mp4,original,0,0.0,0.0,0.0,0.0,0.0,0.0
FaceForensics/Deepfakes/816_649.mp4,FaceForensics/original/816.mp4,deepfakes,1,0.1881,0.0584,0.0785,0.0699,0.0,0.0653
FaceForensics/Face2Face/816_649.mp4,FaceForensics/original/816.mp4,face2face,1,0.0843,0.0,0.1204,0.0,0.0,0.0
FaceForensics/FaceShifter/816_649.mp4,FaceForensics/original/816.mp4,faceshifter,1,0.1973,0.0,0.0,0.0,0.0,0.0536
FaceForensics/FaceSwap/816_649.mp4,FaceForensics/original/816.mp4,faceswap,1,0.1876,0.2934,0.0896,0.0,0.1214,0.0513
FaceForensics/NeuralTextures/816_649.mp4,FaceForensics/original/816.mp4,neuraltextures,1,0.0,0.0,0.3972,0.0612,0.0,0.0574
FaceForensics/original/817.mp4,FaceForensics/original/817.mp4,original,0,0.0,0.0,0.0,0.0,0.0,0.0
FaceForensics/Deepfakes/817_827.mp4,FaceForensics/original/817.mp4,deepfakes,1,0.0818,0.0694,0.0,0.0555,0.0,0.0
FaceForensics/Face2Face/817_827.mp4,FaceForensics/original/817.mp4,face2face,1,0.0,0.0,0.0,0.0,0.0,0.0
FaceForensics/FaceShifter/817_827.mp4,FaceForensics/original/817.mp4,faceshifter,1,0.0,0.0,0.0,0.0,0.0,0.0
FaceForensics/FaceSwap/817_827.mp4,FaceForensics/original/817.mp4,faceswap,1,0.1507,0.1231,0.0545,0.1218,0.0441,0.0555
FaceForensics/NeuralTextures/817_827.mp4,FaceForensics/original/817.mp4,neuraltextures,1,0.0,0.0,0.0,0.0,0.0,0.0
FaceForensics/original/818.mp4,FaceForensics/original/818.mp4,original,0,0.0,0.0,0.0,0.0,0.0,0.0
FaceForensics/Deepfakes/818_820.mp4,FaceForensics/original/818.mp4,deepfakes,1,0.0,0.0,0.0765,0.0,0.0,0.0
FaceForensics/Face2Face/818_820.mp4,FaceForensics/original/818.mp4,face2face,1,0.0447,0.0,0.0,0.0,0.0,0.0
FaceForensics/FaceShifter/818_820.mp4,FaceForensics/original/818.mp4,faceshifter,1,0.0,0.0,0.0,0.0,0.0,0.0
FaceForensics/FaceSwap/818_820.mp4,FaceForensics/original/818.mp4,faceswap,1,0.0896,0.0,0.0,0.0,0.0,0.0
FaceForensics/NeuralTextures/818_820.mp4,FaceForensics/original/818.mp4,neuraltextures,1,0.0,0.0,0.0,0.0,0.0,0.0
FaceForensics/original/819.mp4,FaceForensics/original/819.mp4,original,0,0.0,0.0,0.0,0.0,0.0,0.0
FaceForensics/Deepfakes/819_786.mp4,FaceForensics/original/819.mp4,deepfakes,1,0.0,0.0439,0.0993,0.0609,0.0,0.0547
FaceForensics/Face2Face/819_786.mp4,FaceForensics/original/819.mp4,face2face,1,0.0,0.0,0.0401,0.0,0.0,0.0
FaceForensics/FaceShifter/819_786.mp4,FaceForensics/original/819.mp4,faceshifter,1,0.0,0.0,0.0,0.0,0.0,0.0
FaceForensics/FaceSwap/819_786.mp4,FaceForensics/original/819.mp4,faceswap,1,0.1185,0.2158,0.0553,0.0414,0.0929,0.076
FaceForensics/NeuralTextures/819_786.mp4,FaceForensics/original/819.mp4,neuraltextures,1,0.0,0.0,0.0,0.0,0.0,0.0
FaceForensics/original/820.mp4,FaceForensics/original/820.mp4,original,0,0.0,0.0,0.0,0.0,0.0,0.0
FaceForensics/Deepfakes/820_818.mp4,FaceForensics/original/820.mp4,deepfakes,1,0.0455,0.0,0.3246,0.0515,0.0,0.0
FaceForensics/Face2Face/820_818.mp4,FaceForensics/original/820.mp4,face2face,1,0.0,0.0,0.0,0.0,0.0,0.0
FaceForensics/FaceShifter/820_818.mp4,FaceForensics/original/820.mp4,faceshifter,1,0.0426,0.0,0.0,0.0,0.0,0.0
FaceForensics/FaceSwap/820_818.mp4,FaceForensics/original/820.mp4,faceswap,1,0.0,0.0,0.3153,0.0,0.0,0.0
FaceForensics/NeuralTextures/820_818.mp4,FaceForensics/original/820.mp4,neuraltextures,1,0.0,0.0,0.1564,0.0,0.0,0.0
FaceForensics/original/821.mp4,FaceForensics/original/821.mp4,original,0,0.0,0.0,0.0,0.0,0.0,0.0
FaceForensics/Deepfakes/821_812.mp4,FaceForensics/original/821.mp4,deepfakes,1,0.0455,0.1355,0.2349,0.05,0.0,0.0
FaceForensics/Face2Face/821_812.mp4,FaceForensics/original/821.mp4,face2face,1,0.0,0.0,0.1133,0.0,0.0,0.0
FaceForensics/FaceShifter/821_812.mp4,FaceForensics/original/821.mp4,faceshifter,1,0.0843,0.0763,0.0917,0.0882,0.0647,0.0842
FaceForensics/FaceSwap/821_812.mp4,FaceForensics/original/821.mp4,faceswap,1,0.0518,0.0426,0.093,0.0,0.0,0.0
FaceForensics/NeuralTextures/821_812.mp4,FaceForensics/original/821.mp4,neuraltextures,1,0.0583,0.0,0.2093,0.0,0.0523,0.0
FaceForensics/original/822.mp4,FaceForensics/original/822.mp4,original,0,0.0,0.0,0.0,0.0,0.0,0.0
FaceForensics/Deepfakes/822_244.mp4,FaceForensics/original/822.mp4,deepfakes,1,0.0,0.0634,0.0,0.0,0.0,0.0
FaceForensics/Face2Face/822_244.mp4,FaceForensics/original/822.mp4,face2face,1,0.0764,0.0,0.0,0.0,0.0,0.0
FaceForensics/FaceShifter/822_244.mp4,FaceForensics/original/822.mp4,faceshifter,1,0.0,0.0,0.0,0.0,0.0,0.0
FaceForensics/FaceSwap/822_244.mp4,FaceForensics/original/822.mp4,faceswap,1,0.0639,0.071,0.0592,0.0501,0.0,0.0
FaceForensics/NeuralTextures/822_244.mp4,FaceForensics/original/822.mp4,neuraltextures,1,0.0958,0.0,0.0,0.0,0.0,0.0
FaceForensics/original/823.mp4,FaceForensics/original/823.mp4,original,0,0.0,0.0,0.0,0.0,0.0,0.0
FaceForensics/Deepfakes/823_584.mp4,FaceForensics/original/823.mp4,deepfakes,1,0.1191,0.0,0.0,0.0,0.0,0.0
FaceForensics/Face2Face/823_584.mp4,FaceForensics/original/823.mp4,face2face,1,0.0625,0.0,0.0,0.0415,0.0,0.0
FaceForensics/FaceShifter/823_584.mp4,FaceForensics/original/823.mp4,faceshifter,1,0.0,0.0,0.0,0.0,0.0,0.0
FaceForensics/FaceSwap/823_584.mp4,FaceForensics/original/823.mp4,faceswap,1,0.0,0.0,0.0,0.0,0.0,0.0
FaceForensics/NeuralTextures/823_584.mp4,FaceForensics/original/823.mp4,neuraltextures,1,0.0437,0.0,0.0,0.0,0.0,0.0
FaceForensics/original/824.mp4,FaceForensics/original/824.mp4,original,0,0.0,0.0,0.0,0.0,0.0,0.0
FaceForensics/Deepfakes/824_419.mp4,FaceForensics/original/824.mp4,deepfakes,1,0.0452,0.0553,0.176,0.0,0.0,0.0
FaceForensics/Face2Face/824_419.mp4,FaceForensics/original/824.mp4,face2face,1,0.0,0.0,0.1478,0.0,0.0,0.0
FaceForensics/FaceShifter/824_419.mp4,FaceForensics/original/824.mp4,faceshifter,1,0.0,0.0,0.0,0.0,0.0,0.0
FaceForensics/FaceSwap/824_419.mp4,FaceForensics/original/824.mp4,faceswap,1,0.0,0.0,0.1058,0.0,0.0,0.0
FaceForensics/NeuralTextures/824_419.mp4,FaceForensics/original/824.mp4,neuraltextures,1,0.0,0.0,0.1535,0.0,0.0,0.0
FaceForensics/original/825.mp4,FaceForensics/original/825.mp4,original,0,0.0,0.0,0.0,0.0,0.0,0.0
FaceForensics/Deepfakes/825_074.mp4,FaceForensics/original/825.mp4,deepfakes,1,0.0,0.0627,0.2847,0.1748,0.0506,0.0897
FaceForensics/Face2Face/825_074.mp4,FaceForensics/original/825.mp4,face2face,1,0.0746,0.0,0.0,0.0,0.0,0.0
FaceForensics/FaceShifter/825_074.mp4,FaceForensics/original/825.mp4,faceshifter,1,0.0427,0.1036,0.0,0.0476,0.0,0.0
FaceForensics/FaceSwap/825_074.mp4,FaceForensics/original/825.mp4,faceswap,1,0.0624,0.0808,0.0,0.0832,0.1027,0.1035
FaceForensics/NeuralTextures/825_074.mp4,FaceForensics/original/825.mp4,neuraltextures,1,0.0778,0.0417,0.0,0.0414,0.0457,0.0
FaceForensics/original/826.mp4,FaceForensics/original/826.mp4,original,0,0.0,0.0,0.0,0.0,0.0,0.0
FaceForensics/Deepfakes/826_833.mp4,FaceForensics/original/826.mp4,deepfakes,1,0.2003,0.1276,0.0446,0.067,0.0485,0.0
FaceForensics/Face2Face/826_833.mp4,FaceForensics/original/826.mp4,face2face,1,0.0919,0.0,0.0,0.0,0.0,0.0
FaceForensics/FaceShifter/826_833.mp4,FaceForensics/original/826.mp4,faceshifter,1,0.0,0.0,0.0707,0.0545,0.0,0.0
FaceForensics/FaceSwap/826_833.mp4,FaceForensics/original/826.mp4,faceswap,1,0.0,0.0,0.0694,0.055,0.0,0.0
FaceForensics/NeuralTextures/826_833.mp4,FaceForensics/original/826.mp4,neuraltextures,1,0.0545,0.0,0.0401,0.0,0.0,0.0
FaceForensics/original/827.mp4,FaceForensics/original/827.mp4,original,0,0.0,0.0,0.0,0.0,0.0,0.0
FaceForensics/Deepfakes/827_817.mp4,FaceForensics/original/827.mp4,deepfakes,1,0.0,0.0475,0.0,0.0414,0.0673,0.0
FaceForensics/Face2Face/827_817.mp4,FaceForensics/original/827.mp4,face2face,1,0.1265,0.0,0.0413,0.0,0.0478,0.0
FaceForensics/FaceShifter/827_817.mp4,FaceForensics/original/827.mp4,faceshifter,1,0.2497,0.1877,0.0723,0.0832,0.1069,0.0666
FaceForensics/FaceSwap/827_817.mp4,FaceForensics/original/827.mp4,faceswap,1,0.0443,0.0764,0.0,0.0,0.0,0.0
FaceForensics/NeuralTextures/827_817.mp4,FaceForensics/original/827.mp4,neuraltextures,1,0.0,0.0,0.0,0.0,0.0,0.0
FaceForensics/original/828.mp4,FaceForensics/original/828.mp4,original,0,0.0,0.0,0.0,0.0,0.0,0.0
FaceForensics/Deepfakes/828_830.mp4,FaceForensics/original/828.mp4,deepfakes,1,0.0,0.0,0.0,0.0,0.0,0.0
FaceForensics/Face2Face/828_830.mp4,FaceForensics/original/828.mp4,face2face,1,0.0,0.0,0.0,0.0,0.0,0.0
FaceForensics/FaceShifter/828_830.mp4,FaceForensics/original/828.mp4,faceshifter,1,0.0,0.0,0.0,0.0,0.0,0.0
FaceForensics/FaceSwap/828_830.mp4,FaceForensics/original/828.mp4,faceswap,1,0.0,0.0431,0.0,0.0,0.0,0.0
FaceForensics/NeuralTextures/828_830.mp4,FaceForensics/original/828.mp4,neuraltextures,1,0.0,0.0,0.0,0.0,0.0,0.0
FaceForensics/original/829.mp4,FaceForensics/original/829.mp4,original,0,0.0,0.0,0.0,0.0,0.0,0.0
FaceForensics/Deepfakes/829_808.mp4,FaceForensics/original/829.mp4,deepfakes,1,0.0,0.073,0.169,0.0564,0.0,0.0488
FaceForensics/Face2Face/829_808.mp4,FaceForensics/original/829.mp4,face2face,1,0.0,0.0,0.1558,0.0,0.0,0.0
FaceForensics/FaceShifter/829_808.mp4,FaceForensics/original/829.mp4,faceshifter,1,0.1033,0.0564,0.0,0.0567,0.0,0.0
FaceForensics/FaceSwap/829_808.mp4,FaceForensics/original/829.mp4,faceswap,1,0.0941,0.0659,0.1219,0.0731,0.0,0.0541
FaceForensics/NeuralTextures/829_808.mp4,FaceForensics/original/829.mp4,neuraltextures,1,0.0,0.0,0.1926,0.0,0.0,0.0
FaceForensics/original/830.mp4,FaceForensics/original/830.mp4,original,0,0.0,0.0,0.0,0.0,0.0,0.0
FaceForensics/Deepfakes/830_828.mp4,FaceForensics/original/830.mp4,deepfakes,1,0.0,0.0,0.1759,0.0563,0.0559,0.0
FaceForensics/Face2Face/830_828.mp4,FaceForensics/original/830.mp4,face2face,1,0.0,0.0,0.0,0.0,0.0,0.0
FaceForensics/FaceShifter/830_828.mp4,FaceForensics/original/830.mp4,faceshifter,1,0.0,0.058,0.0573,0.0491,0.0601,0.0
FaceForensics/FaceSwap/830_828.mp4,FaceForensics/original/830.mp4,faceswap,1,0.1998,0.144,0.0,0.0859,0.0,0.0819
FaceForensics/NeuralTextures/830_828.mp4,FaceForensics/original/830.mp4,neuraltextures,1,0.0,0.0,0.0,0.0,0.0,0.0
FaceForensics/original/831.mp4,FaceForensics/original/831.mp4,original,0,0.0,0.0,0.0,0.0,0.0,0.0
FaceForensics/Deepfakes/831_508.mp4,FaceForensics/original/831.mp4,deepfakes,1,0.1996,0.1828,0.1208,0.1733,0.141,0.1252
FaceForensics/Face2Face/831_508.mp4,FaceForensics/original/831.mp4,face2face,1,0.0525,0.0,0.0,0.0,0.0553,0.0
FaceForensics/FaceShifter/831_508.mp4,FaceForensics/original/831.mp4,faceshifter,1,0.0972,0.0821,0.0,0.0,0.0,0.0
FaceForensics/FaceSwap/831_508.mp4,FaceForensics/original/831.mp4,faceswap,1,0.2152,0.1635,0.0758,0.1085,0.1015,0.1194
FaceForensics/NeuralTextures/831_508.mp4,FaceForensics/original/831.mp4,neuraltextures,1,0.118,0.0,0.0,0.0,0.0,0.0461
FaceForensics/original/832.mp4,FaceForensics/original/832.mp4,original,0,0.0,0.0,0.0,0.0,0.0,0.0
FaceForensics/Deepfakes/832_762.mp4,FaceForensics/original/832.mp4,deepfakes,1,0.1417,0.0963,0.1062,0.0,0.0904,0.0
FaceForensics/Face2Face/832_762.mp4,FaceForensics/original/832.mp4,face2face,1,0.0,0.0459,0.2266,0.0,0.1044,0.0
FaceForensics/FaceShifter/832_762.mp4,FaceForensics/original/832.mp4,faceshifter,1,0.0,0.0,0.0,0.0,0.0,0.0
FaceForensics/FaceSwap/832_762.mp4,FaceForensics/original/832.mp4,faceswap,1,0.0779,0.0775,0.1513,0.0419,0.0,0.0
FaceForensics/NeuralTextures/832_762.mp4,FaceForensics/original/832.mp4,neuraltextures,1,0.0,0.0,0.2016,0.0,0.086,0.0
FaceForensics/original/833.mp4,FaceForensics/original/833.mp4,original,0,0.0,0.0,0.0,0.0,0.0,0.0
FaceForensics/Deepfakes/833_826.mp4,FaceForensics/original/833.mp4,deepfakes,1,0.0,0.0,0.2397,0.0,0.0,0.0
FaceForensics/Face2Face/833_826.mp4,FaceForensics/original/833.mp4,face2face,1,0.0,0.0,0.0,0.0411,0.0,0.0
FaceForensics/FaceShifter/833_826.mp4,FaceForensics/original/833.mp4,faceshifter,1,0.0,0.0,0.0,0.0,0.0,0.0
FaceForensics/FaceSwap/833_826.mp4,FaceForensics/original/833.mp4,faceswap,1,0.0519,0.0,0.0,0.0409,0.0,0.0
FaceForensics/NeuralTextures/833_826.mp4,FaceForensics/original/833.mp4,neuraltextures,1,0.0518,0.0,0.0,0.0,0.0,0.0
FaceForensics/original/834.mp4,FaceForensics/original/834.mp4,original,0,0.0,0.0,0.0,0.0,0.0,0.0
FaceForensics/Deepfakes/834_852.mp4,FaceForensics/original/834.mp4,deepfakes,1,0.6391,0.2914,0.7216,0.6601,0.2596,0.3349
FaceForensics/Face2Face/834_852.mp4,FaceForensics/original/834.mp4,face2face,1,0.0,0.0,0.0,0.0,0.0,0.0
FaceForensics/FaceShifter/834_852.mp4,FaceForensics/original/834.mp4,faceshifter,1,0.1089,0.0466,0.045,0.1037,0.0789,0.0958
FaceForensics/FaceSwap/834_852.mp4,FaceForensics/original/834.mp4,faceswap,1,0.3101,0.1943,0.0408,0.2097,0.1513,0.1677
FaceForensics/NeuralTextures/834_852.mp4,FaceForensics/original/834.mp4,neuraltextures,1,0.0,0.0,0.0,0.0421,0.0,0.0
FaceForensics/original/835.mp4,FaceForensics/original/835.mp4,original,0,0.0,0.0,0.0,0.0,0.0,0.0
FaceForensics/Deepfakes/835_651.mp4,FaceForensics/original/835.mp4,deepfakes,1,0.1762,0.0485,0.0405,0.0411,0.0523,0.0665
FaceForensics/Face2Face/835_651.mp4,FaceForensics/original/835.mp4,face2face,1,0.0,0.0,0.0819,0.0,0.0,0.0
FaceForensics/FaceShifter/835_651.mp4,FaceForensics/original/835.mp4,faceshifter,1,0.3492,0.0,0.136,0.0,0.1208,0.1518
FaceForensics/FaceSwap/835_651.mp4,FaceForensics/original/835.mp4,faceswap,1,0.0775,0.0565,0.0829,0.0,0.0,0.0
FaceForensics/NeuralTextures/835_651.mp4,FaceForensics/original/835.mp4,neuraltextures,1,0.0,0.0,0.0,0.0,0.0,0.0
FaceForensics/original/836.mp4,FaceForensics/original/836.mp4,original,0,0.0,0.0,0.0,0.0,0.0,0.0
FaceForensics/Deepfakes/836_950.mp4,FaceForensics/original/836.mp4,deepfakes,1,0.1154,0.0556,0.0,0.0899,0.0,0.0
FaceForensics/Face2Face/836_950.mp4,FaceForensics/original/836.mp4,face2face,1,0.0,0.0,0.0,0.0,0.0684,0.046
FaceForensics/FaceShifter/836_950.mp4,FaceForensics/original/836.mp4,faceshifter,1,0.0629,0.0,0.1584,0.0,0.0,0.0
FaceForensics/FaceSwap/836_950.mp4,FaceForensics/original/836.mp4,faceswap,1,0.0,0.0,0.0,0.0,0.0,0.0
FaceForensics/NeuralTextures/836_950.mp4,FaceForensics/original/836.mp4,neuraltextures,1,0.0,0.0,0.0,0.0496,0.0556,0.0
FaceForensics/original/837.mp4,FaceForensics/original/837.mp4,original,0,0.0,0.0,0.0,0.0,0.0,0.0
FaceForensics/Deepfakes/837_890.mp4,FaceForensics/original/837.mp4,deepfakes,1,0.0,0.0,0.0,0.0,0.0,0.0
FaceForensics/Face2Face/837_890.mp4,FaceForensics/original/837.mp4,face2face,1,0.0,0.0,0.0,0.0,0.0,0.0
FaceForensics/FaceShifter/837_890.mp4,FaceForensics/original/837.mp4,faceshifter,1,0.0,0.0,0.0,0.0,0.0,0.0
FaceForensics/FaceSwap/837_890.mp4,FaceForensics/original/837.mp4,faceswap,1,0.0,0.0,0.0,0.0,0.0,0.0
FaceForensics/NeuralTextures/837_890.mp4,FaceForensics/original/837.mp4,neuraltextures,1,0.0,0.0,0.0,0.0,0.0,0.0
FaceForensics/original/838.mp4,FaceForensics/original/838.mp4,original,0,0.0,0.0,0.0,0.0,0.0,0.0
FaceForensics/Deepfakes/838_810.mp4,FaceForensics/original/838.mp4,deepfakes,1,0.0575,0.0,0.0421,0.0,0.0,0.0
FaceForensics/Face2Face/838_810.mp4,FaceForensics/original/838.mp4,face2face,1,0.0,0.0,0.0,0.0,0.0,0.0
FaceForensics/FaceShifter/838_810.mp4,FaceForensics/original/838.mp4,faceshifter,1,0.1041,0.0,0.0,0.0,0.0,0.0
FaceForensics/FaceSwap/838_810.mp4,FaceForensics/original/838.mp4,faceswap,1,0.1088,0.0552,0.0,0.0,0.0425,0.0
FaceForensics/NeuralTextures/838_810.mp4,FaceForensics/original/838.mp4,neuraltextures,1,0.0,0.0,0.0978,0.0,0.0,0.0
FaceForensics/original/839.mp4,FaceForensics/original/839.mp4,original,0,0.0,0.0,0.0,0.0,0.0,0.0
FaceForensics/Deepfakes/839_864.mp4,FaceForensics/original/839.mp4,deepfakes,1,0.0,0.0,0.0449,0.0,0.0,0.0
FaceForensics/Face2Face/839_864.mp4,FaceForensics/original/839.mp4,face2face,1,0.0,0.0,0.0,0.0,0.0,0.0
FaceForensics/FaceShifter/839_864.mp4,FaceForensics/original/839.mp4,faceshifter,1,0.0,0.0,0.0,0.0,0.0,0.0
FaceForensics/FaceSwap/839_864.mp4,FaceForensics/original/839.mp4,faceswap,1,0.0,0.0,0.0,0.0,0.0,0.0
FaceForensics/NeuralTextures/839_864.mp4,FaceForensics/original/839.mp4,neuraltextures,1,0.0,0.0,0.0,0.0,0.0,0.0
FaceForensics/original/840.mp4,FaceForensics/original/840.mp4,original,0,0.0,0.0,0.0,0.0,0.0,0.0
FaceForensics/Deepfakes/840_800.mp4,FaceForensics/original/840.mp4,deepfakes,1,0.0,0.0,0.4336,0.0,0.0928,0.0
FaceForensics/Face2Face/840_800.mp4,FaceForensics/original/840.mp4,face2face,1,0.0,0.0,0.0,0.0,0.0,0.0
FaceForensics/FaceShifter/840_800.mp4,FaceForensics/original/840.mp4,faceshifter,1,0.0581,0.0839,0.0,0.0,0.0,0.0
FaceForensics/FaceSwap/840_800.mp4,FaceForensics/original/840.mp4,faceswap,1,0.0,0.0452,0.0,0.0439,0.054,0.0
FaceForensics/NeuralTextures/840_800.mp4,FaceForensics/original/840.mp4,neuraltextures,1,0.0649,0.0564,0.0,0.0,0.0,0.0
FaceForensics/original/841.mp4,FaceForensics/original/841.mp4,original,0,0.0,0.0,0.0,0.0,0.0,0.0
FaceForensics/Deepfakes/841_639.mp4,FaceForensics/original/841.mp4,deepfakes,1,0.0593,0.0416,0.1713,0.0559,0.0,0.0
FaceForensics/Face2Face/841_639.mp4,FaceForensics/original/841.mp4,face2face,1,0.0,0.0,0.1921,0.0452,0.0501,0.0
FaceForensics/FaceShifter/841_639.mp4,FaceForensics/original/841.mp4,faceshifter,1,0.0427,0.0,0.0,0.0506,0.0,0.0
FaceForensics/FaceSwap/841_639.mp4,FaceForensics/original/841.mp4,faceswap,1,0.1388,0.0651,0.1372,0.0,0.0,0.0
FaceForensics/NeuralTextures/841_639.mp4,FaceForensics/original/841.mp4,neuraltextures,1,0.0,0.0,0.1921,0.0452,0.0,0.0
FaceForensics/original/842.mp4,FaceForensics/original/842.mp4,original,0,0.0,0.0,0.0,0.0,0.0,0.0
FaceForensics/Deepfakes/842_714.mp4,FaceForensics/original/842.mp4,deepfakes,1,0.3089,0.1621,0.3245,0.1613,0.1424,0.1234
FaceForensics/Face2Face/842_714.mp4,FaceForensics/original/842.mp4,face2face,1,0.1121,0.1026,0.3201,0.1291,0.063,0.0797
FaceForensics/FaceShifter/842_714.mp4,FaceForensics/original/842.mp4,faceshifter,1,0.1436,0.097,0.0468,0.2209,0.0672,0.1799
FaceForensics/FaceSwap/842_714.mp4,FaceForensics/original/842.mp4,faceswap,1,0.1306,0.1445,0.3476,0.1785,0.1214,0.1048
FaceForensics/NeuralTextures/842_714.mp4,FaceForensics/original/842.mp4,neuraltextures,1,0.056,0.0471,0.3049,0.1125,0.0507,0.0508
FaceForensics/original/843.mp4,FaceForensics/original/843.mp4,original,0,0.0,0.0,0.0,0.0,0.0,0.0
FaceForensics/Deepfakes/843_859.mp4,FaceForensics/original/843.mp4,deepfakes,1,0.0,0.0663,0.0,0.0,0.0,0.0
FaceForensics/Face2Face/843_859.mp4,FaceForensics/original/843.mp4,face2face,1,0.0,0.0,0.0,0.0,0.0,0.0
FaceForensics/FaceShifter/843_859.mp4,FaceForensics/original/843.mp4,faceshifter,1,0.0,0.0,0.0,0.0,0.0,0.0
FaceForensics/FaceSwap/843_859.mp4,FaceForensics/original/843.mp4,faceswap,1,0.0,0.079,0.0,0.0,0.0,0.0
FaceForensics/NeuralTextures/843_859.mp4,FaceForensics/original/843.mp4,neuraltextures,1,0.0,0.0,0.0,0.0,0.0,0.0
FaceForensics/original/844.mp4,FaceForensics/original/844.mp4,original,0,0.0,0.0,0.0,0.0,0.0,0.0
FaceForensics/Deepfakes/844_797.mp4,FaceForensics/original/844.mp4,deepfakes,1,0.0,0.0,0.3044,0.0476,0.0,0.0
FaceForensics/Face2Face/844_797.mp4,FaceForensics/original/844.mp4,face2face,1,0.0,0.0,0.0867,0.0,0.0,0.0
FaceForensics/FaceShifter/844_797.mp4,FaceForensics/original/844.mp4,faceshifter,1,0.0,0.0,0.0,0.0,0.0,0.0
FaceForensics/FaceSwap/844_797.mp4,FaceForensics/original/844.mp4,faceswap,1,0.0504,0.0,0.0653,0.0,0.0,0.0
FaceForensics/NeuralTextures/844_797.mp4,FaceForensics/original/844.mp4,neuraltextures,1,0.0,0.0,0.1765,0.0,0.0,0.0
FaceForensics/original/845.mp4,FaceForensics/original/845.mp4,original,0,0.0,0.0,0.0,0.0,0.0,0.0
FaceForensics/Deepfakes/845_846.mp4,FaceForensics/original/845.mp4,deepfakes,1,0.1149,0.1197,0.1532,0.1445,0.0,0.0
FaceForensics/Face2Face/845_846.mp4,FaceForensics/original/845.mp4,face2face,1,0.0761,0.0,0.0,0.0,0.0,0.0
FaceForensics/FaceShifter/845_846.mp4,FaceForensics/original/845.mp4,faceshifter,1,0.089,0.0648,0.0,0.0,0.0,0.0
FaceForensics/FaceSwap/845_846.mp4,FaceForensics/original/845.mp4,faceswap,1,0.0,0.0,0.0,0.0,0.0,0.0
FaceForensics/NeuralTextures/845_846.mp4,FaceForensics/original/845.mp4,neuraltextures,1,0.0633,0.0,0.0,0.0412,0.0,0.0
FaceForensics/original/846.mp4,FaceForensics/original/846.mp4,original,0,0.0,0.0,0.0,0.0,0.0,0.0
FaceForensics/Deepfakes/846_845.mp4,FaceForensics/original/846.mp4,deepfakes,1,0.2636,0.3861,0.3454,0.1764,0.166,0.1589
FaceForensics/Face2Face/846_845.mp4,FaceForensics/original/846.mp4,face2face,1,0.0,0.0,0.0,0.0,0.0,0.0
FaceForensics/FaceShifter/846_845.mp4,FaceForensics/original/846.mp4,faceshifter,1,0.0882,0.0637,0.0,0.0,0.0483,0.0
FaceForensics/FaceSwap/846_845.mp4,FaceForensics/original/846.mp4,faceswap,1,0.2873,0.2874,0.0,0.0581,0.0666,0.0
FaceForensics/NeuralTextures/846_845.mp4,FaceForensics/original/846.mp4,neuraltextures,1,0.0,0.0,0.0,0.0,0.0,0.0
FaceForensics/original/847.mp4,FaceForensics/original/847.mp4,original,0,0.0,0.0,0.0,0.0,0.0,0.0
FaceForensics/Deepfakes/847_906.mp4,FaceForensics/original/847.mp4,deepfakes,1,0.0,0.0,0.0,0.0,0.0,0.0
FaceForensics/Face2Face/847_906.mp4,FaceForensics/original/847.mp4,face2face,1,0.0725,0.0509,0.0,0.0444,0.0,0.0448
FaceForensics/FaceShifter/847_906.mp4,FaceForensics/original/847.mp4,faceshifter,1,0.0736,0.0,0.0,0.0597,0.0,0.0
FaceForensics/FaceSwap/847_906.mp4,FaceForensics/original/847.mp4,faceswap,1,0.1625,0.0642,0.0,0.0,0.0,0.0
FaceForensics/NeuralTextures/847_906.mp4,FaceForensics/original/847.mp4,neuraltextures,1,0.0,0.0,0.0,0.0,0.0,0.0
FaceForensics/original/848.mp4,FaceForensics/original/848.mp4,original,0,0.0,0.0,0.0,0.0,0.0,0.0
FaceForensics/Deepfakes/848_894.mp4,FaceForensics/original/848.mp4,deepfakes,1,0.1683,0.3417,0.072,0.1198,0.0,0.0604
FaceForensics/Face2Face/848_894.mp4,FaceForensics/original/848.mp4,face2face,1,0.0776,0.1705,0.0581,0.1,0.0974,0.0854
FaceForensics/FaceShifter/848_894.mp4,FaceForensics/original/848.mp4,faceshifter,1,0.0,0.0,0.0,0.0,0.0,0.0
FaceForensics/FaceSwap/848_894.mp4,FaceForensics/original/848.mp4,faceswap,1,0.0969,0.2386,0.0,0.0994,0.0459,0.0503
FaceForensics/NeuralTextures/848_894.mp4,FaceForensics/original/848.mp4,neuraltextures,1,0.0,0.0,0.0,0.0,0.0421,0.0
FaceForensics/original/849.mp4,FaceForensics/original/849.mp4,original,0,0.0,0.0,0.0,0.0,0.0,0.0
FaceForensics/Deepfakes/849_771.mp4,FaceForensics/original/849.mp4,deepfakes,1,0.0,0.0,0.0,0.0,0.0,0.0
FaceForensics/Face2Face/849_771.mp4,FaceForensics/original/849.mp4,face2face,1,0.0,0.0,0.0,0.0,0.0,0.0
FaceForensics/FaceShifter/849_771.mp4,FaceForensics/original/849.mp4,faceshifter,1,0.0,0.0,0.0,0.0,0.0,0.0
FaceForensics/FaceSwap/849_771.mp4,FaceForensics/original/849.mp4,faceswap,1,0.0,0.0,0.0,0.0,0.0,0.0
FaceForensics/NeuralTextures/849_771.mp4,FaceForensics/original/849.mp4,neuraltextures,1,0.0,0.0,0.0,0.0489,0.0,0.0
FaceForensics/original/850.mp4,FaceForensics/original/850.mp4,original,0,0.0,0.0,0.0,0.0,0.0,0.0
FaceForensics/Deepfakes/850_764.mp4,FaceForensics/original/850.mp4,deepfakes,1,0.0,0.0625,0.3317,0.2034,0.1232,0.1314
FaceForensics/Face2Face/850_764.mp4,FaceForensics/original/850.mp4,face2face,1,0.1117,0.1582,0.3356,0.2313,0.1878,0.2435
FaceForensics/FaceShifter/850_764.mp4,FaceForensics/original/850.mp4,faceshifter,1,0.0,0.0,0.0,0.0,0.0,0.0
FaceForensics/FaceSwap/850_764.mp4,FaceForensics/original/850.mp4,faceswap,1,0.1669,0.0,0.1487,0.0,0.041,0.055
FaceForensics/NeuralTextures/850_764.mp4,FaceForensics/original/850.mp4,neuraltextures,1,0.0,0.0,0.1374,0.0717,0.0651,0.0515
FaceForensics/original/851.mp4,FaceForensics/original/851.mp4,original,0,0.0,0.0,0.0,0.0,0.0,0.0
FaceForensics/Deepfakes/851_552.mp4,FaceForensics/original/851.mp4,deepfakes,1,0.1039,0.0545,0.2021,0.0951,0.054,0.043
FaceForensics/Face2Face/851_552.mp4,FaceForensics/original/851.mp4,face2face,1,0.0,0.0,0.0,0.0,0.0,0.0
FaceForensics/FaceShifter/851_552.mp4,FaceForensics/original/851.mp4,faceshifter,1,0.058,0.0494,0.0,0.0431,0.0,0.0
FaceForensics/FaceSwap/851_552.mp4,FaceForensics/original/851.mp4,faceswap,1,0.1558,0.0481,0.0,0.0,0.0,0.0
FaceForensics/NeuralTextures/851_552.mp4,FaceForensics/original/851.mp4,neuraltextures,1,0.0,0.0,0.0,0.0,0.0,0.0
FaceForensics/original/852.mp4,FaceForensics/original/852.mp4,original,0,0.0,0.0,0.0,0.0,0.0,0.0
FaceForensics/Deepfakes/852_834.mp4,FaceForensics/original/852.mp4,deepfakes,1,0.0,0.0,0.2172,0.0,0.0405,0.0
FaceForensics/Face2Face/852_834.mp4,FaceForensics/original/852.mp4,face2face,1,0.0,0.0,0.0,0.0,0.0,0.0
FaceForensics/FaceShifter/852_834.mp4,FaceForensics/original/852.mp4,faceshifter,1,0.0,0.0745,0.0,0.0,0.0,0.0
FaceForensics/FaceSwap/852_834.mp4,FaceForensics/original/852.mp4,faceswap,1,0.0,0.0,0.0,0.0,0.0,0.0
FaceForensics/NeuralTextures/852_834.mp4,FaceForensics/original/852.mp4,neuraltextures,1,0.0,0.0,0.0,0.0,0.0,0.0
FaceForensics/original/853.mp4,FaceForensics/original/853.mp4,original,0,0.0,0.0,0.0,0.0,0.0,0.0
FaceForensics/Deepfakes/853_863.mp4,FaceForensics/original/853.mp4,deepfakes,1,0.1271,0.0,0.0616,0.0,0.0,0.0
FaceForensics/Face2Face/853_863.mp4,FaceForensics/original/853.mp4,face2face,1,0.044,0.0,0.0439,0.0,0.0,0.0
FaceForensics/FaceShifter/853_863.mp4,FaceForensics/original/853.mp4,faceshifter,1,0.1661,0.0,0.0555,0.0,0.0,0.0
FaceForensics/FaceSwap/853_863.mp4,FaceForensics/original/853.mp4,faceswap,1,0.2624,0.0458,0.0,0.0,0.0,0.0402
FaceForensics/NeuralTextures/853_863.mp4,FaceForensics/original/853.mp4,neuraltextures,1,0.0,0.0,0.0532,0.0,0.0,0.0
FaceForensics/original/854.mp4,FaceForensics/original/854.mp4,original,0,0.0,0.0,0.0,0.0,0.0,0.0
FaceForensics/Deepfakes/854_747.mp4,FaceForensics/original/854.mp4,deepfakes,1,0.0,0.1624,0.0,0.0565,0.0,0.0
FaceForensics/Face2Face/854_747.mp4,FaceForensics/original/854.mp4,face2face,1,0.0,0.0,0.0,0.0,0.0,0.0
FaceForensics/FaceShifter/854_747.mp4,FaceForensics/original/854.mp4,faceshifter,1,0.0777,0.0,0.0464,0.0,0.0,0.0
FaceForensics/FaceSwap/854_747.mp4,FaceForensics/original/854.mp4,faceswap,1,0.0,0.0,0.0,0.0,0.0,0.0
FaceForensics/NeuralTextures/854_747.mp4,FaceForensics/original/854.mp4,neuraltextures,1,0.0,0.0,0.0,0.0,0.0,0.0
FaceForensics/original/855.mp4,FaceForensics/original/855.mp4,original,0,0.0,0.0,0.0,0.0,0.0,0.0
FaceForensics/Deepfakes/855_801.mp4,FaceForensics/original/855.mp4,deepfakes,1,0.0,0.0523,0.3161,0.0,0.0,0.0
FaceForensics/Face2Face/855_801.mp4,FaceForensics/original/855.mp4,face2face,1,0.0,0.0,0.0435,0.0,0.0,0.0
FaceForensics/FaceShifter/855_801.mp4,FaceForensics/original/855.mp4,faceshifter,1,0.0501,0.0,0.0,0.0,0.0,0.0
FaceForensics/FaceSwap/855_801.mp4,FaceForensics/original/855.mp4,faceswap,1,0.0,0.0,0.1351,0.0,0.0,0.0
FaceForensics/NeuralTextures/855_801.mp4,FaceForensics/original/855.mp4,neuraltextures,1,0.0,0.0,0.0484,0.0,0.0,0.0
FaceForensics/original/856.mp4,FaceForensics/original/856.mp4,original,0,0.0,0.0,0.0,0.0,0.0,0.0
FaceForensics/Deepfakes/856_881.mp4,FaceForensics/original/856.mp4,deepfakes,1,0.1222,0.1667,0.1164,0.0727,0.0683,0.087
FaceForensics/Face2Face/856_881.mp4,FaceForensics/original/856.mp4,face2face,1,0.0,0.0468,0.1519,0.0643,0.0488,0.0646
FaceForensics/FaceShifter/856_881.mp4,FaceForensics/original/856.mp4,faceshifter,1,0.0,0.0,0.0,0.0,0.0,0.0
FaceForensics/FaceSwap/856_881.mp4,FaceForensics/original/856.mp4,faceswap,1,0.0774,0.0654,0.1478,0.0589,0.0446,0.0646
FaceForensics/NeuralTextures/856_881.mp4,FaceForensics/original/856.mp4,neuraltextures,1,0.0471,0.0532,0.1681,0.081,0.0572,0.0792
FaceForensics/original/857.mp4,FaceForensics/original/857.mp4,original,0,0.0,0.0,0.0,0.0,0.0,0.0
FaceForensics/Deepfakes/857_909.mp4,FaceForensics/original/857.mp4,deepfakes,1,0.0,0.0443,0.3366,0.0,0.0631,0.0
FaceForensics/Face2Face/857_909.mp4,FaceForensics/original/857.mp4,face2face,1,0.0,0.0,0.4331,0.0468,0.1026,0.0
FaceForensics/FaceShifter/857_909.mp4,FaceForensics/original/857.mp4,faceshifter,1,0.0,0.0,0.0,0.0,0.0,0.0
FaceForensics/FaceSwap/857_909.mp4,FaceForensics/original/857.mp4,faceswap,1,0.0,0.0462,0.4183,0.0,0.0412,0.0
FaceForensics/NeuralTextures/857_909.mp4,FaceForensics/original/857.mp4,neuraltextures,1,0.0,0.0946,0.6458,0.1077,0.0931,0.0
FaceForensics/original/858.mp4,FaceForensics/original/858.mp4,original,0,0.0,0.0,0.0,0.0,0.0,0.0
FaceForensics/Deepfakes/858_861.mp4,FaceForensics/original/858.mp4,deepfakes,1,0.0455,0.0485,0.2028,0.0,0.0,0.0
FaceForensics/Face2Face/858_861.mp4,FaceForensics/original/858.mp4,face2face,1,0.0,0.0,0.0463,0.0,0.0,0.0
FaceForensics/FaceShifter/858_861.mp4,FaceForensics/original/858.mp4,faceshifter,1,0.0,0.0,0.0,0.0,0.0,0.0
FaceForensics/FaceSwap/858_861.mp4,FaceForensics/original/858.mp4,faceswap,1,0.0,0.1804,0.0619,0.0846,0.044,0.0476
FaceForensics/NeuralTextures/858_861.mp4,FaceForensics/original/858.mp4,neuraltextures,1,0.0,0.0,0.1388,0.0,0.0,0.0
FaceForensics/original/859.mp4,FaceForensics/original/859.mp4,original,0,0.0,0.0,0.0,0.0,0.0,0.0
FaceForensics/Deepfakes/859_843.mp4,FaceForensics/original/859.mp4,deepfakes,1,0.0,0.0,0.1558,0.1169,0.0508,0.0434
FaceForensics/Face2Face/859_843.mp4,FaceForensics/original/859.mp4,face2face,1,0.0,0.0,0.0667,0.0666,0.0,0.0
FaceForensics/FaceShifter/859_843.mp4,FaceForensics/original/859.mp4,faceshifter,1,0.0,0.0,0.0,0.0612,0.0422,0.0
FaceForensics/FaceSwap/859_843.mp4,FaceForensics/original/859.mp4,faceswap,1,0.0975,0.0774,0.0459,0.0854,0.0679,0.0481
FaceForensics/NeuralTextures/859_843.mp4,FaceForensics/original/859.mp4,neuraltextures,1,0.0,0.0,0.0405,0.0605,0.0,0.0
FaceForensics/original/860.mp4,FaceForensics/original/860.mp4,original,0,0.0,0.0,0.0,0.0,0.0,0.0
FaceForensics/Deepfakes/860_905.mp4,FaceForensics/original/860.mp4,deepfakes,1,0.0,0.056,0.0905,0.0,0.0,0.0
FaceForensics/Face2Face/860_905.mp4,FaceForensics/original/860.mp4,face2face,1,0.0,0.0413,0.0,0.0,0.0459,0.0
FaceForensics/FaceShifter/860_905.mp4,FaceForensics/original/860.mp4,faceshifter,1,0.0,0.0,0.0,0.0,0.0,0.0
FaceForensics/FaceSwap/860_905.mp4,FaceForensics/original/860.mp4,faceswap,1,0.0,0.0,0.0,0.0,0.0,0.0
FaceForensics/NeuralTextures/860_905.mp4,FaceForensics/original/860.mp4,neuraltextures,1,0.0,0.0,0.0,0.0,0.0,0.0
FaceForensics/original/861.mp4,FaceForensics/original/861.mp4,original,0,0.0,0.0,0.0,0.0,0.0,0.0
FaceForensics/Deepfakes/861_858.mp4,FaceForensics/original/861.mp4,deepfakes,1,0.0,0.0,0.1662,0.0,0.0,0.0
FaceForensics/Face2Face/861_858.mp4,FaceForensics/original/861.mp4,face2face,1,0.0579,0.0,0.0683,0.0,0.0569,0.0
FaceForensics/FaceShifter/861_858.mp4,FaceForensics/original/861.mp4,faceshifter,1,0.0,0.0,0.0,0.0,0.0,0.0
FaceForensics/FaceSwap/861_858.mp4,FaceForensics/original/861.mp4,faceswap,1,0.0,0.0,0.1902,0.0,0.0438,0.0
FaceForensics/NeuralTextures/861_858.mp4,FaceForensics/original/861.mp4,neuraltextures,1,0.0,0.0,0.1618,0.0,0.0,0.0
FaceForensics/original/862.mp4,FaceForensics/original/862.mp4,original,0,0.0,0.0,0.0,0.0,0.0,0.0
FaceForensics/Deepfakes/862_047.mp4,FaceForensics/original/862.mp4,deepfakes,1,0.0,0.0,0.0,0.0,0.0,0.0
FaceForensics/Face2Face/862_047.mp4,FaceForensics/original/862.mp4,face2face,1,0.0,0.0,0.0,0.0,0.0,0.0
FaceForensics/FaceShifter/862_047.mp4,FaceForensics/original/862.mp4,faceshifter,1,0.0,0.0,0.0,0.0,0.0,0.0
FaceForensics/FaceSwap/862_047.mp4,FaceForensics/original/862.mp4,faceswap,1,0.0,0.0,0.0,0.0,0.0,0.0
FaceForensics/NeuralTextures/862_047.mp4,FaceForensics/original/862.mp4,neuraltextures,1,0.0,0.0,0.0,0.0,0.0,0.0
FaceForensics/original/863.mp4,FaceForensics/original/863.mp4,original,0,0.0,0.0,0.0,0.0,0.0,0.0
FaceForensics/Deepfakes/863_853.mp4,FaceForensics/original/863.mp4,deepfakes,1,0.0,0.0,0.0565,0.0,0.0,0.0
FaceForensics/Face2Face/863_853.mp4,FaceForensics/original/863.mp4,face2face,1,0.0,0.0,0.0,0.0,0.0,0.0
FaceForensics/FaceShifter/863_853.mp4,FaceForensics/original/863.mp4,faceshifter,1,0.0,0.0,0.0,0.0,0.0,0.0
FaceForensics/FaceSwap/863_853.mp4,FaceForensics/original/863.mp4,faceswap,1,0.0,0.0,0.0659,0.0,0.0,0.0
FaceForensics/NeuralTextures/863_853.mp4,FaceForensics/original/863.mp4,neuraltextures,1,0.0,0.0,0.0615,0.0,0.0442,0.0446
FaceForensics/original/864.mp4,FaceForensics/original/864.mp4,original,0,0.0,0.0,0.0,0.0,0.0,0.0
FaceForensics/Deepfakes/864_839.mp4,FaceForensics/original/864.mp4,deepfakes,1,0.1944,0.0527,0.0,0.0,0.0923,0.1114
FaceForensics/Face2Face/864_839.mp4,FaceForensics/original/864.mp4,face2face,1,0.0,0.0,0.0,0.0,0.0,0.0
FaceForensics/FaceShifter/864_839.mp4,FaceForensics/original/864.mp4,faceshifter,1,0.0872,0.0404,0.0,0.0,0.0775,0.0731
FaceForensics/FaceSwap/864_839.mp4,FaceForensics/original/864.mp4,faceswap,1,0.087,0.0771,0.0,0.0,0.0775,0.0521
FaceForensics/NeuralTextures/864_839.mp4,FaceForensics/original/864.mp4,neuraltextures,1,0.0,0.0,0.0,0.0,0.0,0.0
FaceForensics/original/865.mp4,FaceForensics/original/865.mp4,original,0,0.0,0.0,0.0,0.0,0.0,0.0
FaceForensics/Deepfakes/865_739.mp4,FaceForensics/original/865.mp4,deepfakes,1,0.0,0.0,0.0,0.0,0.0526,0.0
FaceForensics/Face2Face/865_739.mp4,FaceForensics/original/865.mp4,face2face,1,0.0934,0.0,0.0412,0.0541,0.0429,0.0
FaceForensics/FaceShifter/865_739.mp4,FaceForensics/original/865.mp4,faceshifter,1,0.1702,0.0,0.0885,0.0,0.0433,0.0519
FaceForensics/FaceSwap/865_739.mp4,FaceForensics/original/865.mp4,faceswap,1,0.1289,0.0,0.0,0.0,0.0547,0.0
FaceForensics/NeuralTextures/865_739.mp4,FaceForensics/original/865.mp4,neuraltextures,1,0.0,0.0,0.0,0.0,0.0,0.0
FaceForensics/original/866.mp4,FaceForensics/original/866.mp4,original,0,0.0,0.0,0.0,0.0,0.0,0.0
FaceForensics/Deepfakes/866_878.mp4,FaceForensics/original/866.mp4,deepfakes,1,0.0,0.0,0.0,0.0,0.0,0.0
FaceForensics/Face2Face/866_878.mp4,FaceForensics/original/866.mp4,face2face,1,0.0,0.0,0.0,0.0,0.0,0.0
FaceForensics/FaceShifter/866_878.mp4,FaceForensics/original/866.mp4,faceshifter,1,0.0,0.0,0.0,0.0,0.0,0.0
FaceForensics/FaceSwap/866_878.mp4,FaceForensics/original/866.mp4,faceswap,1,0.0,0.0,0.0,0.0,0.0,0.0
FaceForensics/NeuralTextures/866_878.mp4,FaceForensics/original/866.mp4,neuraltextures,1,0.0,0.0,0.0,0.0,0.0,0.0
FaceForensics/original/867.mp4,FaceForensics/original/867.mp4,original,0,0.0,0.0,0.0,0.0,0.0,0.0
FaceForensics/Deepfakes/867_765.mp4,FaceForensics/original/867.mp4,deepfakes,1,0.0,0.0,0.6507,0.0474,0.0481,0.0
FaceForensics/Face2Face/867_765.mp4,FaceForensics/original/867.mp4,face2face,1,0.0841,0.0438,0.0787,0.0,0.0,0.0
FaceForensics/FaceShifter/867_765.mp4,FaceForensics/original/867.mp4,faceshifter,1,0.1689,0.0,0.0,0.0,0.0,0.0
FaceForensics/FaceSwap/867_765.mp4,FaceForensics/original/867.mp4,faceswap,1,0.0,0.0,0.0978,0.0,0.0,0.0
FaceForensics/NeuralTextures/867_765.mp4,FaceForensics/original/867.mp4,neuraltextures,1,0.0,0.1143,0.2446,0.0536,0.0,0.0
FaceForensics/original/868.mp4,FaceForensics/original/868.mp4,original,0,0.0,0.0,0.0,0.0,0.0,0.0
FaceForensics/Deepfakes/868_949.mp4,FaceForensics/original/868.mp4,deepfakes,1,0.0,0.0,0.2013,0.0759,0.0,0.0
FaceForensics/Face2Face/868_949.mp4,FaceForensics/original/868.mp4,face2face,1,0.0828,0.1151,0.4202,0.1561,0.0,0.0
FaceForensics/FaceShifter/868_949.mp4,FaceForensics/original/868.mp4,faceshifter,1,0.0,0.0,0.0,0.0,0.0,0.0
FaceForensics/FaceSwap/868_949.mp4,FaceForensics/original/868.mp4,faceswap,1,0.0,0.132,0.3376,0.1358,0.0,0.0
FaceForensics/NeuralTextures/868_949.mp4,FaceForensics/original/868.mp4,neuraltextures,1,0.0632,0.1556,0.1424,0.0639,0.107,0.056
FaceForensics/original/869.mp4,FaceForensics/original/869.mp4,original,0,0.0,0.0,0.0,0.0,0.0,0.0
FaceForensics/Deepfakes/869_780.mp4,FaceForensics/original/869.mp4,deepfakes,1,0.0,0.0,0.0,0.0,0.0,0.0
FaceForensics/Face2Face/869_780.mp4,FaceForensics/original/869.mp4,face2face,1,0.0,0.0,0.0,0.0,0.0,0.0
FaceForensics/FaceShifter/869_780.mp4,FaceForensics/original/869.mp4,faceshifter,1,0.0,0.0,0.0,0.0,0.0,0.0
FaceForensics/FaceSwap/869_780.mp4,FaceForensics/original/869.mp4,faceswap,1,0.0,0.0,0.0,0.0,0.0,0.0
FaceForensics/NeuralTextures/869_780.mp4,FaceForensics/original/869.mp4,neuraltextures,1,0.0,0.0,0.0,0.0,0.0,0.0
FaceForensics/original/870.mp4,FaceForensics/original/870.mp4,original,0,0.0,0.0,0.0,0.0,0.0,0.0
FaceForensics/Deepfakes/870_001.mp4,FaceForensics/original/870.mp4,deepfakes,1,0.0,0.0,0.0,0.0,0.0,0.0
FaceForensics/Face2Face/870_001.mp4,FaceForensics/original/870.mp4,face2face,1,0.0,0.0,0.0,0.0,0.0,0.0
FaceForensics/FaceShifter/870_001.mp4,FaceForensics/original/870.mp4,faceshifter,1,0.0,0.0,0.0,0.0,0.0402,0.0
FaceForensics/FaceSwap/870_001.mp4,FaceForensics/original/870.mp4,faceswap,1,0.1807,0.0787,0.0,0.0549,0.0977,0.0598
FaceForensics/NeuralTextures/870_001.mp4,FaceForensics/original/870.mp4,neuraltextures,1,0.0,0.0,0.0,0.0,0.0,0.0
FaceForensics/original/871.mp4,FaceForensics/original/871.mp4,original,0,0.0,0.0,0.0,0.0,0.0,0.0
FaceForensics/Deepfakes/871_814.mp4,FaceForensics/original/871.mp4,deepfakes,1,0.0,0.0793,0.0,0.1101,0.0,0.1172
FaceForensics/Face2Face/871_814.mp4,FaceForensics/original/871.mp4,face2face,1,0.0524,0.0448,0.0,0.0,0.0,0.0
FaceForensics/FaceShifter/871_814.mp4,FaceForensics/original/871.mp4,faceshifter,1,0.0,0.1329,0.0,0.0618,0.0465,0.0593
FaceForensics/FaceSwap/871_814.mp4,FaceForensics/original/871.mp4,faceswap,1,0.0545,0.0553,0.0,0.0,0.0464,0.0
FaceForensics/NeuralTextures/871_814.mp4,FaceForensics/original/871.mp4,neuraltextures,1,0.0958,0.0,0.0,0.0,0.0,0.0
FaceForensics/original/872.mp4,FaceForensics/original/872.mp4,original,0,0.0,0.0,0.0,0.0,0.0,0.0
FaceForensics/Deepfakes/872_873.mp4,FaceForensics/original/872.mp4,deepfakes,1,0.052,0.1726,0.1948,0.0,0.0624,0.0
FaceForensics/Face2Face/872_873.mp4,FaceForensics/original/872.mp4,face2face,1,0.0585,0.0518,0.2138,0.0,0.0776,0.0
FaceForensics/FaceShifter/872_873.mp4,FaceForensics/original/872.mp4,faceshifter,1,0.0521,0.0,0.0,0.0,0.0,0.0
FaceForensics/FaceSwap/872_873.mp4,FaceForensics/original/872.mp4,faceswap,1,0.0,0.0,0.291,0.0,0.0,0.0
FaceForensics/NeuralTextures/872_873.mp4,FaceForensics/original/872.mp4,neuraltextures,1,0.0716,0.0466,0.176,0.0,0.0,0.0
FaceForensics/original/873.mp4,FaceForensics/original/873.mp4,original,0,0.0,0.0,0.0,0.0,0.0,0.0
FaceForensics/Deepfakes/873_872.mp4,FaceForensics/original/873.mp4,deepfakes,1,0.0,0.0,0.1838,0.0,0.0,0.0
FaceForensics/Face2Face/873_872.mp4,FaceForensics/original/873.mp4,face2face,1,0.0,0.0,0.0838,0.0,0.0,0.0
FaceForensics/FaceShifter/873_872.mp4,FaceForensics/original/873.mp4,faceshifter,1,0.0,0.0,0.0,0.0,0.0,0.0
FaceForensics/FaceSwap/873_872.mp4,FaceForensics/original/873.mp4,faceswap,1,0.0,0.0,0.1045,0.0,0.0,0.0
FaceForensics/NeuralTextures/873_872.mp4,FaceForensics/original/873.mp4,neuraltextures,1,0.0,0.0,0.0,0.0,0.0,0.0
FaceForensics/original/874.mp4,FaceForensics/original/874.mp4,original,0,0.0,0.0,0.0,0.0,0.0,0.0
FaceForensics/Deepfakes/874_291.mp4,FaceForensics/original/874.mp4,deepfakes,1,0.0,0.0,0.0,0.0,0.0,0.0
FaceForensics/Face2Face/874_291.mp4,FaceForensics/original/874.mp4,face2face,1,0.0,0.0,0.0,0.0,0.0,0.0
FaceForensics/FaceShifter/874_291.mp4,FaceForensics/original/874.mp4,faceshifter,1,0.0,0.0,0.0,0.0,0.0,0.0
FaceForensics/FaceSwap/874_291.mp4,FaceForensics/original/874.mp4,faceswap,1,0.0,0.2295,0.0,0.0,0.0,0.0
FaceForensics/NeuralTextures/874_291.mp4,FaceForensics/original/874.mp4,neuraltextures,1,0.0,0.0,0.0,0.0,0.0,0.0
FaceForensics/original/875.mp4,FaceForensics/original/875.mp4,original,0,0.0,0.0,0.0,0.0,0.0,0.0
FaceForensics/Deepfakes/875_979.mp4,FaceForensics/original/875.mp4,deepfakes,1,0.0,0.0,0.0,0.0,0.0,0.0
FaceForensics/Face2Face/875_979.mp4,FaceForensics/original/875.mp4,face2face,1,0.0,0.0,0.0,0.0,0.0,0.0
FaceForensics/FaceShifter/875_979.mp4,FaceForensics/original/875.mp4,faceshifter,1,0.0,0.0,0.0,0.0,0.0,0.0
FaceForensics/FaceSwap/875_979.mp4,FaceForensics/original/875.mp4,faceswap,1,0.0,0.0,0.0,0.0,0.0,0.0
FaceForensics/NeuralTextures/875_979.mp4,FaceForensics/original/875.mp4,neuraltextures,1,0.0,0.0,0.0,0.0,0.0,0.0
FaceForensics/original/876.mp4,FaceForensics/original/876.mp4,original,0,0.0,0.0,0.0,0.0,0.0,0.0
FaceForensics/Deepfakes/876_891.mp4,FaceForensics/original/876.mp4,deepfakes,1,0.1431,0.0,0.0,0.0,0.0,0.0
FaceForensics/Face2Face/876_891.mp4,FaceForensics/original/876.mp4,face2face,1,0.0772,0.0,0.0,0.0,0.0,0.0
FaceForensics/FaceShifter/876_891.mp4,FaceForensics/original/876.mp4,faceshifter,1,0.0716,0.0,0.057,0.0749,0.0,0.0599
FaceForensics/FaceSwap/876_891.mp4,FaceForensics/original/876.mp4,faceswap,1,0.0964,0.0,0.0,0.0,0.0,0.0
FaceForensics/NeuralTextures/876_891.mp4,FaceForensics/original/876.mp4,neuraltextures,1,0.0706,0.0,0.0,0.0,0.0,0.0
FaceForensics/original/877.mp4,FaceForensics/original/877.mp4,original,0,0.0,0.0,0.0,0.0,0.0,0.0
FaceForensics/Deepfakes/877_886.mp4,FaceForensics/original/877.mp4,deepfakes,1,0.0,0.0,0.058,0.0,0.0,0.0
FaceForensics/Face2Face/877_886.mp4,FaceForensics/original/877.mp4,face2face,1,0.0,0.0,0.0,0.0,0.0,0.0
FaceForensics/FaceShifter/877_886.mp4,FaceForensics/original/877.mp4,faceshifter,1,0.0,0.0,0.0,0.0,0.0,0.0
FaceForensics/FaceSwap/877_886.mp4,FaceForensics/original/877.mp4,faceswap,1,0.0,0.0,0.0506,0.0,0.0,0.0
FaceForensics/NeuralTextures/877_886.mp4,FaceForensics/original/877.mp4,neuraltextures,1,0.0,0.0,0.1571,0.0,0.0,0.0
FaceForensics/original/878.mp4,FaceForensics/original/878.mp4,original,0,0.0,0.0,0.0,0.0,0.0,0.0
FaceForensics/Deepfakes/878_866.mp4,FaceForensics/original/878.mp4,deepfakes,1,0.0,0.0,0.1921,0.0,0.0,0.0
FaceForensics/Face2Face/878_866.mp4,FaceForensics/original/878.mp4,face2face,1,0.0,0.0,0.12,0.0,0.0,0.0
FaceForensics/FaceShifter/878_866.mp4,FaceForensics/original/878.mp4,faceshifter,1,0.0535,0.0,0.0647,0.0529,0.0,0.0
FaceForensics/FaceSwap/878_866.mp4,FaceForensics/original/878.mp4,faceswap,1,0.0,0.0,0.0864,0.0585,0.0,0.0
FaceForensics/NeuralTextures/878_866.mp4,FaceForensics/original/878.mp4,neuraltextures,1,0.0,0.0,0.097,0.0,0.0,0.0
FaceForensics/original/879.mp4,FaceForensics/original/879.mp4,original,0,0.0,0.0,0.0,0.0,0.0,0.0
FaceForensics/Deepfakes/879_963.mp4,FaceForensics/original/879.mp4,deepfakes,1,0.0,0.0,0.4259,0.0967,0.0,0.0
FaceForensics/Face2Face/879_963.mp4,FaceForensics/original/879.mp4,face2face,1,0.0625,0.0,0.3238,0.0,0.0,0.0
FaceForensics/FaceShifter/879_963.mp4,FaceForensics/original/879.mp4,faceshifter,1,0.0,0.0,0.0,0.0,0.0,0.0
FaceForensics/FaceSwap/879_963.mp4,FaceForensics/original/879.mp4,faceswap,1,0.0,0.0,0.3828,0.0487,0.0,0.0
FaceForensics/NeuralTextures/879_963.mp4,FaceForensics/original/879.mp4,neuraltextures,1,0.0879,0.0,0.3851,0.0,0.0,0.0
FaceForensics/original/880.mp4,FaceForensics/original/880.mp4,original,0,0.0,0.0,0.0,0.0,0.0,0.0
FaceForensics/Deepfakes/880_135.mp4,FaceForensics/original/880.mp4,deepfakes,1,0.0,0.0,0.0,0.0,0.0,0.0
FaceForensics/Face2Face/880_135.mp4,FaceForensics/original/880.mp4,face2face,1,0.0,0.0,0.0,0.0,0.0,0.0
FaceForensics/FaceShifter/880_135.mp4,FaceForensics/original/880.mp4,faceshifter,1,0.0,0.0,0.0,0.0,0.0,0.0
FaceForensics/FaceSwap/880_135.mp4,FaceForensics/original/880.mp4,faceswap,1,0.0,0.0,0.0,0.0,0.0,0.0
FaceForensics/NeuralTextures/880_135.mp4,FaceForensics/original/880.mp4,neuraltextures,1,0.0,0.0,0.0,0.0,0.0,0.0
FaceForensics/original/881.mp4,FaceForensics/original/881.mp4,original,0,0.0,0.0,0.0,0.0,0.0,0.0
FaceForensics/Deepfakes/881_856.mp4,FaceForensics/original/881.mp4,deepfakes,1,0.0,0.0,0.4167,0.0,0.0,0.0
FaceForensics/Face2Face/881_856.mp4,FaceForensics/original/881.mp4,face2face,1,0.0,0.0997,0.4606,0.0436,0.0677,0.0
FaceForensics/FaceShifter/881_856.mp4,FaceForensics/original/881.mp4,faceshifter,1,0.0,0.0,0.0,0.0754,0.0,0.0
FaceForensics/FaceSwap/881_856.mp4,FaceForensics/original/881.mp4,faceswap,1,0.0,0.0,0.6423,0.0,0.0481,0.0
FaceForensics/NeuralTextures/881_856.mp4,FaceForensics/original/881.mp4,neuraltextures,1,0.0,0.0,0.4305,0.0,0.0,0.0
FaceForensics/original/882.mp4,FaceForensics/original/882.mp4,original,0,0.0,0.0,0.0,0.0,0.0,0.0
FaceForensics/Deepfakes/882_952.mp4,FaceForensics/original/882.mp4,deepfakes,1,0.0,0.0,0.0,0.0,0.0,0.0
FaceForensics/Face2Face/882_952.mp4,FaceForensics/original/882.mp4,face2face,1,0.2418,0.0,0.0,0.0,0.0,0.0
FaceForensics/FaceShifter/882_952.mp4,FaceForensics/original/882.mp4,faceshifter,1,0.0868,0.0,0.0,0.0,0.0,0.0414
FaceForensics/FaceSwap/882_952.mp4,FaceForensics/original/882.mp4,faceswap,1,0.0,0.0,0.0,0.0,0.0,0.0
FaceForensics/NeuralTextures/882_952.mp4,FaceForensics/original/882.mp4,neuraltextures,1,0.0,0.0,0.0,0.0,0.0,0.0
FaceForensics/original/883.mp4,FaceForensics/original/883.mp4,original,0,0.0,0.0,0.0,0.0,0.0,0.0
FaceForensics/Deepfakes/883_013.mp4,FaceForensics/original/883.mp4,deepfakes,1,0.0,0.0,0.0,0.0,0.0,0.0
FaceForensics/Face2Face/883_013.mp4,FaceForensics/original/883.mp4,face2face,1,0.0,0.0,0.0,0.0,0.0,0.0
FaceForensics/FaceShifter/883_013.mp4,FaceForensics/original/883.mp4,faceshifter,1,0.068,0.0402,0.0581,0.0511,0.0,0.0
FaceForensics/FaceSwap/883_013.mp4,FaceForensics/original/883.mp4,faceswap,1,0.0,0.0,0.0,0.0,0.0,0.0
FaceForensics/NeuralTextures/883_013.mp4,FaceForensics/original/883.mp4,neuraltextures,1,0.0,0.0,0.0,0.0,0.0,0.0
FaceForensics/original/884.mp4,FaceForensics/original/884.mp4,original,0,0.0,0.0,0.0,0.0,0.0,0.0
FaceForensics/Deepfakes/884_968.mp4,FaceForensics/original/884.mp4,deepfakes,1,0.2843,0.2084,0.181,0.1768,0.0781,0.1369
FaceForensics/Face2Face/884_968.mp4,FaceForensics/original/884.mp4,face2face,1,0.1025,0.0,0.0,0.0,0.0,0.0
FaceForensics/FaceShifter/884_968.mp4,FaceForensics/original/884.mp4,faceshifter,1,0.0,0.0,0.0,0.0,0.0,0.0
FaceForensics/FaceSwap/884_968.mp4,FaceForensics/original/884.mp4,faceswap,1,0.0,0.0,0.0,0.0,0.0,0.0
FaceForensics/NeuralTextures/884_968.mp4,FaceForensics/original/884.mp4,neuraltextures,1,0.078,0.0,0.0,0.0,0.0,0.0
FaceForensics/original/885.mp4,FaceForensics/original/885.mp4,original,0,0.0,0.0,0.0,0.0,0.0,0.0
FaceForensics/Deepfakes/885_802.mp4,FaceForensics/original/885.mp4,deepfakes,1,0.0,0.0,0.0,0.0426,0.0,0.0
FaceForensics/Face2Face/885_802.mp4,FaceForensics/original/885.mp4,face2face,1,0.0961,0.0,0.0,0.0,0.0,0.0
FaceForensics/FaceShifter/885_802.mp4,FaceForensics/original/885.mp4,faceshifter,1,0.0,0.0,0.0,0.0,0.0,0.0
FaceForensics/FaceSwap/885_802.mp4,FaceForensics/original/885.mp4,faceswap,1,0.0453,0.0404,0.0,0.0483,0.0,0.0
FaceForensics/NeuralTextures/885_802.mp4,FaceForensics/original/885.mp4,neuraltextures,1,0.0556,0.0,0.0,0.0423,0.0,0.0
FaceForensics/original/886.mp4,FaceForensics/original/886.mp4,original,0,0.0,0.0,0.0,0.0,0.0,0.0
FaceForensics/Deepfakes/886_877.mp4,FaceForensics/original/886.mp4,deepfakes,1,0.0,0.0,0.1577,0.0,0.0,0.0
FaceForensics/Face2Face/886_877.mp4,FaceForensics/original/886.mp4,face2face,1,0.0,0.0,0.0,0.0,0.0,0.0
FaceForensics/FaceShifter/886_877.mp4,FaceForensics/original/886.mp4,faceshifter,1,0.0,0.0,0.0475,0.0,0.0,0.0
FaceForensics/FaceSwap/886_877.mp4,FaceForensics/original/886.mp4,faceswap,1,0.0,0.0,0.1055,0.0,0.0,0.0
FaceForensics/NeuralTextures/886_877.mp4,FaceForensics/original/886.mp4,neuraltextures,1,0.0,0.0,0.1292,0.0,0.0,0.0
FaceForensics/original/887.mp4,FaceForensics/original/887.mp4,original,0,0.0,0.0,0.0,0.0,0.0,0.0
FaceForensics/Deepfakes/887_275.mp4,FaceForensics/original/887.mp4,deepfakes,1,0.2368,0.0,0.0438,0.0681,0.0492,0.1119
FaceForensics/Face2Face/887_275.mp4,FaceForensics/original/887.mp4,face2face,1,0.0,0.0631,0.0,0.0,0.0,0.0
FaceForensics/FaceShifter/887_275.mp4,FaceForensics/original/887.mp4,faceshifter,1,0.0569,0.0,0.0,0.0,0.0402,0.1064
FaceForensics/FaceSwap/887_275.mp4,FaceForensics/original/887.mp4,faceswap,1,0.1207,0.0,0.0492,0.0,0.0541,0.1405
FaceForensics/NeuralTextures/887_275.mp4,FaceForensics/original/887.mp4,neuraltextures,1,0.1144,0.0,0.0,0.0,0.0,0.0
FaceForensics/original/888.mp4,FaceForensics/original/888.mp4,original,0,0.0,0.0,0.0,0.0,0.0,0.0
FaceForensics/Deepfakes/888_937.mp4,FaceForensics/original/888.mp4,deepfakes,1,0.0699,0.3798,0.3308,0.2508,0.056,0.2316
FaceForensics/Face2Face/888_937.mp4,FaceForensics/original/888.mp4,face2face,1,0.0,0.0,0.0,0.0,0.0,0.0
FaceForensics/FaceShifter/888_937.mp4,FaceForensics/original/888.mp4,faceshifter,1,0.0,0.0,0.0,0.0,0.0,0.0
FaceForensics/FaceSwap/888_937.mp4,FaceForensics/original/888.mp4,faceswap,1,0.1791,0.3155,0.0,0.0,0.0,0.0
FaceForensics/NeuralTextures/888_937.mp4,FaceForensics/original/888.mp4,neuraltextures,1,0.0,0.0,0.0,0.0,0.0,0.0
FaceForensics/original/889.mp4,FaceForensics/original/889.mp4,original,0,0.0,0.0,0.0,0.0,0.0,0.0
FaceForensics/Deepfakes/889_045.mp4,FaceForensics/original/889.mp4,deepfakes,1,0.0,0.0831,0.0,0.0478,0.0471,0.0
FaceForensics/Face2Face/889_045.mp4,FaceForensics/original/889.mp4,face2face,1,0.0,0.0,0.0,0.0,0.0,0.0
FaceForensics/FaceShifter/889_045.mp4,FaceForensics/original/889.mp4,faceshifter,1,0.0,0.1043,0.0,0.0,0.0,0.0
FaceForensics/FaceSwap/889_045.mp4,FaceForensics/original/889.mp4,faceswap,1,0.0,0.0,0.0,0.0,0.0,0.0
FaceForensics/NeuralTextures/889_045.mp4,FaceForensics/original/889.mp4,neuraltextures,1,0.0,0.0,0.0,0.0,0.0,0.0
FaceForensics/original/890.mp4,FaceForensics/original/890.mp4,original,0,0.0,0.0,0.0,0.0,0.0,0.0
FaceForensics/Deepfakes/890_837.mp4,FaceForensics/original/890.mp4,deepfakes,1,0.2038,0.1157,0.0838,0.0689,0.0514,0.0
FaceForensics/Face2Face/890_837.mp4,FaceForensics/original/890.mp4,face2face,1,0.4123,0.0851,0.1567,0.1106,0.1103,0.0733
FaceForensics/FaceShifter/890_837.mp4,FaceForensics/original/890.mp4,faceshifter,1,0.0,0.0,0.1432,0.0743,0.0709,0.0482
FaceForensics/FaceSwap/890_837.mp4,FaceForensics/original/890.mp4,faceswap,1,0.1704,0.0818,0.0644,0.0,0.1276,0.0599
FaceForensics/NeuralTextures/890_837.mp4,FaceForensics/original/890.mp4,neuraltextures,1,0.1364,0.0497,0.0,0.0,0.0,0.0
FaceForensics/original/891.mp4,FaceForensics/original/891.mp4,original,0,0.0,0.0,0.0,0.0,0.0,0.0
FaceForensics/Deepfakes/891_876.mp4,FaceForensics/original/891.mp4,deepfakes,1,0.1167,0.2391,0.0748,0.0425,0.0,0.0
FaceForensics/Face2Face/891_876.mp4,FaceForensics/original/891.mp4,face2face,1,0.0,0.0,0.0,0.0,0.0,0.0479
FaceForensics/FaceShifter/891_876.mp4,FaceForensics/original/891.mp4,faceshifter,1,0.0,0.0,0.0,0.0,0.0,0.0
FaceForensics/FaceSwap/891_876.mp4,FaceForensics/original/891.mp4,faceswap,1,0.0,0.0,0.0,0.0,0.0,0.0
FaceForensics/NeuralTextures/891_876.mp4,FaceForensics/original/891.mp4,neuraltextures,1,0.0,0.0,0.0,0.0,0.0,0.0
FaceForensics/original/892.mp4,FaceForensics/original/892.mp4,original,0,0.0,0.0,0.0,0.0,0.0,0.0
FaceForensics/Deepfakes/892_112.mp4,FaceForensics/original/892.mp4,deepfakes,1,0.0,0.0812,0.0,0.0817,0.0957,0.0608
FaceForensics/Face2Face/892_112.mp4,FaceForensics/original/892.mp4,face2face,1,0.0493,0.0,0.0,0.0,0.0401,0.0
FaceForensics/FaceShifter/892_112.mp4,FaceForensics/original/892.mp4,faceshifter,1,0.0561,0.0,0.0,0.0,0.0,0.0
FaceForensics/FaceSwap/892_112.mp4,FaceForensics/original/892.mp4,faceswap,1,0.0,0.0488,0.1057,0.1453,0.0978,0.1042
FaceForensics/NeuralTextures/892_112.mp4,FaceForensics/original/892.mp4,neuraltextures,1,0.0,0.0,0.0,0.0,0.0,0.0
FaceForensics/original/893.mp4,FaceForensics/original/893.mp4,original,0,0.0,0.0,0.0,0.0,0.0,0.0
FaceForensics/Deepfakes/893_913.mp4,FaceForensics/original/893.mp4,deepfakes,1,0.0,0.0,0.2323,0.0738,0.0595,0.0481
FaceForensics/Face2Face/893_913.mp4,FaceForensics/original/893.mp4,face2face,1,0.1038,0.0,0.1988,0.0569,0.0,0.0
FaceForensics/FaceShifter/893_913.mp4,FaceForensics/original/893.mp4,faceshifter,1,0.0,0.0,0.0,0.0,0.0,0.0
FaceForensics/FaceSwap/893_913.mp4,FaceForensics/original/893.mp4,faceswap,1,0.0,0.0,0.1834,0.045,0.0,0.0
FaceForensics/NeuralTextures/893_913.mp4,FaceForensics/original/893.mp4,neuraltextures,1,0.2818,0.0788,0.2512,0.1024,0.0,0.0486
FaceForensics/original/894.mp4,FaceForensics/original/894.mp4,original,0,0.0,0.0,0.0,0.0,0.0,0.0
FaceForensics/Deepfakes/894_848.mp4,FaceForensics/original/894.mp4,deepfakes,1,0.1625,0.0585,0.678,0.2403,0.1425,0.0867
FaceForensics/Face2Face/894_848.mp4,FaceForensics/original/894.mp4,face2face,1,0.0634,0.0,0.0,0.0529,0.0,0.0
FaceForensics/FaceShifter/894_848.mp4,FaceForensics/original/894.mp4,faceshifter,1,0.0,0.0,0.0,0.0,0.0,0.0
FaceForensics/FaceSwap/894_848.mp4,FaceForensics/original/894.mp4,faceswap,1,0.0,0.0,0.0,0.0,0.0,0.0
FaceForensics/NeuralTextures/894_848.mp4,FaceForensics/original/894.mp4,neuraltextures,1,0.0,0.0,0.0698,0.0,0.0507,0.0
FaceForensics/original/895.mp4,FaceForensics/original/895.mp4,original,0,0.0,0.0,0.0,0.0,0.0,0.0
FaceForensics/Deepfakes/895_915.mp4,FaceForensics/original/895.mp4,deepfakes,1,0.0,0.0,0.0,0.0449,0.0781,0.0
FaceForensics/Face2Face/895_915.mp4,FaceForensics/original/895.mp4,face2face,1,0.0,0.0,0.0,0.0,0.0,0.0
FaceForensics/FaceShifter/895_915.mp4,FaceForensics/original/895.mp4,faceshifter,1,0.0,0.0,0.0,0.0,0.0,0.0
FaceForensics/FaceSwap/895_915.mp4,FaceForensics/original/895.mp4,faceswap,1,0.0448,0.2311,0.0,0.0,0.0533,0.0463
FaceForensics/NeuralTextures/895_915.mp4,FaceForensics/original/895.mp4,neuraltextures,1,0.0,0.0,0.0,0.0,0.0,0.0
FaceForensics/original/896.mp4,FaceForensics/original/896.mp4,original,0,0.0,0.0,0.0,0.0,0.0,0.0
FaceForensics/Deepfakes/896_128.mp4,FaceForensics/original/896.mp4,deepfakes,1,0.0,0.0,0.0421,0.0,0.0,0.0
FaceForensics/Face2Face/896_128.mp4,FaceForensics/original/896.mp4,face2face,1,0.0,0.0,0.0,0.0,0.0,0.0
FaceForensics/FaceShifter/896_128.mp4,FaceForensics/original/896.mp4,faceshifter,1,0.0,0.0,0.0,0.0,0.0,0.0
FaceForensics/FaceSwap/896_128.mp4,FaceForensics/original/896.mp4,faceswap,1,0.0,0.0,0.0636,0.0,0.0,0.0
FaceForensics/NeuralTextures/896_128.mp4,FaceForensics/original/896.mp4,neuraltextures,1,0.0,0.0,0.0859,0.0,0.0,0.0
FaceForensics/original/897.mp4,FaceForensics/original/897.mp4,original,0,0.0,0.0,0.0,0.0,0.0,0.0
FaceForensics/Deepfakes/897_969.mp4,FaceForensics/original/897.mp4,deepfakes,1,0.0,0.0,0.0,0.0,0.0,0.0
FaceForensics/Face2Face/897_969.mp4,FaceForensics/original/897.mp4,face2face,1,0.0,0.0,0.0,0.0,0.0,0.0
FaceForensics/FaceShifter/897_969.mp4,FaceForensics/original/897.mp4,faceshifter,1,0.0,0.0,0.0,0.0,0.0,0.0
FaceForensics/FaceSwap/897_969.mp4,FaceForensics/original/897.mp4,faceswap,1,0.0,0.0,0.0,0.0772,0.0645,0.0
FaceForensics/NeuralTextures/897_969.mp4,FaceForensics/original/897.mp4,neuraltextures,1,0.0,0.0,0.0,0.0,0.0,0.0
FaceForensics/original/898.mp4,FaceForensics/original/898.mp4,original,0,0.0,0.0,0.0,0.0,0.0,0.0
FaceForensics/Deepfakes/898_922.mp4,FaceForensics/original/898.mp4,deepfakes,1,0.0,0.0,0.0,0.0462,0.0,0.0
FaceForensics/Face2Face/898_922.mp4,FaceForensics/original/898.mp4,face2face,1,0.0,0.0,0.0,0.0,0.0,0.0
FaceForensics/FaceShifter/898_922.mp4,FaceForensics/original/898.mp4,faceshifter,1,0.0437,0.0,0.0,0.0,0.0,0.0
FaceForensics/FaceSwap/898_922.mp4,FaceForensics/original/898.mp4,faceswap,1,0.0506,0.0,0.0,0.0405,0.0,0.0
FaceForensics/NeuralTextures/898_922.mp4,FaceForensics/original/898.mp4,neuraltextures,1,0.0,0.0,0.0,0.0,0.0,0.0
FaceForensics/original/899.mp4,FaceForensics/original/899.mp4,original,0,0.0,0.0,0.0,0.0,0.0,0.0
FaceForensics/Deepfakes/899_914.mp4,FaceForensics/original/899.mp4,deepfakes,1,0.0,0.0945,0.2035,0.0,0.0,0.0
FaceForensics/Face2Face/899_914.mp4,FaceForensics/original/899.mp4,face2face,1,0.0,0.0,0.0,0.0,0.0982,0.0428
FaceForensics/FaceShifter/899_914.mp4,FaceForensics/original/899.mp4,faceshifter,1,0.0437,0.1576,0.0,0.0,0.0,0.0
FaceForensics/FaceSwap/899_914.mp4,FaceForensics/original/899.mp4,faceswap,1,0.0764,0.18,0.0,0.044,0.0697,0.0
FaceForensics/NeuralTextures/899_914.mp4,FaceForensics/original/899.mp4,neuraltextures,1,0.0,0.0,0.0,0.0,0.0,0.0
FaceForensics/original/900.mp4,FaceForensics/original/900.mp4,original,0,0.0,0.0,0.0,0.0,0.0,0.0
FaceForensics/Deepfakes/900_926.mp4,FaceForensics/original/900.mp4,deepfakes,1,0.1674,0.0516,0.0,0.0,0.1166,0.0442
FaceForensics/Face2Face/900_926.mp4,FaceForensics/original/900.mp4,face2face,1,0.0,0.1169,0.0,0.0,0.2163,0.0546
FaceForensics/FaceShifter/900_926.mp4,FaceForensics/original/900.mp4,faceshifter,1,0.1423,0.0,0.0,0.0,0.0622,0.0
FaceForensics/FaceSwap/900_926.mp4,FaceForensics/original/900.mp4,faceswap,1,0.3601,0.161,0.1486,0.1688,0.1433,0.1164
FaceForensics/NeuralTextures/900_926.mp4,FaceForensics/original/900.mp4,neuraltextures,1,0.065,0.0,0.0817,0.062,0.0,0.0
FaceForensics/original/901.mp4,FaceForensics/original/901.mp4,original,0,0.0,0.0,0.0,0.0,0.0,0.0
FaceForensics/Deepfakes/901_902.mp4,FaceForensics/original/901.mp4,deepfakes,1,0.0921,0.0,0.0,0.0,0.0,0.0
FaceForensics/Face2Face/901_902.mp4,FaceForensics/original/901.mp4,face2face,1,0.095,0.0,0.0,0.0,0.0,0.0
FaceForensics/FaceShifter/901_902.mp4,FaceForensics/original/901.mp4,faceshifter,1,0.0,0.0,0.0,0.0,0.0,0.0
FaceForensics/FaceSwap/901_902.mp4,FaceForensics/original/901.mp4,faceswap,1,0.1017,0.0461,0.0,0.0,0.0,0.0
FaceForensics/NeuralTextures/901_902.mp4,FaceForensics/original/901.mp4,neuraltextures,1,0.1017,0.0617,0.0536,0.0,0.0,0.0
FaceForensics/original/902.mp4,FaceForensics/original/902.mp4,original,0,0.0,0.0,0.0,0.0,0.0,0.0
FaceForensics/Deepfakes/902_901.mp4,FaceForensics/original/902.mp4,deepfakes,1,0.0,0.3238,0.6285,0.2253,0.1932,0.1784
FaceForensics/Face2Face/902_901.mp4,FaceForensics/original/902.mp4,face2face,1,0.0711,0.0,0.0,0.0,0.0,0.0
FaceForensics/FaceShifter/902_901.mp4,FaceForensics/original/902.mp4,faceshifter,1,0.0518,0.0,0.0,0.0,0.0,0.0
FaceForensics/FaceSwap/902_901.mp4,FaceForensics/original/902.mp4,faceswap,1,0.0,0.0,0.0,0.0,0.0,0.0
FaceForensics/NeuralTextures/902_901.mp4,FaceForensics/original/902.mp4,neuraltextures,1,0.0,0.0,0.0,0.0,0.0,0.0
FaceForensics/original/903.mp4,FaceForensics/original/903.mp4,original,0,0.0,0.0,0.0,0.0,0.0,0.0
FaceForensics/Deepfakes/903_792.mp4,FaceForensics/original/903.mp4,deepfakes,1,0.0,0.0,0.5904,0.0,0.0,0.0
FaceForensics/Face2Face/903_792.mp4,FaceForensics/original/903.mp4,face2face,1,0.0,0.0,0.1255,0.0,0.0,0.0
FaceForensics/FaceShifter/903_792.mp4,FaceForensics/original/903.mp4,faceshifter,1,0.0773,0.0636,0.0,0.0486,0.0,0.0
FaceForensics/FaceSwap/903_792.mp4,FaceForensics/original/903.mp4,faceswap,1,0.0,0.0,0.0762,0.0,0.0,0.0
FaceForensics/NeuralTextures/903_792.mp4,FaceForensics/original/903.mp4,neuraltextures,1,0.0,0.0,0.2016,0.0492,0.0439,0.0
FaceForensics/original/904.mp4,FaceForensics/original/904.mp4,original,0,0.0,0.0,0.0,0.0,0.0,0.0
FaceForensics/Deepfakes/904_046.mp4,FaceForensics/original/904.mp4,deepfakes,1,0.0,0.0838,0.0944,0.0915,0.0816,0.0533
FaceForensics/Face2Face/904_046.mp4,FaceForensics/original/904.mp4,face2face,1,0.0,0.0,0.0,0.0,0.0,0.0
FaceForensics/FaceShifter/904_046.mp4,FaceForensics/original/904.mp4,faceshifter,1,0.0,0.0,0.0,0.0,0.0,0.0
FaceForensics/FaceSwap/904_046.mp4,FaceForensics/original/904.mp4,faceswap,1,0.0485,0.1199,0.0518,0.0,0.0418,0.0
FaceForensics/NeuralTextures/904_046.mp4,FaceForensics/original/904.mp4,neuraltextures,1,0.0427,0.0,0.0,0.0,0.0,0.0
FaceForensics/original/905.mp4,FaceForensics/original/905.mp4,original,0,0.0,0.0,0.0,0.0,0.0,0.0
FaceForensics/Deepfakes/905_860.mp4,FaceForensics/original/905.mp4,deepfakes,1,0.0906,0.0901,0.1893,0.1258,0.0703,0.0692
FaceForensics/Face2Face/905_860.mp4,FaceForensics/original/905.mp4,face2face,1,0.1519,0.0747,0.1849,0.1301,0.091,0.0725
FaceForensics/FaceShifter/905_860.mp4,FaceForensics/original/905.mp4,faceshifter,1,0.0,0.0,0.0,0.0,0.0,0.0
FaceForensics/FaceSwap/905_860.mp4,FaceForensics/original/905.mp4,faceswap,1,0.0949,0.1141,0.2327,0.1362,0.098,0.1381
FaceForensics/NeuralTextures/905_860.mp4,FaceForensics/original/905.mp4,neuraltextures,1,0.0904,0.0833,0.1892,0.1039,0.0631,0.1232
FaceForensics/original/906.mp4,FaceForensics/original/906.mp4,original,0,0.0,0.0,0.0,0.0,0.0,0.0
FaceForensics/Deepfakes/906_847.mp4,FaceForensics/original/906.mp4,deepfakes,1,0.0,0.0773,0.0919,0.0701,0.058,0.0631
FaceForensics/Face2Face/906_847.mp4,FaceForensics/original/906.mp4,face2face,1,0.0,0.0,0.0,0.0,0.0427,0.0447
FaceForensics/FaceShifter/906_847.mp4,FaceForensics/original/906.mp4,faceshifter,1,0.0,0.0,0.0,0.0,0.0484,0.0501
FaceForensics/FaceSwap/906_847.mp4,FaceForensics/original/906.mp4,faceswap,1,0.0,0.1243,0.0968,0.0446,0.0725,0.0507
FaceForensics/NeuralTextures/906_847.mp4,FaceForensics/original/906.mp4,neuraltextures,1,0.0,0.0,0.0,0.0,0.0,0.0
FaceForensics/original/907.mp4,FaceForensics/original/907.mp4,original,0,0.0,0.0,0.0,0.0,0.0,0.0
FaceForensics/Deepfakes/907_795.mp4,FaceForensics/original/907.mp4,deepfakes,1,0.0,0.0,0.0902,0.0455,0.0507,0.0
FaceForensics/Face2Face/907_795.mp4,FaceForensics/original/907.mp4,face2face,1,0.0,0.0,0.0883,0.0,0.0468,0.0
FaceForensics/FaceShifter/907_795.mp4,FaceForensics/original/907.mp4,faceshifter,1,0.0,0.0,0.0,0.0,0.0,0.0
FaceForensics/FaceSwap/907_795.mp4,FaceForensics/original/907.mp4,faceswap,1,0.0,0.0,0.1191,0.0458,0.0,0.0
FaceForensics/NeuralTextures/907_795.mp4,FaceForensics/original/907.mp4,neuraltextures,1,0.0,0.0,0.0717,0.0407,0.0,0.0
FaceForensics/original/908.mp4,FaceForensics/original/908.mp4,original,0,0.0,0.0,0.0,0.0,0.0,0.0
FaceForensics/Deepfakes/908_207.mp4,FaceForensics/original/908.mp4,deepfakes,1,0.0,0.0,0.0,0.0,0.0,0.0
FaceForensics/Face2Face/908_207.mp4,FaceForensics/original/908.mp4,face2face,1,0.0704,0.0,0.0422,0.0,0.049,0.0
FaceForensics/FaceShifter/908_207.mp4,FaceForensics/original/908.mp4,faceshifter,1,0.0813,0.04,0.0,0.0513,0.0,0.0427
FaceForensics/FaceSwap/908_207.mp4,FaceForensics/original/908.mp4,faceswap,1,0.0818,0.0413,0.0,0.0,0.0,0.0
FaceForensics/NeuralTextures/908_207.mp4,FaceForensics/original/908.mp4,neuraltextures,1,0.0496,0.0,0.0,0.0,0.0,0.0
FaceForensics/original/909.mp4,FaceForensics/original/909.mp4,original,0,0.0,0.0,0.0,0.0,0.0,0.0
FaceForensics/Deepfakes/909_857.mp4,FaceForensics/original/909.mp4,deepfakes,1,0.0,0.0,0.06,0.0,0.0,0.0
FaceForensics/Face2Face/909_857.mp4,FaceForensics/original/909.mp4,face2face,1,0.0,0.0722,0.0714,0.0,0.0511,0.0
FaceForensics/FaceShifter/909_857.mp4,FaceForensics/original/909.mp4,faceshifter,1,0.238,0.1407,0.055,0.0852,0.0421,0.0439
FaceForensics/FaceSwap/909_857.mp4,FaceForensics/original/909.mp4,faceswap,1,0.0,0.0502,0.0829,0.0,0.0,0.0
FaceForensics/NeuralTextures/909_857.mp4,FaceForensics/original/909.mp4,neuraltextures,1,0.0715,0.0621,0.1956,0.0,0.0,0.0
FaceForensics/original/910.mp4,FaceForensics/original/910.mp4,original,0,0.0,0.0,0.0,0.0,0.0,0.0
FaceForensics/Deepfakes/910_911.mp4,FaceForensics/original/910.mp4,deepfakes,1,0.0,0.0848,0.0,0.0,0.0487,0.0
FaceForensics/Face2Face/910_911.mp4,FaceForensics/original/910.mp4,face2face,1,0.0,0.0,0.0,0.0,0.0,0.0
FaceForensics/FaceShifter/910_911.mp4,FaceForensics/original/910.mp4,faceshifter,1,0.0571,0.0,0.0,0.0,0.0,0.0
FaceForensics/FaceSwap/910_911.mp4,FaceForensics/original/910.mp4,faceswap,1,0.0427,0.0462,0.0,0.0,0.0,0.0
FaceForensics/NeuralTextures/910_911.mp4,FaceForensics/original/910.mp4,neuraltextures,1,0.0698,0.0559,0.0,0.0473,0.0,0.0
FaceForensics/original/911.mp4,FaceForensics/original/911.mp4,original,0,0.0,0.0,0.0,0.0,0.0,0.0
FaceForensics/Deepfakes/911_910.mp4,FaceForensics/original/911.mp4,deepfakes,1,0.0455,0.1383,0.0592,0.0721,0.0,0.0438
FaceForensics/Face2Face/911_910.mp4,FaceForensics/original/911.mp4,face2face,1,0.0908,0.0,0.0,0.0,0.0,0.0
FaceForensics/FaceShifter/911_910.mp4,FaceForensics/original/911.mp4,faceshifter,1,0.0,0.0,0.0,0.0,0.0,0.0494
FaceForensics/FaceSwap/911_910.mp4,FaceForensics/original/911.mp4,faceswap,1,0.0973,0.072,0.0,0.0,0.0,0.0
FaceForensics/NeuralTextures/911_910.mp4,FaceForensics/original/911.mp4,neuraltextures,1,0.0908,0.063,0.0,0.042,0.0,0.0
FaceForensics/original/912.mp4,FaceForensics/original/912.mp4,original,0,0.0,0.0,0.0,0.0,0.0,0.0
FaceForensics/Deepfakes/912_927.mp4,FaceForensics/original/912.mp4,deepfakes,1,0.0,0.0,0.1147,0.0,0.0,0.0
FaceForensics/Face2Face/912_927.mp4,FaceForensics/original/912.mp4,face2face,1,0.0,0.0,0.1661,0.0,0.0,0.0
FaceForensics/FaceShifter/912_927.mp4,FaceForensics/original/912.mp4,faceshifter,1,0.0,0.0,0.0,0.0,0.0,0.0
FaceForensics/FaceSwap/912_927.mp4,FaceForensics/original/912.mp4,faceswap,1,0.0,0.0,0.0471,0.0,0.0,0.0
FaceForensics/NeuralTextures/912_927.mp4,FaceForensics/original/912.mp4,neuraltextures,1,0.0,0.0,0.2341,0.0,0.0,0.0
FaceForensics/original/913.mp4,FaceForensics/original/913.mp4,original,0,0.0,0.0,0.0,0.0,0.0,0.0
FaceForensics/Deepfakes/913_893.mp4,FaceForensics/original/913.mp4,deepfakes,1,0.0451,0.0,0.163,0.0554,0.0,0.0
FaceForensics/Face2Face/913_893.mp4,FaceForensics/original/913.mp4,face2face,1,0.0,0.0,0.0622,0.0,0.0,0.0
FaceForensics/FaceShifter/913_893.mp4,FaceForensics/original/913.mp4,faceshifter,1,0.0426,0.0,0.0,0.0,0.0,0.0
FaceForensics/FaceSwap/913_893.mp4,FaceForensics/original/913.mp4,faceswap,1,0.0578,0.0,0.0,0.0468,0.0,0.0
FaceForensics/NeuralTextures/913_893.mp4,FaceForensics/original/913.mp4,neuraltextures,1,0.0,0.0,0.0559,0.0,0.0,0.0
FaceForensics/original/914.mp4,FaceForensics/original/914.mp4,original,0,0.0,0.0,0.0,0.0,0.0,0.0
FaceForensics/Deepfakes/914_899.mp4,FaceForensics/original/914.mp4,deepfakes,1,0.2847,0.1107,0.0483,0.0,0.0,0.0683
FaceForensics/Face2Face/914_899.mp4,FaceForensics/original/914.mp4,face2face,1,0.0,0.0,0.0,0.0,0.0,0.0
FaceForensics/FaceShifter/914_899.mp4,FaceForensics/original/914.mp4,faceshifter,1,0.0907,0.0416,0.0,0.0,0.0,0.0
FaceForensics/FaceSwap/914_899.mp4,FaceForensics/original/914.mp4,faceswap,1,0.1102,0.0432,0.0649,0.0,0.0,0.0476
FaceForensics/NeuralTextures/914_899.mp4,FaceForensics/original/914.mp4,neuraltextures,1,0.0517,0.0,0.0,0.0,0.0,0.0
FaceForensics/original/915.mp4,FaceForensics/original/915.mp4,original,0,0.0,0.0,0.0,0.0,0.0,0.0
FaceForensics/Deepfakes/915_895.mp4,FaceForensics/original/915.mp4,deepfakes,1,0.0,0.058,0.0,0.0477,0.0,0.0
FaceForensics/Face2Face/915_895.mp4,FaceForensics/original/915.mp4,face2face,1,0.0,0.0,0.0,0.0,0.0,0.0
FaceForensics/FaceShifter/915_895.mp4,FaceForensics/original/915.mp4,faceshifter,1,0.0,0.0,0.0,0.0,0.0,0.0
FaceForensics/FaceSwap/915_895.mp4,FaceForensics/original/915.mp4,faceswap,1,0.0963,0.066,0.0,0.0,0.0,0.0
FaceForensics/NeuralTextures/915_895.mp4,FaceForensics/original/915.mp4,neuraltextures,1,0.0,0.0,0.0,0.0,0.0,0.0
FaceForensics/original/916.mp4,FaceForensics/original/916.mp4,original,0,0.0,0.0,0.0,0.0,0.0,0.0
FaceForensics/Deepfakes/916_783.mp4,FaceForensics/original/916.mp4,deepfakes,1,0.0879,0.0,0.1278,0.0914,0.0643,0.0695
FaceForensics/Face2Face/916_783.mp4,FaceForensics/original/916.mp4,face2face,1,0.0581,0.0,0.0,0.0,0.0,0.0
FaceForensics/FaceShifter/916_783.mp4,FaceForensics/original/916.mp4,faceshifter,1,0.0,0.0,0.0,0.0,0.0,0.0
FaceForensics/FaceSwap/916_783.mp4,FaceForensics/original/916.mp4,faceswap,1,0.0,0.0,0.0,0.0,0.0,0.0
FaceForensics/NeuralTextures/916_783.mp4,FaceForensics/original/916.mp4,neuraltextures,1,0.0,0.0,0.1047,0.0,0.0,0.0
FaceForensics/original/917.mp4,FaceForensics/original/917.mp4,original,0,0.0,0.0,0.0,0.0,0.0,0.0
FaceForensics/Deepfakes/917_924.mp4,FaceForensics/original/917.mp4,deepfakes,1,0.205,0.0609,0.165,0.052,0.0,0.0
FaceForensics/Face2Face/917_924.mp4,FaceForensics/original/917.mp4,face2face,1,0.0,0.0,0.0462,0.0,0.0,0.0
FaceForensics/FaceShifter/917_924.mp4,FaceForensics/original/917.mp4,faceshifter,1,0.2048,0.0779,0.0658,0.0458,0.0502,0.0
FaceForensics/FaceSwap/917_924.mp4,FaceForensics/original/917.mp4,faceswap,1,0.0,0.0,0.0518,0.0,0.0,0.0
FaceForensics/NeuralTextures/917_924.mp4,FaceForensics/original/917.mp4,neuraltextures,1,0.0,0.0,0.0,0.0,0.0,0.0
FaceForensics/original/918.mp4,FaceForensics/original/918.mp4,original,0,0.0,0.0,0.0,0.0,0.0,0.0
FaceForensics/Deepfakes/918_934.mp4,FaceForensics/original/918.mp4,deepfakes,1,0.0714,0.0513,0.1991,0.0691,0.0611,0.0
FaceForensics/Face2Face/918_934.mp4,FaceForensics/original/918.mp4,face2face,1,0.0,0.0,0.0,0.0,0.0,0.0
FaceForensics/FaceShifter/918_934.mp4,FaceForensics/original/918.mp4,faceshifter,1,0.1411,0.1087,0.4378,0.3077,0.0924,0.2049
FaceForensics/FaceSwap/918_934.mp4,FaceForensics/original/918.mp4,faceswap,1,0.0649,0.0859,0.0,0.0,0.0446,0.0
FaceForensics/NeuralTextures/918_934.mp4,FaceForensics/original/918.mp4,neuraltextures,1,0.0,0.0,0.0854,0.0,0.0,0.0
FaceForensics/original/919.mp4,FaceForensics/original/919.mp4,original,0,0.0,0.0,0.0,0.0,0.0,0.0
FaceForensics/Deepfakes/919_015.mp4,FaceForensics/original/919.mp4,deepfakes,1,0.0,0.0,0.0662,0.0,0.0,0.0
FaceForensics/Face2Face/919_015.mp4,FaceForensics/original/919.mp4,face2face,1,0.0871,0.0,0.1903,0.0503,0.098,0.0405
FaceForensics/FaceShifter/919_015.mp4,FaceForensics/original/919.mp4,faceshifter,1,0.0,0.0,0.0,0.0,0.0,0.0
FaceForensics/FaceSwap/919_015.mp4,FaceForensics/original/919.mp4,faceswap,1,0.0935,0.0,0.1219,0.0561,0.0,0.0
FaceForensics/NeuralTextures/919_015.mp4,FaceForensics/original/919.mp4,neuraltextures,1,0.0935,0.0466,0.1816,0.0855,0.0903,0.0856
FaceForensics/original/920.mp4,FaceForensics/original/920.mp4,original,0,0.0,0.0,0.0,0.0,0.0,0.0
FaceForensics/Deepfakes/920_811.mp4,FaceForensics/original/920.mp4,deepfakes,1,0.0,0.0,0.0,0.0,0.0,0.0
FaceForensics/Face2Face/920_811.mp4,FaceForensics/original/920.mp4,face2face,1,0.0,0.0,0.0,0.0,0.0,0.0
FaceForensics/FaceShifter/920_811.mp4,FaceForensics/original/920.mp4,faceshifter,1,0.0,0.041,0.0,0.0,0.0,0.0
FaceForensics/FaceSwap/920_811.mp4,FaceForensics/original/920.mp4,faceswap,1,0.0,0.0,0.0,0.0,0.0541,0.0
FaceForensics/NeuralTextures/920_811.mp4,FaceForensics/original/920.mp4,neuraltextures,1,0.0,0.0,0.0,0.0,0.0,0.0
FaceForensics/original/921.mp4,FaceForensics/original/921.mp4,original,0,0.0,0.0,0.0,0.0,0.0,0.0
FaceForensics/Deepfakes/921_569.mp4,FaceForensics/original/921.mp4,deepfakes,1,0.131,0.0658,0.0,0.0,0.0,0.0
FaceForensics/Face2Face/921_569.mp4,FaceForensics/original/921.mp4,face2face,1,0.1064,0.0423,0.0,0.0,0.0,0.0
FaceForensics/FaceShifter/921_569.mp4,FaceForensics/original/921.mp4,faceshifter,1,0.1667,0.0,0.0664,0.0426,0.0,0.0
FaceForensics/FaceSwap/921_569.mp4,FaceForensics/original/921.mp4,faceswap,1,0.1243,0.0,0.0,0.0,0.0,0.0
FaceForensics/NeuralTextures/921_569.mp4,FaceForensics/original/921.mp4,neuraltextures,1,0.0962,0.0,0.0,0.0476,0.0,0.0
FaceForensics/original/922.mp4,FaceForensics/original/922.mp4,original,0,0.0,0.0,0.0,0.0,0.0,0.0
FaceForensics/Deepfakes/922_898.mp4,FaceForensics/original/922.mp4,deepfakes,1,0.0,0.0,0.0932,0.0,0.0,0.0
FaceForensics/Face2Face/922_898.mp4,FaceForensics/original/922.mp4,face2face,1,0.0,0.0,0.0,0.0,0.0,0.0
FaceForensics/FaceShifter/922_898.mp4,FaceForensics/original/922.mp4,faceshifter,1,0.0,0.0,0.0,0.0,0.0,0.0
FaceForensics/FaceSwap/922_898.mp4,FaceForensics/original/922.mp4,faceswap,1,0.0,0.0,0.0,0.0,0.0,0.0
FaceForensics/NeuralTextures/922_898.mp4,FaceForensics/original/922.mp4,neuraltextures,1,0.0,0.0,0.0,0.0,0.0,0.0
FaceForensics/original/923.mp4,FaceForensics/original/923.mp4,original,0,0.0,0.0,0.0,0.0,0.0,0.0
FaceForensics/Deepfakes/923_023.mp4,FaceForensics/original/923.mp4,deepfakes,1,0.0974,0.1275,0.0619,0.0782,0.0966,0.0581
FaceForensics/Face2Face/923_023.mp4,FaceForensics/original/923.mp4,face2face,1,0.0,0.0,0.0,0.0,0.0,0.0
FaceForensics/FaceShifter/923_023.mp4,FaceForensics/original/923.mp4,faceshifter,1,0.0,0.0,0.0,0.0,0.0,0.0
FaceForensics/FaceSwap/923_023.mp4,FaceForensics/original/923.mp4,faceswap,1,0.0782,0.0,0.0555,0.0,0.0,0.0
FaceForensics/NeuralTextures/923_023.mp4,FaceForensics/original/923.mp4,neuraltextures,1,0.0,0.0,0.0,0.0,0.0,0.0
FaceForensics/original/924.mp4,FaceForensics/original/924.mp4,original,0,0.0,0.0,0.0,0.0,0.0,0.0
FaceForensics/Deepfakes/924_917.mp4,FaceForensics/original/924.mp4,deepfakes,1,0.0,0.0,0.5853,0.0,0.0,0.0
FaceForensics/Face2Face/924_917.mp4,FaceForensics/original/924.mp4,face2face,1,0.0699,0.0,0.1407,0.0,0.0,0.0
FaceForensics/FaceShifter/924_917.mp4,FaceForensics/original/924.mp4,faceshifter,1,0.0,0.0,0.0,0.0,0.0,0.0
FaceForensics/FaceSwap/924_917.mp4,FaceForensics/original/924.mp4,faceswap,1,0.0,0.0,0.1791,0.0687,0.0,0.0
FaceForensics/NeuralTextures/924_917.mp4,FaceForensics/original/924.mp4,neuraltextures,1,0.0511,0.0,0.0719,0.0625,0.0515,0.0
FaceForensics/original/925.mp4,FaceForensics/original/925.mp4,original,0,0.0,0.0,0.0,0.0,0.0,0.0
FaceForensics/Deepfakes/925_933.mp4,FaceForensics/original/925.mp4,deepfakes,1,0.0,0.0,0.0,0.0443,0.0,0.0
FaceForensics/Face2Face/925_933.mp4,FaceForensics/original/925.mp4,face2face,1,0.058,0.0,0.0,0.0,0.0409,0.0
FaceForensics/FaceShifter/925_933.mp4,FaceForensics/original/925.mp4,faceshifter,1,0.0,0.0,0.0,0.0,0.0,0.0
FaceForensics/FaceSwap/925_933.mp4,FaceForensics/original/925.mp4,faceswap,1,0.0,0.0,0.0,0.0,0.0,0.0
FaceForensics/NeuralTextures/925_933.mp4,FaceForensics/original/925.mp4,neuraltextures,1,0.0,0.0,0.0,0.0,0.0,0.0
FaceForensics/original/926.mp4,FaceForensics/original/926.mp4,original,0,0.0,0.0,0.0,0.0,0.0,0.0
FaceForensics/Deepfakes/926_900.mp4,FaceForensics/original/926.mp4,deepfakes,1,0.0451,0.0883,0.0,0.0,0.0,0.0
FaceForensics/Face2Face/926_900.mp4,FaceForensics/original/926.mp4,face2face,1,0.0,0.0,0.0,0.0,0.0,0.0
FaceForensics/FaceShifter/926_900.mp4,FaceForensics/original/926.mp4,faceshifter,1,0.0,0.0,0.0,0.0,0.0,0.0
FaceForensics/FaceSwap/926_900.mp4,FaceForensics/original/926.mp4,faceswap,1,0.058,0.0472,0.0,0.0,0.0,0.0
FaceForensics/NeuralTextures/926_900.mp4,FaceForensics/original/926.mp4,neuraltextures,1,0.0,0.0,0.0,0.0,0.0,0.0
FaceForensics/original/927.mp4,FaceForensics/original/927.mp4,original,0,0.0,0.0,0.0,0.0,0.0,0.0
FaceForensics/Deepfakes/927_912.mp4,FaceForensics/original/927.mp4,deepfakes,1,0.1879,0.2057,0.6694,0.2523,0.1655,0.1646
FaceForensics/Face2Face/927_912.mp4,FaceForensics/original/927.mp4,face2face,1,0.0,0.0,0.4266,0.0772,0.0595,0.0
FaceForensics/FaceShifter/927_912.mp4,FaceForensics/original/927.mp4,faceshifter,1,0.121,0.0,0.0,0.0464,0.0672,0.0
FaceForensics/FaceSwap/927_912.mp4,FaceForensics/original/927.mp4,faceswap,1,0.1039,0.0879,0.3738,0.0709,0.0684,0.0
FaceForensics/NeuralTextures/927_912.mp4,FaceForensics/original/927.mp4,neuraltextures,1,0.0,0.0,0.2973,0.0,0.0,0.0
FaceForensics/original/928.mp4,FaceForensics/original/928.mp4,original,0,0.0,0.0,0.0,0.0,0.0,0.0
FaceForensics/Deepfakes/928_160.mp4,FaceForensics/original/928.mp4,deepfakes,1,0.0,0.0832,0.1651,0.2187,0.0727,0.0
FaceForensics/Face2Face/928_160.mp4,FaceForensics/original/928.mp4,face2face,1,0.0,0.0,0.0507,0.0,0.0,0.0
FaceForensics/FaceShifter/928_160.mp4,FaceForensics/original/928.mp4,faceshifter,1,0.0,0.0,0.0,0.0589,0.0,0.0
FaceForensics/FaceSwap/928_160.mp4,FaceForensics/original/928.mp4,faceswap,1,0.0,0.0,0.0,0.0,0.0,0.0
FaceForensics/NeuralTextures/928_160.mp4,FaceForensics/original/928.mp4,neuraltextures,1,0.0,0.0,0.0,0.0,0.0,0.0
FaceForensics/original/929.mp4,FaceForensics/original/929.mp4,original,0,0.0,0.0,0.0,0.0,0.0,0.0
FaceForensics/Deepfakes/929_962.mp4,FaceForensics/original/929.mp4,deepfakes,1,0.1215,0.0776,0.073,0.0612,0.0,0.053
FaceForensics/Face2Face/929_962.mp4,FaceForensics/original/929.mp4,face2face,1,0.1052,0.0,0.1325,0.0,0.0582,0.0
FaceForensics/FaceShifter/929_962.mp4,FaceForensics/original/929.mp4,faceshifter,1,0.0,0.0,0.0,0.0,0.0,0.0
FaceForensics/FaceSwap/929_962.mp4,FaceForensics/original/929.mp4,faceswap,1,0.0,0.0,0.0,0.0,0.0,0.0
FaceForensics/NeuralTextures/929_962.mp4,FaceForensics/original/929.mp4,neuraltextures,1,0.0674,0.0,0.0636,0.0,0.0,0.0
FaceForensics/original/930.mp4,FaceForensics/original/930.mp4,original,0,0.0,0.0,0.0,0.0,0.0,0.0
FaceForensics/Deepfakes/930_763.mp4,FaceForensics/original/930.mp4,deepfakes,1,0.0,0.0,0.3141,0.0996,0.0472,0.0
FaceForensics/Face2Face/930_763.mp4,FaceForensics/original/930.mp4,face2face,1,0.0688,0.0,0.1455,0.0,0.0,0.0
FaceForensics/FaceShifter/930_763.mp4,FaceForensics/original/930.mp4,faceshifter,1,0.0,0.0,0.0,0.0411,0.0,0.0
FaceForensics/FaceSwap/930_763.mp4,FaceForensics/original/930.mp4,faceswap,1,0.0498,0.0,0.2106,0.0708,0.0,0.0
FaceForensics/NeuralTextures/930_763.mp4,FaceForensics/original/930.mp4,neuraltextures,1,0.0,0.0,0.0993,0.0406,0.0,0.0
FaceForensics/original/931.mp4,FaceForensics/original/931.mp4,original,0,0.0,0.0,0.0,0.0,0.0,0.0
FaceForensics/Deepfakes/931_936.mp4,FaceForensics/original/931.mp4,deepfakes,1,0.0,0.0,0.0,0.0,0.0,0.0
FaceForensics/Face2Face/931_936.mp4,FaceForensics/original/931.mp4,face2face,1,0.0513,0.0,0.0,0.0,0.0,0.0
FaceForensics/FaceShifter/931_936.mp4,FaceForensics/original/931.mp4,faceshifter,1,0.0,0.0,0.0,0.0,0.0,0.0
FaceForensics/FaceSwap/931_936.mp4,FaceForensics/original/931.mp4,faceswap,1,0.3168,0.2008,0.0,0.0,0.073,0.0
FaceForensics/NeuralTextures/931_936.mp4,FaceForensics/original/931.mp4,neuraltextures,1,0.0836,0.0609,0.0,0.0,0.0,0.0
FaceForensics/original/932.mp4,FaceForensics/original/932.mp4,original,0,0.0,0.0,0.0,0.0,0.0,0.0
FaceForensics/Deepfakes/932_384.mp4,FaceForensics/original/932.mp4,deepfakes,1,0.0428,0.0624,0.2903,0.1482,0.0407,0.0
FaceForensics/Face2Face/932_384.mp4,FaceForensics/original/932.mp4,face2face,1,0.0556,0.0,0.2548,0.0,0.0,0.0
FaceForensics/FaceShifter/932_384.mp4,FaceForensics/original/932.mp4,faceshifter,1,0.0,0.0,0.0,0.0586,0.0,0.0
FaceForensics/FaceSwap/932_384.mp4,FaceForensics/original/932.mp4,faceswap,1,0.0809,0.094,0.3167,0.0,0.0499,0.0
FaceForensics/NeuralTextures/932_384.mp4,FaceForensics/original/932.mp4,neuraltextures,1,0.0681,0.0,0.261,0.1084,0.0,0.0
FaceForensics/original/933.mp4,FaceForensics/original/933.mp4,original,0,0.0,0.0,0.0,0.0,0.0,0.0
FaceForensics/Deepfakes/933_925.mp4,FaceForensics/original/933.mp4,deepfakes,1,0.2055,0.2743,0.9082,0.2358,0.2582,0.1893
FaceForensics/Face2Face/933_925.mp4,FaceForensics/original/933.mp4,face2face,1,0.0,0.0,0.0,0.0,0.0,0.0
FaceForensics/FaceShifter/933_925.mp4,FaceForensics/original/933.mp4,faceshifter,1,0.052,0.0752,0.043,0.0503,0.0,0.0443
FaceForensics/FaceSwap/933_925.mp4,FaceForensics/original/933.mp4,faceswap,1,0.0,0.0689,0.0,0.0,0.0836,0.0
FaceForensics/NeuralTextures/933_925.mp4,FaceForensics/original/933.mp4,neuraltextures,1,0.0,0.0,0.0,0.0,0.0,0.0
FaceForensics/original/934.mp4,FaceForensics/original/934.mp4,original,0,0.0,0.0,0.0,0.0,0.0,0.0
FaceForensics/Deepfakes/934_918.mp4,FaceForensics/original/934.mp4,deepfakes,1,0.0,0.0,0.0,0.0,0.0,0.0
FaceForensics/Face2Face/934_918.mp4,FaceForensics/original/934.mp4,face2face,1,0.0,0.0,0.0,0.0,0.0,0.0
FaceForensics/FaceShifter/934_918.mp4,FaceForensics/original/934.mp4,faceshifter,1,0.0,0.0,0.0,0.0,0.0,0.0
FaceForensics/FaceSwap/934_918.mp4,FaceForensics/original/934.mp4,faceswap,1,0.0,0.0,0.0,0.0,0.0,0.0
FaceForensics/NeuralTextures/934_918.mp4,FaceForensics/original/934.mp4,neuraltextures,1,0.0,0.0,0.0,0.0,0.0,0.0
FaceForensics/original/935.mp4,FaceForensics/original/935.mp4,original,0,0.0,0.0,0.0,0.0,0.0,0.0
FaceForensics/Deepfakes/935_733.mp4,FaceForensics/original/935.mp4,deepfakes,1,0.0,0.0,0.0,0.0,0.0,0.0
FaceForensics/Face2Face/935_733.mp4,FaceForensics/original/935.mp4,face2face,1,0.0,0.0,0.0,0.0,0.0,0.0
FaceForensics/FaceShifter/935_733.mp4,FaceForensics/original/935.mp4,faceshifter,1,0.3118,0.0464,0.0755,0.0673,0.0,0.0725
FaceForensics/FaceSwap/935_733.mp4,FaceForensics/original/935.mp4,faceswap,1,0.078,0.0,0.0,0.0,0.0,0.0
FaceForensics/NeuralTextures/935_733.mp4,FaceForensics/original/935.mp4,neuraltextures,1,0.0,0.0,0.0516,0.0,0.0,0.0
FaceForensics/original/936.mp4,FaceForensics/original/936.mp4,original,0,0.0,0.0,0.0,0.0,0.0,0.0
FaceForensics/Deepfakes/936_931.mp4,FaceForensics/original/936.mp4,deepfakes,1,0.0,0.0658,0.0,0.0,0.0,0.0
FaceForensics/Face2Face/936_931.mp4,FaceForensics/original/936.mp4,face2face,1,0.0,0.0,0.0,0.0,0.0,0.0
FaceForensics/FaceShifter/936_931.mp4,FaceForensics/original/936.mp4,faceshifter,1,0.0,0.0,0.0,0.0,0.0,0.0
FaceForensics/FaceSwap/936_931.mp4,FaceForensics/original/936.mp4,faceswap,1,0.0,0.0,0.0,0.0,0.0,0.0
FaceForensics/NeuralTextures/936_931.mp4,FaceForensics/original/936.mp4,neuraltextures,1,0.0,0.0,0.0,0.0,0.0,0.0
FaceForensics/original/937.mp4,FaceForensics/original/937.mp4,original,0,0.0,0.0,0.0,0.0,0.0,0.0
FaceForensics/Deepfakes/937_888.mp4,FaceForensics/original/937.mp4,deepfakes,1,0.1776,0.08,0.0708,0.0992,0.0559,0.0428
FaceForensics/Face2Face/937_888.mp4,FaceForensics/original/937.mp4,face2face,1,0.0,0.0,0.0,0.0,0.0,0.0
FaceForensics/FaceShifter/937_888.mp4,FaceForensics/original/937.mp4,faceshifter,1,0.0,0.0,0.0,0.0406,0.0,0.0
FaceForensics/FaceSwap/937_888.mp4,FaceForensics/original/937.mp4,faceswap,1,0.2386,0.0669,0.0,0.0707,0.0721,0.0651
FaceForensics/NeuralTextures/937_888.mp4,FaceForensics/original/937.mp4,neuraltextures,1,0.0,0.0,0.0,0.0,0.0,0.0
FaceForensics/original/938.mp4,FaceForensics/original/938.mp4,original,0,0.0,0.0,0.0,0.0,0.0,0.0
FaceForensics/Deepfakes/938_987.mp4,FaceForensics/original/938.mp4,deepfakes,1,0.0415,0.071,0.1783,0.0874,0.0897,0.1084
FaceForensics/Face2Face/938_987.mp4,FaceForensics/original/938.mp4,face2face,1,0.0491,0.0,0.0627,0.0,0.0,0.0
FaceForensics/FaceShifter/938_987.mp4,FaceForensics/original/938.mp4,faceshifter,1,0.1539,0.1175,0.0,0.0599,0.0783,0.0639
FaceForensics/FaceSwap/938_987.mp4,FaceForensics/original/938.mp4,faceswap,1,0.0842,0.0748,0.0569,0.0,0.062,0.0531
FaceForensics/NeuralTextures/938_987.mp4,FaceForensics/original/938.mp4,neuraltextures,1,0.0,0.0,0.0491,0.0,0.0,0.0
FaceForensics/original/939.mp4,FaceForensics/original/939.mp4,original,0,0.0,0.0,0.0,0.0,0.0,0.0
FaceForensics/Deepfakes/939_115.mp4,FaceForensics/original/939.mp4,deepfakes,1,0.0,0.2023,0.2308,0.0829,0.0543,0.0654
FaceForensics/Face2Face/939_115.mp4,FaceForensics/original/939.mp4,face2face,1,0.0,0.0,0.0,0.0,0.0,0.0
FaceForensics/FaceShifter/939_115.mp4,FaceForensics/original/939.mp4,faceshifter,1,0.0,0.0,0.0,0.0,0.0,0.0
FaceForensics/FaceSwap/939_115.mp4,FaceForensics/original/939.mp4,faceswap,1,0.0,0.1246,0.0,0.0,0.0733,0.0
FaceForensics/NeuralTextures/939_115.mp4,FaceForensics/original/939.mp4,neuraltextures,1,0.0,0.0,0.0,0.0,0.0,0.0
FaceForensics/original/940.mp4,FaceForensics/original/940.mp4,original,0,0.0,0.0,0.0,0.0,0.0,0.0
FaceForensics/Deepfakes/940_941.mp4,FaceForensics/original/940.mp4,deepfakes,1,0.0,0.0806,0.0,0.0,0.0,0.0
FaceForensics/Face2Face/940_941.mp4,FaceForensics/original/940.mp4,face2face,1,0.0,0.0,0.0,0.0,0.0,0.0
FaceForensics/FaceShifter/940_941.mp4,FaceForensics/original/940.mp4,faceshifter,1,0.0714,0.0,0.0957,0.0513,0.0,0.0
FaceForensics/FaceSwap/940_941.mp4,FaceForensics/original/940.mp4,faceswap,1,0.0,0.0499,0.0,0.0,0.0,0.0
FaceForensics/NeuralTextures/940_941.mp4,FaceForensics/original/940.mp4,neuraltextures,1,0.0,0.0,0.0,0.0,0.0,0.0
FaceForensics/original/941.mp4,FaceForensics/original/941.mp4,original,0,0.0,0.0,0.0,0.0,0.0,0.0
FaceForensics/Deepfakes/941_940.mp4,FaceForensics/original/941.mp4,deepfakes,1,0.0,0.0,0.0,0.0,0.0,0.0
FaceForensics/Face2Face/941_940.mp4,FaceForensics/original/941.mp4,face2face,1,0.2602,0.0643,0.0565,0.0839,0.1269,0.1468
FaceForensics/FaceShifter/941_940.mp4,FaceForensics/original/941.mp4,faceshifter,1,0.0,0.0,0.0,0.0,0.0,0.0
FaceForensics/FaceSwap/941_940.mp4,FaceForensics/original/941.mp4,faceswap,1,0.0,0.0,0.0,0.0,0.0,0.0
FaceForensics/NeuralTextures/941_940.mp4,FaceForensics/original/941.mp4,neuraltextures,1,0.1792,0.059,0.0567,0.0451,0.0468,0.0
FaceForensics/original/942.mp4,FaceForensics/original/942.mp4,original,0,0.0,0.0,0.0,0.0,0.0,0.0
FaceForensics/Deepfakes/942_943.mp4,FaceForensics/original/942.mp4,deepfakes,1,0.0,0.0508,0.0,0.0,0.0,0.0
FaceForensics/Face2Face/942_943.mp4,FaceForensics/original/942.mp4,face2face,1,0.0,0.0,0.0792,0.0,0.0,0.0
FaceForensics/FaceShifter/942_943.mp4,FaceForensics/original/942.mp4,faceshifter,1,0.1121,0.0817,0.0503,0.0749,0.0,0.0
FaceForensics/FaceSwap/942_943.mp4,FaceForensics/original/942.mp4,faceswap,1,0.1265,0.1775,0.0553,0.0893,0.0,0.0512
FaceForensics/NeuralTextures/942_943.mp4,FaceForensics/original/942.mp4,neuraltextures,1,0.0,0.0,0.0,0.0,0.0,0.0
FaceForensics/original/943.mp4,FaceForensics/original/943.mp4,original,0,0.0,0.0,0.0,0.0,0.0,0.0
FaceForensics/Deepfakes/943_942.mp4,FaceForensics/original/943.mp4,deepfakes,1,0.0,0.0,0.0811,0.0,0.0,0.0
FaceForensics/Face2Face/943_942.mp4,FaceForensics/original/943.mp4,face2face,1,0.0,0.0,0.2549,0.0,0.0,0.0
FaceForensics/FaceShifter/943_942.mp4,FaceForensics/original/943.mp4,faceshifter,1,0.0594,0.0684,0.0,0.0799,0.0,0.0
FaceForensics/FaceSwap/943_942.mp4,FaceForensics/original/943.mp4,faceswap,1,0.0,0.0,0.2345,0.0,0.0,0.0
FaceForensics/NeuralTextures/943_942.mp4,FaceForensics/original/943.mp4,neuraltextures,1,0.0,0.0,0.0818,0.0,0.0,0.0
FaceForensics/original/944.mp4,FaceForensics/original/944.mp4,original,0,0.0,0.0,0.0,0.0,0.0,0.0
FaceForensics/Deepfakes/944_032.mp4,FaceForensics/original/944.mp4,deepfakes,1,0.0622,0.1122,0.0,0.0593,0.0,0.0
FaceForensics/Face2Face/944_032.mp4,FaceForensics/original/944.mp4,face2face,1,0.0,0.0,0.0,0.0,0.0,0.0
FaceForensics/FaceShifter/944_032.mp4,FaceForensics/original/944.mp4,faceshifter,1,0.0,0.0,0.0,0.0,0.0,0.0
FaceForensics/FaceSwap/944_032.mp4,FaceForensics/original/944.mp4,faceswap,1,0.1375,0.0838,0.0,0.0,0.0,0.0
FaceForensics/NeuralTextures/944_032.mp4,FaceForensics/original/944.mp4,neuraltextures,1,0.0,0.0,0.0,0.0,0.0,0.0
FaceForensics/original/945.mp4,FaceForensics/original/945.mp4,original,0,0.0,0.0,0.0,0.0,0.0,0.0
FaceForensics/Deepfakes/945_044.mp4,FaceForensics/original/945.mp4,deepfakes,1,0.0,0.0,0.068,0.0,0.0,0.0
FaceForensics/Face2Face/945_044.mp4,FaceForensics/original/945.mp4,face2face,1,0.1639,0.0433,0.0,0.0,0.0439,0.0
FaceForensics/FaceShifter/945_044.mp4,FaceForensics/original/945.mp4,faceshifter,1,0.0,0.0,0.0,0.0,0.0,0.0
FaceForensics/FaceSwap/945_044.mp4,FaceForensics/original/945.mp4,faceswap,1,0.1357,0.0,0.0,0.0,0.0,0.0
FaceForensics/NeuralTextures/945_044.mp4,FaceForensics/original/945.mp4,neuraltextures,1,0.0493,0.0,0.0,0.0,0.0,0.0
FaceForensics/original/946.mp4,FaceForensics/original/946.mp4,original,0,0.0,0.0,0.0,0.0,0.0,0.0
FaceForensics/Deepfakes/946_049.mp4,FaceForensics/original/946.mp4,deepfakes,1,0.0,0.0,0.053,0.0,0.0,0.0
FaceForensics/Face2Face/946_049.mp4,FaceForensics/original/946.mp4,face2face,1,0.047,0.0,0.0,0.0,0.0,0.0
FaceForensics/FaceShifter/946_049.mp4,FaceForensics/original/946.mp4,faceshifter,1,0.0451,0.0,0.0,0.0,0.0,0.0
FaceForensics/FaceSwap/946_049.mp4,FaceForensics/original/946.mp4,faceswap,1,0.0,0.0,0.0,0.0,0.0,0.0
FaceForensics/NeuralTextures/946_049.mp4,FaceForensics/original/946.mp4,neuraltextures,1,0.0,0.0,0.0,0.0,0.0,0.0
FaceForensics/original/947.mp4,FaceForensics/original/947.mp4,original,0,0.0,0.0,0.0,0.0,0.0,0.0
FaceForensics/Deepfakes/947_951.mp4,FaceForensics/original/947.mp4,deepfakes,1,0.0,0.0,0.0,0.0,0.0,0.0
FaceForensics/Face2Face/947_951.mp4,FaceForensics/original/947.mp4,face2face,1,0.0,0.0,0.0,0.0,0.0,0.0
FaceForensics/FaceShifter/947_951.mp4,FaceForensics/original/947.mp4,faceshifter,1,0.0,0.0,0.0,0.0,0.0,0.0
FaceForensics/FaceSwap/947_951.mp4,FaceForensics/original/947.mp4,faceswap,1,0.0,0.0,0.0,0.0,0.0,0.0
FaceForensics/NeuralTextures/947_951.mp4,FaceForensics/original/947.mp4,neuraltextures,1,0.0,0.0,0.0,0.0,0.0,0.0
FaceForensics/original/948.mp4,FaceForensics/original/948.mp4,original,0,0.0,0.0,0.0,0.0,0.0,0.0
FaceForensics/Deepfakes/948_965.mp4,FaceForensics/original/948.mp4,deepfakes,1,0.0782,0.0,0.0,0.0,0.0,0.0
FaceForensics/Face2Face/948_965.mp4,FaceForensics/original/948.mp4,face2face,1,0.1047,0.0,0.0,0.0,0.0726,0.0
FaceForensics/FaceShifter/948_965.mp4,FaceForensics/original/948.mp4,faceshifter,1,0.0498,0.0,0.0,0.0,0.0,0.0
FaceForensics/FaceSwap/948_965.mp4,FaceForensics/original/948.mp4,faceswap,1,0.2715,0.0,0.0,0.0,0.0441,0.0
FaceForensics/NeuralTextures/948_965.mp4,FaceForensics/original/948.mp4,neuraltextures,1,0.114,0.0448,0.0,0.0505,0.0,0.0
FaceForensics/original/949.mp4,FaceForensics/original/949.mp4,original,0,0.0,0.0,0.0,0.0,0.0,0.0
FaceForensics/Deepfakes/949_868.mp4,FaceForensics/original/949.mp4,deepfakes,1,0.0,0.0,0.3184,0.0,0.1018,0.0
FaceForensics/Face2Face/949_868.mp4,FaceForensics/original/949.mp4,face2face,1,0.0,0.0,0.2276,0.0,0.0974,0.0415
FaceForensics/FaceShifter/949_868.mp4,FaceForensics/original/949.mp4,faceshifter,1,0.1158,0.0,0.0,0.0,0.0,0.0
FaceForensics/FaceSwap/949_868.mp4,FaceForensics/original/949.mp4,faceswap,1,0.0,0.0,0.3166,0.0,0.0516,0.0
FaceForensics/NeuralTextures/949_868.mp4,FaceForensics/original/949.mp4,neuraltextures,1,0.0,0.0,0.2443,0.0,0.0624,0.0
FaceForensics/original/950.mp4,FaceForensics/original/950.mp4,original,0,0.0,0.0,0.0,0.0,0.0,0.0
FaceForensics/Deepfakes/950_836.mp4,FaceForensics/original/950.mp4,deepfakes,1,0.0977,0.0446,0.1212,0.1049,0.0451,0.1431
FaceForensics/Face2Face/950_836.mp4,FaceForensics/original/950.mp4,face2face,1,0.1267,0.0,0.0,0.0,0.1439,0.0
FaceForensics/FaceShifter/950_836.mp4,FaceForensics/original/950.mp4,faceshifter,1,0.219,0.044,0.0,0.0,0.0583,0.0
FaceForensics/FaceSwap/950_836.mp4,FaceForensics/original/950.mp4,faceswap,1,0.0784,0.1212,0.0,0.0,0.0405,0.0
FaceForensics/NeuralTextures/950_836.mp4,FaceForensics/original/950.mp4,neuraltextures,1,0.0485,0.0,0.0,0.0,0.0,0.0
FaceForensics/original/951.mp4,FaceForensics/original/951.mp4,original,0,0.0,0.0,0.0,0.0,0.0,0.0
FaceForensics/Deepfakes/951_947.mp4,FaceForensics/original/951.mp4,deepfakes,1,0.0,0.0,0.0,0.0,0.0,0.0
FaceForensics/Face2Face/951_947.mp4,FaceForensics/original/951.mp4,face2face,1,0.0,0.0,0.0,0.0,0.0,0.0
FaceForensics/FaceShifter/951_947.mp4,FaceForensics/original/951.mp4,faceshifter,1,0.1273,0.0485,0.0904,0.1086,0.0791,0.0713
FaceForensics/FaceSwap/951_947.mp4,FaceForensics/original/951.mp4,faceswap,1,0.0,0.0,0.0649,0.0,0.0,0.0
FaceForensics/NeuralTextures/951_947.mp4,FaceForensics/original/951.mp4,neuraltextures,1,0.0,0.0,0.0427,0.0,0.0,0.0
FaceForensics/original/952.mp4,FaceForensics/original/952.mp4,original,0,0.0,0.0,0.0,0.0,0.0,0.0
FaceForensics/Deepfakes/952_882.mp4,FaceForensics/original/952.mp4,deepfakes,1,0.0839,0.0643,0.2486,0.1342,0.0756,0.1284
FaceForensics/Face2Face/952_882.mp4,FaceForensics/original/952.mp4,face2face,1,0.1379,0.0,0.0,0.0813,0.0416,0.0
FaceForensics/FaceShifter/952_882.mp4,FaceForensics/original/952.mp4,faceshifter,1,0.2073,0.0504,0.0472,0.0808,0.0561,0.0494
FaceForensics/FaceSwap/952_882.mp4,FaceForensics/original/952.mp4,faceswap,1,0.1503,0.0857,0.0,0.0,0.0,0.0
FaceForensics/NeuralTextures/952_882.mp4,FaceForensics/original/952.mp4,neuraltextures,1,0.0,0.0,0.0,0.0,0.0,0.0
FaceForensics/original/953.mp4,FaceForensics/original/953.mp4,original,0,0.0,0.0,0.0,0.0,0.0,0.0
FaceForensics/Deepfakes/953_974.mp4,FaceForensics/original/953.mp4,deepfakes,1,0.0,0.0,0.0,0.0,0.0,0.0
FaceForensics/Face2Face/953_974.mp4,FaceForensics/original/953.mp4,face2face,1,0.0,0.0,0.0,0.0,0.0,0.0
FaceForensics/FaceShifter/953_974.mp4,FaceForensics/original/953.mp4,faceshifter,1,0.0,0.0,0.0,0.0,0.0,0.0
FaceForensics/FaceSwap/953_974.mp4,FaceForensics/original/953.mp4,faceswap,1,0.0,0.0,0.0,0.0,0.0,0.0
FaceForensics/NeuralTextures/953_974.mp4,FaceForensics/original/953.mp4,neuraltextures,1,0.0,0.0,0.0,0.0,0.0,0.0
FaceForensics/original/954.mp4,FaceForensics/original/954.mp4,original,0,0.0,0.0,0.0,0.0,0.0,0.0
FaceForensics/Deepfakes/954_976.mp4,FaceForensics/original/954.mp4,deepfakes,1,0.0,0.0,0.0,0.0,0.0,0.0
FaceForensics/Face2Face/954_976.mp4,FaceForensics/original/954.mp4,face2face,1,0.0,0.0,0.0,0.0,0.0,0.0
FaceForensics/FaceShifter/954_976.mp4,FaceForensics/original/954.mp4,faceshifter,1,0.0,0.0,0.0,0.0,0.0,0.0
FaceForensics/FaceSwap/954_976.mp4,FaceForensics/original/954.mp4,faceswap,1,0.0,0.0448,0.0,0.0,0.0,0.0
FaceForensics/NeuralTextures/954_976.mp4,FaceForensics/original/954.mp4,neuraltextures,1,0.0,0.0,0.0,0.0,0.0,0.0
FaceForensics/original/955.mp4,FaceForensics/original/955.mp4,original,0,0.0,0.0,0.0,0.0,0.0,0.0
FaceForensics/Deepfakes/955_078.mp4,FaceForensics/original/955.mp4,deepfakes,1,0.0,0.0456,0.1109,0.0,0.0416,0.0
FaceForensics/Face2Face/955_078.mp4,FaceForensics/original/955.mp4,face2face,1,0.0,0.0,0.1084,0.0,0.0,0.0
FaceForensics/FaceShifter/955_078.mp4,FaceForensics/original/955.mp4,faceshifter,1,0.1021,0.0449,0.1575,0.0888,0.0607,0.0409
FaceForensics/FaceSwap/955_078.mp4,FaceForensics/original/955.mp4,faceswap,1,0.0,0.05,0.1219,0.0,0.0,0.0
FaceForensics/NeuralTextures/955_078.mp4,FaceForensics/original/955.mp4,neuraltextures,1,0.0444,0.0,0.1598,0.0504,0.0,0.0
FaceForensics/original/956.mp4,FaceForensics/original/956.mp4,original,0,0.0,0.0,0.0,0.0,0.0,0.0
FaceForensics/Deepfakes/956_958.mp4,FaceForensics/original/956.mp4,deepfakes,1,0.0,0.0,0.0829,0.0,0.0,0.0
FaceForensics/Face2Face/956_958.mp4,FaceForensics/original/956.mp4,face2face,1,0.0,0.0,0.0597,0.0,0.0,0.0
FaceForensics/FaceShifter/956_958.mp4,FaceForensics/original/956.mp4,faceshifter,1,0.0898,0.0,0.0,0.0,0.0,0.0
FaceForensics/FaceSwap/956_958.mp4,FaceForensics/original/956.mp4,faceswap,1,0.0758,0.0615,0.0,0.0459,0.0,0.0
FaceForensics/NeuralTextures/956_958.mp4,FaceForensics/original/956.mp4,neuraltextures,1,0.0,0.0,0.0,0.0,0.0,0.0
FaceForensics/original/957.mp4,FaceForensics/original/957.mp4,original,0,0.0,0.0,0.0,0.0,0.0,0.0
FaceForensics/Deepfakes/957_959.mp4,FaceForensics/original/957.mp4,deepfakes,1,0.0428,0.0829,0.0,0.0,0.0,0.0
FaceForensics/Face2Face/957_959.mp4,FaceForensics/original/957.mp4,face2face,1,0.0,0.0,0.0,0.0,0.0,0.0
FaceForensics/FaceShifter/957_959.mp4,FaceForensics/original/957.mp4,faceshifter,1,0.0483,0.0,0.0,0.0,0.0,0.0
FaceForensics/FaceSwap/957_959.mp4,FaceForensics/original/957.mp4,faceswap,1,0.0428,0.0,0.0,0.0,0.0,0.0
FaceForensics/NeuralTextures/957_959.mp4,FaceForensics/original/957.mp4,neuraltextures,1,0.0,0.0,0.0,0.0,0.0,0.0
FaceForensics/original/958.mp4,FaceForensics/original/958.mp4,original,0,0.0,0.0,0.0,0.0,0.0,0.0
FaceForensics/Deepfakes/958_956.mp4,FaceForensics/original/958.mp4,deepfakes,1,0.0,0.0,0.1324,0.0,0.0607,0.0
FaceForensics/Face2Face/958_956.mp4,FaceForensics/original/958.mp4,face2face,1,0.0,0.0,0.0663,0.0,0.0,0.0
FaceForensics/FaceShifter/958_956.mp4,FaceForensics/original/958.mp4,faceshifter,1,0.0,0.0,0.0,0.0,0.0,0.0
FaceForensics/FaceSwap/958_956.mp4,FaceForensics/original/958.mp4,faceswap,1,0.0966,0.0468,0.0,0.0,0.0934,0.0
FaceForensics/NeuralTextures/958_956.mp4,FaceForensics/original/958.mp4,neuraltextures,1,0.0,0.0,0.2344,0.0,0.0,0.0
FaceForensics/original/959.mp4,FaceForensics/original/959.mp4,original,0,0.0,0.0,0.0,0.0,0.0,0.0
FaceForensics/Deepfakes/959_957.mp4,FaceForensics/original/959.mp4,deepfakes,1,0.0,0.0,0.0,0.0,0.0,0.0
FaceForensics/Face2Face/959_957.mp4,FaceForensics/original/959.mp4,face2face,1,0.0,0.0,0.0651,0.0,0.0682,0.0
FaceForensics/FaceShifter/959_957.mp4,FaceForensics/original/959.mp4,faceshifter,1,0.0,0.0,0.0,0.0,0.0,0.0
FaceForensics/FaceSwap/959_957.mp4,FaceForensics/original/959.mp4,faceswap,1,0.0,0.0,0.0416,0.0,0.0,0.0
FaceForensics/NeuralTextures/959_957.mp4,FaceForensics/original/959.mp4,neuraltextures,1,0.0,0.0,0.0,0.0,0.0,0.0
FaceForensics/original/960.mp4,FaceForensics/original/960.mp4,original,0,0.0,0.0,0.0,0.0,0.0,0.0
FaceForensics/Deepfakes/960_999.mp4,FaceForensics/original/960.mp4,deepfakes,1,0.0572,0.0581,0.0,0.0,0.0,0.0
FaceForensics/Face2Face/960_999.mp4,FaceForensics/original/960.mp4,face2face,1,0.0,0.0,0.0,0.0,0.0,0.0
FaceForensics/FaceShifter/960_999.mp4,FaceForensics/original/960.mp4,faceshifter,1,0.0,0.0722,0.066,0.0766,0.0,0.0
FaceForensics/FaceSwap/960_999.mp4,FaceForensics/original/960.mp4,faceswap,1,0.0,0.0482,0.0,0.0434,0.0,0.0
FaceForensics/NeuralTextures/960_999.mp4,FaceForensics/original/960.mp4,neuraltextures,1,0.0,0.0,0.0,0.0,0.0,0.0
FaceForensics/original/961.mp4,FaceForensics/original/961.mp4,original,0,0.0,0.0,0.0,0.0,0.0,0.0
FaceForensics/Deepfakes/961_069.mp4,FaceForensics/original/961.mp4,deepfakes,1,0.0,0.0777,0.0,0.055,0.0451,0.0
FaceForensics/Face2Face/961_069.mp4,FaceForensics/original/961.mp4,face2face,1,0.0703,0.045,0.096,0.0,0.1407,0.0779
FaceForensics/FaceShifter/961_069.mp4,FaceForensics/original/961.mp4,faceshifter,1,0.0428,0.0674,0.0,0.0599,0.0493,0.0
FaceForensics/FaceSwap/961_069.mp4,FaceForensics/original/961.mp4,faceswap,1,0.0428,0.1006,0.0,0.0449,0.0578,0.0
FaceForensics/NeuralTextures/961_069.mp4,FaceForensics/original/961.mp4,neuraltextures,1,0.0866,0.0,0.0,0.0,0.0,0.0
FaceForensics/original/962.mp4,FaceForensics/original/962.mp4,original,0,0.0,0.0,0.0,0.0,0.0,0.0
FaceForensics/Deepfakes/962_929.mp4,FaceForensics/original/962.mp4,deepfakes,1,0.0,0.0,0.0766,0.0597,0.071,0.0
FaceForensics/Face2Face/962_929.mp4,FaceForensics/original/962.mp4,face2face,1,0.0,0.0508,0.1292,0.0902,0.0666,0.0
FaceForensics/FaceShifter/962_929.mp4,FaceForensics/original/962.mp4,faceshifter,1,0.0,0.0,0.0,0.0,0.0,0.0
FaceForensics/FaceSwap/962_929.mp4,FaceForensics/original/962.mp4,faceswap,1,0.0,0.0,0.1464,0.0,0.0615,0.0
FaceForensics/NeuralTextures/962_929.mp4,FaceForensics/original/962.mp4,neuraltextures,1,0.0,0.0,0.2659,0.0781,0.0765,0.0
FaceForensics/original/963.mp4,FaceForensics/original/963.mp4,original,0,0.0,0.0,0.0,0.0,0.0,0.0
FaceForensics/Deepfakes/963_879.mp4,FaceForensics/original/963.mp4,deepfakes,1,0.1066,0.0912,0.4848,0.0922,0.0,0.0771
FaceForensics/Face2Face/963_879.mp4,FaceForensics/original/963.mp4,face2face,1,0.0,0.0,0.677,0.1323,0.0,0.0
FaceForensics/FaceShifter/963_879.mp4,FaceForensics/original/963.mp4,faceshifter,1,0.0515,0.0,0.0,0.0605,0.0,0.0
FaceForensics/FaceSwap/963_879.mp4,FaceForensics/original/963.mp4,faceswap,1,0.0,0.0,0.5645,0.0654,0.0,0.0
FaceForensics/NeuralTextures/963_879.mp4,FaceForensics/original/963.mp4,neuraltextures,1,0.0,0.0912,0.5676,0.1209,0.0,0.0
FaceForensics/original/964.mp4,FaceForensics/original/964.mp4,original,0,0.0,0.0,0.0,0.0,0.0,0.0
FaceForensics/Deepfakes/964_174.mp4,FaceForensics/original/964.mp4,deepfakes,1,0.0,0.0,0.2521,0.0,0.0,0.0
FaceForensics/Face2Face/964_174.mp4,FaceForensics/original/964.mp4,face2face,1,0.0975,0.0786,0.0,0.0,0.0814,0.0
FaceForensics/FaceShifter/964_174.mp4,FaceForensics/original/964.mp4,faceshifter,1,0.0,0.0,0.1008,0.0581,0.0734,0.0
FaceForensics/FaceSwap/964_174.mp4,FaceForensics/original/964.mp4,faceswap,1,0.0455,0.0,0.0,0.0,0.0,0.0
FaceForensics/NeuralTextures/964_174.mp4,FaceForensics/original/964.mp4,neuraltextures,1,0.143,0.12,0.0,0.0,0.0808,0.0
FaceForensics/original/965.mp4,FaceForensics/original/965.mp4,original,0,0.0,0.0,0.0,0.0,0.0,0.0
FaceForensics/Deepfakes/965_948.mp4,FaceForensics/original/965.mp4,deepfakes,1,0.0,0.0808,0.0,0.0,0.0,0.0
FaceForensics/Face2Face/965_948.mp4,FaceForensics/original/965.mp4,face2face,1,0.0,0.0,0.0,0.0401,0.0,0.0426
FaceForensics/FaceShifter/965_948.mp4,FaceForensics/original/965.mp4,faceshifter,1,0.1043,0.0504,0.0,0.0,0.0,0.0
FaceForensics/FaceSwap/965_948.mp4,FaceForensics/original/965.mp4,faceswap,1,0.0,0.1032,0.0,0.0,0.066,0.0
FaceForensics/NeuralTextures/965_948.mp4,FaceForensics/original/965.mp4,neuraltextures,1,0.0,0.0,0.0,0.045,0.0,0.0
FaceForensics/original/966.mp4,FaceForensics/original/966.mp4,original,0,0.0,0.0,0.0,0.0,0.0,0.0
FaceForensics/Deepfakes/966_988.mp4,FaceForensics/original/966.mp4,deepfakes,1,0.0,0.0724,0.0,0.0,0.0,0.0
FaceForensics/Face2Face/966_988.mp4,FaceForensics/original/966.mp4,face2face,1,0.0,0.0,0.0,0.0,0.0,0.0
FaceForensics/FaceShifter/966_988.mp4,FaceForensics/original/966.mp4,faceshifter,1,0.1022,0.0,0.0,0.0,0.0,0.0
FaceForensics/FaceSwap/966_988.mp4,FaceForensics/original/966.mp4,faceswap,1,0.0972,0.0,0.0,0.0,0.0,0.0
FaceForensics/NeuralTextures/966_988.mp4,FaceForensics/original/966.mp4,neuraltextures,1,0.0,0.0,0.0,0.0,0.0,0.0
FaceForensics/original/967.mp4,FaceForensics/original/967.mp4,original,0,0.0,0.0,0.0,0.0,0.0,0.0
FaceForensics/Deepfakes/967_984.mp4,FaceForensics/original/967.mp4,deepfakes,1,0.0852,0.0,0.0909,0.0708,0.0,0.0
FaceForensics/Face2Face/967_984.mp4,FaceForensics/original/967.mp4,face2face,1,0.0557,0.0,0.0,0.0,0.0,0.0
FaceForensics/FaceShifter/967_984.mp4,FaceForensics/original/967.mp4,faceshifter,1,0.0886,0.0,0.0,0.0548,0.0429,0.0
FaceForensics/FaceSwap/967_984.mp4,FaceForensics/original/967.mp4,faceswap,1,0.2137,0.0631,0.0,0.0,0.0569,0.0
FaceForensics/NeuralTextures/967_984.mp4,FaceForensics/original/967.mp4,neuraltextures,1,0.0,0.0,0.0,0.0,0.0,0.0
FaceForensics/original/968.mp4,FaceForensics/original/968.mp4,original,0,0.0,0.0,0.0,0.0,0.0,0.0
FaceForensics/Deepfakes/968_884.mp4,FaceForensics/original/968.mp4,deepfakes,1,0.0,0.0,0.0,0.0,0.0474,0.0
FaceForensics/Face2Face/968_884.mp4,FaceForensics/original/968.mp4,face2face,1,0.0,0.0,0.0,0.0,0.0,0.0
FaceForensics/FaceShifter/968_884.mp4,FaceForensics/original/968.mp4,faceshifter,1,0.0,0.0,0.0,0.0,0.0,0.0
FaceForensics/FaceSwap/968_884.mp4,FaceForensics/original/968.mp4,faceswap,1,0.0,0.0443,0.0,0.0,0.0,0.0
FaceForensics/NeuralTextures/968_884.mp4,FaceForensics/original/968.mp4,neuraltextures,1,0.0,0.0,0.0,0.0,0.0,0.0
FaceForensics/original/969.mp4,FaceForensics/original/969.mp4,original,0,0.0,0.0,0.0,0.0,0.0,0.0
FaceForensics/Deepfakes/969_897.mp4,FaceForensics/original/969.mp4,deepfakes,1,0.0,0.0,0.0,0.0,0.0,0.0
FaceForensics/Face2Face/969_897.mp4,FaceForensics/original/969.mp4,face2face,1,0.0,0.0,0.0,0.0,0.0,0.0
FaceForensics/FaceShifter/969_897.mp4,FaceForensics/original/969.mp4,faceshifter,1,0.0,0.0,0.0,0.0,0.0,0.0
FaceForensics/FaceSwap/969_897.mp4,FaceForensics/original/969.mp4,faceswap,1,0.0892,0.0,0.0,0.0,0.0,0.0
FaceForensics/NeuralTextures/969_897.mp4,FaceForensics/original/969.mp4,neuraltextures,1,0.0,0.0,0.0,0.0,0.0,0.0
FaceForensics/original/970.mp4,FaceForensics/original/970.mp4,original,0,0.0,0.0,0.0,0.0,0.0,0.0
FaceForensics/Deepfakes/970_973.mp4,FaceForensics/original/970.mp4,deepfakes,1,0.0,0.0,0.2524,0.0,0.0721,0.0
FaceForensics/Face2Face/970_973.mp4,FaceForensics/original/970.mp4,face2face,1,0.0,0.0,0.1399,0.0,0.0,0.0
FaceForensics/FaceShifter/970_973.mp4,FaceForensics/original/970.mp4,faceshifter,1,0.052,0.0,0.0,0.0,0.0,0.0
FaceForensics/FaceSwap/970_973.mp4,FaceForensics/original/970.mp4,faceswap,1,0.0586,0.0,0.1538,0.0,0.0573,0.0
FaceForensics/NeuralTextures/970_973.mp4,FaceForensics/original/970.mp4,neuraltextures,1,0.0,0.0,0.1276,0.0,0.0472,0.0
FaceForensics/original/971.mp4,FaceForensics/original/971.mp4,original,0,0.0,0.0,0.0,0.0,0.0,0.0
FaceForensics/Deepfakes/971_564.mp4,FaceForensics/original/971.mp4,deepfakes,1,0.2284,0.2502,0.1213,0.1343,0.076,0.0771
FaceForensics/Face2Face/971_564.mp4,FaceForensics/original/971.mp4,face2face,1,0.063,0.0,0.0,0.0,0.0,0.0
FaceForensics/FaceShifter/971_564.mp4,FaceForensics/original/971.mp4,faceshifter,1,0.2027,0.0963,0.0498,0.0749,0.0,0.061
FaceForensics/FaceSwap/971_564.mp4,FaceForensics/original/971.mp4,faceswap,1,0.1512,0.1439,0.0,0.0516,0.0,0.0
FaceForensics/NeuralTextures/971_564.mp4,FaceForensics/original/971.mp4,neuraltextures,1,0.0623,0.0,0.0,0.0,0.0,0.0
FaceForensics/original/972.mp4,FaceForensics/original/972.mp4,original,0,0.0,0.0,0.0,0.0,0.0,0.0
FaceForensics/Deepfakes/972_718.mp4,FaceForensics/original/972.mp4,deepfakes,1,0.2789,0.0869,0.0,0.0537,0.0589,0.0
FaceForensics/Face2Face/972_718.mp4,FaceForensics/original/972.mp4,face2face,1,0.29,0.0,0.0,0.0,0.0,0.0
FaceForensics/FaceShifter/972_718.mp4,FaceForensics/original/972.mp4,faceshifter,1,0.1248,0.0559,0.0455,0.0433,0.0,0.0548
FaceForensics/FaceSwap/972_718.mp4,FaceForensics/original/972.mp4,faceswap,1,0.0,0.1125,0.0,0.0,0.0,0.0
FaceForensics/NeuralTextures/972_718.mp4,FaceForensics/original/972.mp4,neuraltextures,1,0.0,0.0,0.0,0.0,0.0,0.0
FaceForensics/original/973.mp4,FaceForensics/original/973.mp4,original,0,0.0,0.0,0.0,0.0,0.0,0.0
FaceForensics/Deepfakes/973_970.mp4,FaceForensics/original/973.mp4,deepfakes,1,0.0,0.052,0.145,0.0,0.0,0.0
FaceForensics/Face2Face/973_970.mp4,FaceForensics/original/973.mp4,face2face,1,0.0511,0.0,0.2332,0.0,0.0,0.0
FaceForensics/FaceShifter/973_970.mp4,FaceForensics/original/973.mp4,faceshifter,1,0.1349,0.0,0.0,0.0,0.0,0.0
FaceForensics/FaceSwap/973_970.mp4,FaceForensics/original/973.mp4,faceswap,1,0.0712,0.0685,0.1908,0.0718,0.0,0.0422
FaceForensics/NeuralTextures/973_970.mp4,FaceForensics/original/973.mp4,neuraltextures,1,0.0963,0.0836,0.1993,0.0,0.0,0.0
FaceForensics/original/974.mp4,FaceForensics/original/974.mp4,original,0,0.0,0.0,0.0,0.0,0.0,0.0
FaceForensics/Deepfakes/974_953.mp4,FaceForensics/original/974.mp4,deepfakes,1,0.2447,0.1746,0.059,0.0843,0.0,0.0
FaceForensics/Face2Face/974_953.mp4,FaceForensics/original/974.mp4,face2face,1,0.0,0.0,0.0,0.0,0.0,0.0
FaceForensics/FaceShifter/974_953.mp4,FaceForensics/original/974.mp4,faceshifter,1,0.0,0.0,0.0,0.0,0.0,0.0
FaceForensics/FaceSwap/974_953.mp4,FaceForensics/original/974.mp4,faceswap,1,0.2254,0.2078,0.0,0.0601,0.0433,0.0
FaceForensics/NeuralTextures/974_953.mp4,FaceForensics/original/974.mp4,neuraltextures,1,0.0,0.0,0.0,0.0,0.0,0.0
FaceForensics/original/975.mp4,FaceForensics/original/975.mp4,original,0,0.0,0.0,0.0,0.0,0.0,0.0
FaceForensics/Deepfakes/975_978.mp4,FaceForensics/original/975.mp4,deepfakes,1,0.0,0.0,0.0,0.0,0.0,0.0
FaceForensics/Face2Face/975_978.mp4,FaceForensics/original/975.mp4,face2face,1,0.0509,0.0,0.0,0.0,0.0,0.0
FaceForensics/FaceShifter/975_978.mp4,FaceForensics/original/975.mp4,faceshifter,1,0.0,0.0,0.0,0.0,0.0,0.0
FaceForensics/FaceSwap/975_978.mp4,FaceForensics/original/975.mp4,faceswap,1,0.0,0.0,0.0,0.0,0.0,0.0
FaceForensics/NeuralTextures/975_978.mp4,FaceForensics/original/975.mp4,neuraltextures,1,0.0445,0.0,0.0,0.0,0.0,0.0
FaceForensics/original/976.mp4,FaceForensics/original/976.mp4,original,0,0.0,0.0,0.0,0.0,0.0,0.0
FaceForensics/Deepfakes/976_954.mp4,FaceForensics/original/976.mp4,deepfakes,1,0.2127,0.1437,0.0752,0.1248,0.0528,0.0812
FaceForensics/Face2Face/976_954.mp4,FaceForensics/original/976.mp4,face2face,1,0.0,0.0,0.0,0.0,0.0,0.0
FaceForensics/FaceShifter/976_954.mp4,FaceForensics/original/976.mp4,faceshifter,1,0.0,0.0,0.0,0.0,0.0,0.0
FaceForensics/FaceSwap/976_954.mp4,FaceForensics/original/976.mp4,faceswap,1,0.1435,0.1373,0.0,0.0925,0.052,0.0739
FaceForensics/NeuralTextures/976_954.mp4,FaceForensics/original/976.mp4,neuraltextures,1,0.0,0.0,0.0,0.0475,0.0,0.0
FaceForensics/original/977.mp4,FaceForensics/original/977.mp4,original,0,0.0,0.0,0.0,0.0,0.0,0.0
FaceForensics/Deepfakes/977_075.mp4,FaceForensics/original/977.mp4,deepfakes,1,0.0,0.0,0.1929,0.0641,0.0658,0.0455
FaceForensics/Face2Face/977_075.mp4,FaceForensics/original/977.mp4,face2face,1,0.0,0.0,0.1672,0.0,0.0,0.0
FaceForensics/FaceShifter/977_075.mp4,FaceForensics/original/977.mp4,faceshifter,1,0.1116,0.0407,0.0,0.0,0.0535,0.0762
FaceForensics/FaceSwap/977_075.mp4,FaceForensics/original/977.mp4,faceswap,1,0.0,0.0,0.2055,0.0435,0.0,0.0
FaceForensics/NeuralTextures/977_075.mp4,FaceForensics/original/977.mp4,neuraltextures,1,0.0,0.0602,0.461,0.0901,0.0,0.0
FaceForensics/original/978.mp4,FaceForensics/original/978.mp4,original,0,0.0,0.0,0.0,0.0,0.0,0.0
FaceForensics/Deepfakes/978_975.mp4,FaceForensics/original/978.mp4,deepfakes,1,0.0,0.0443,0.0,0.0,0.0,0.0
FaceForensics/Face2Face/978_975.mp4,FaceForensics/original/978.mp4,face2face,1,0.0,0.0,0.0,0.0,0.0,0.0
FaceForensics/FaceShifter/978_975.mp4,FaceForensics/original/978.mp4,faceshifter,1,0.0,0.0,0.0,0.0,0.0,0.0
FaceForensics/FaceSwap/978_975.mp4,FaceForensics/original/978.mp4,faceswap,1,0.0,0.0,0.0,0.0,0.0,0.0
FaceForensics/NeuralTextures/978_975.mp4,FaceForensics/original/978.mp4,neuraltextures,1,0.0,0.0,0.0,0.0,0.0,0.0
FaceForensics/original/979.mp4,FaceForensics/original/979.mp4,original,0,0.0,0.0,0.0,0.0,0.0,0.0
FaceForensics/Deepfakes/979_875.mp4,FaceForensics/original/979.mp4,deepfakes,1,0.0779,0.1128,0.0545,0.0727,0.0835,0.0
FaceForensics/Face2Face/979_875.mp4,FaceForensics/original/979.mp4,face2face,1,0.0455,0.0,0.0,0.0,0.0502,0.0
FaceForensics/FaceShifter/979_875.mp4,FaceForensics/original/979.mp4,faceshifter,1,0.0974,0.1211,0.0,0.091,0.0457,0.0
FaceForensics/FaceSwap/979_875.mp4,FaceForensics/original/979.mp4,faceswap,1,0.1035,0.1186,0.0,0.0665,0.0643,0.0
FaceForensics/NeuralTextures/979_875.mp4,FaceForensics/original/979.mp4,neuraltextures,1,0.065,0.0,0.0,0.0,0.0,0.0
FaceForensics/original/980.mp4,FaceForensics/original/980.mp4,original,0,0.0,0.0,0.0,0.0,0.0,0.0
FaceForensics/Deepfakes/980_992.mp4,FaceForensics/original/980.mp4,deepfakes,1,0.0,0.0,0.0,0.0,0.0,0.0
FaceForensics/Face2Face/980_992.mp4,FaceForensics/original/980.mp4,face2face,1,0.0,0.0,0.0,0.0,0.0,0.0
FaceForensics/FaceShifter/980_992.mp4,FaceForensics/original/980.mp4,faceshifter,1,0.0,0.0,0.0,0.0,0.0,0.0
FaceForensics/FaceSwap/980_992.mp4,FaceForensics/original/980.mp4,faceswap,1,0.0714,0.0667,0.0,0.0541,0.0536,0.0512
FaceForensics/NeuralTextures/980_992.mp4,FaceForensics/original/980.mp4,neuraltextures,1,0.0,0.0,0.1123,0.0,0.0956,0.0404
FaceForensics/original/981.mp4,FaceForensics/original/981.mp4,original,0,0.0,0.0,0.0,0.0,0.0,0.0
FaceForensics/Deepfakes/981_985.mp4,FaceForensics/original/981.mp4,deepfakes,1,0.0684,0.0494,0.2193,0.0,0.0453,0.0
FaceForensics/Face2Face/981_985.mp4,FaceForensics/original/981.mp4,face2face,1,0.1313,0.0,0.0,0.0,0.0486,0.0
FaceForensics/FaceShifter/981_985.mp4,FaceForensics/original/981.mp4,faceshifter,1,0.1813,0.0406,0.0,0.0,0.0,0.0
FaceForensics/FaceSwap/981_985.mp4,FaceForensics/original/981.mp4,faceswap,1,0.0691,0.04,0.0,0.0,0.0,0.0
FaceForensics/NeuralTextures/981_985.mp4,FaceForensics/original/981.mp4,neuraltextures,1,0.1693,0.0479,0.0,0.0703,0.0534,0.0402
FaceForensics/original/982.mp4,FaceForensics/original/982.mp4,original,0,0.0,0.0,0.0,0.0,0.0,0.0
FaceForensics/Deepfakes/982_004.mp4,FaceForensics/original/982.mp4,deepfakes,1,0.0754,0.0,0.1297,0.0,0.0,0.0
FaceForensics/Face2Face/982_004.mp4,FaceForensics/original/982.mp4,face2face,1,0.063,0.0,0.0,0.0,0.0,0.0
FaceForensics/FaceShifter/982_004.mp4,FaceForensics/original/982.mp4,faceshifter,1,0.0559,0.0,0.0,0.046,0.0,0.0
FaceForensics/FaceSwap/982_004.mp4,FaceForensics/original/982.mp4,faceswap,1,0.1023,0.0877,0.0,0.0477,0.0,0.0
FaceForensics/NeuralTextures/982_004.mp4,FaceForensics/original/982.mp4,neuraltextures,1,0.0,0.0,0.0,0.0,0.0,0.0
FaceForensics/original/983.mp4,FaceForensics/original/983.mp4,original,0,0.0,0.0,0.0,0.0,0.0,0.0
FaceForensics/Deepfakes/983_113.mp4,FaceForensics/original/983.mp4,deepfakes,1,0.0,0.0,0.0,0.0,0.0,0.0
FaceForensics/Face2Face/983_113.mp4,FaceForensics/original/983.mp4,face2face,1,0.0,0.0,0.0,0.0,0.0,0.0
FaceForensics/FaceShifter/983_113.mp4,FaceForensics/original/983.mp4,faceshifter,1,0.1167,0.1972,0.0,0.0,0.0678,0.0
FaceForensics/FaceSwap/983_113.mp4,FaceForensics/original/983.mp4,faceswap,1,0.0,0.0,0.0,0.0,0.0,0.0
FaceForensics/NeuralTextures/983_113.mp4,FaceForensics/original/983.mp4,neuraltextures,1,0.0,0.0,0.0,0.0,0.0,0.0
FaceForensics/original/984.mp4,FaceForensics/original/984.mp4,original,0,0.0,0.0,0.0,0.0,0.0,0.0
FaceForensics/Deepfakes/984_967.mp4,FaceForensics/original/984.mp4,deepfakes,1,0.0745,0.0,0.0,0.0,0.0,0.0
FaceForensics/Face2Face/984_967.mp4,FaceForensics/original/984.mp4,face2face,1,0.0,0.0,0.0,0.0,0.0,0.0
FaceForensics/FaceShifter/984_967.mp4,FaceForensics/original/984.mp4,faceshifter,1,0.061,0.0479,0.0,0.0,0.0,0.0
FaceForensics/FaceSwap/984_967.mp4,FaceForensics/original/984.mp4,faceswap,1,0.0,0.0,0.0,0.0,0.0,0.0
FaceForensics/NeuralTextures/984_967.mp4,FaceForensics/original/984.mp4,neuraltextures,1,0.0421,0.0,0.0,0.0,0.0,0.0
FaceForensics/original/985.mp4,FaceForensics/original/985.mp4,original,0,0.0,0.0,0.0,0.0,0.0,0.0
FaceForensics/Deepfakes/985_981.mp4,FaceForensics/original/985.mp4,deepfakes,1,0.0451,0.0,0.0525,0.0,0.0,0.0
FaceForensics/Face2Face/985_981.mp4,FaceForensics/original/985.mp4,face2face,1,0.0,0.0,0.0,0.0,0.0,0.0
FaceForensics/FaceShifter/985_981.mp4,FaceForensics/original/985.mp4,faceshifter,1,0.2914,0.1068,0.074,0.0,0.0,0.041
FaceForensics/FaceSwap/985_981.mp4,FaceForensics/original/985.mp4,faceswap,1,0.0,0.0,0.0,0.0,0.0,0.0
FaceForensics/NeuralTextures/985_981.mp4,FaceForensics/original/985.mp4,neuraltextures,1,0.0,0.0,0.0,0.0,0.0,0.0
FaceForensics/original/986.mp4,FaceForensics/original/986.mp4,original,0,0.0,0.0,0.0,0.0,0.0,0.0
FaceForensics/Deepfakes/986_994.mp4,FaceForensics/original/986.mp4,deepfakes,1,0.0,0.0,0.0,0.0,0.0,0.0636
FaceForensics/Face2Face/986_994.mp4,FaceForensics/original/986.mp4,face2face,1,0.0,0.0,0.0,0.0,0.0,0.0
FaceForensics/FaceShifter/986_994.mp4,FaceForensics/original/986.mp4,faceshifter,1,0.0,0.0,0.0,0.0,0.0,0.0
FaceForensics/FaceSwap/986_994.mp4,FaceForensics/original/986.mp4,faceswap,1,0.0,0.0,0.0,0.0,0.0,0.0
FaceForensics/NeuralTextures/986_994.mp4,FaceForensics/original/986.mp4,neuraltextures,1,0.0,0.0,0.0,0.0,0.0,0.0
FaceForensics/original/987.mp4,FaceForensics/original/987.mp4,original,0,0.0,0.0,0.0,0.0,0.0,0.0
FaceForensics/Deepfakes/987_938.mp4,FaceForensics/original/987.mp4,deepfakes,1,0.0,0.0,0.1598,0.0,0.0,0.0
FaceForensics/Face2Face/987_938.mp4,FaceForensics/original/987.mp4,face2face,1,0.0,0.0,0.0922,0.0,0.0,0.0
FaceForensics/FaceShifter/987_938.mp4,FaceForensics/original/987.mp4,faceshifter,1,0.0,0.0,0.0,0.0424,0.0,0.0
FaceForensics/FaceSwap/987_938.mp4,FaceForensics/original/987.mp4,faceswap,1,0.0,0.0,0.0421,0.0,0.0,0.0
FaceForensics/NeuralTextures/987_938.mp4,FaceForensics/original/987.mp4,neuraltextures,1,0.0,0.0,0.1094,0.0,0.0,0.0
FaceForensics/original/988.mp4,FaceForensics/original/988.mp4,original,0,0.0,0.0,0.0,0.0,0.0,0.0
FaceForensics/Deepfakes/988_966.mp4,FaceForensics/original/988.mp4,deepfakes,1,0.0585,0.0,0.0,0.0,0.0,0.0
FaceForensics/Face2Face/988_966.mp4,FaceForensics/original/988.mp4,face2face,1,0.0,0.0,0.0673,0.0438,0.0,0.0
FaceForensics/FaceShifter/988_966.mp4,FaceForensics/original/988.mp4,faceshifter,1,0.0,0.0,0.0,0.0,0.0,0.0
FaceForensics/FaceSwap/988_966.mp4,FaceForensics/original/988.mp4,faceswap,1,0.0,0.0,0.0,0.0,0.0,0.0
FaceForensics/NeuralTextures/988_966.mp4,FaceForensics/original/988.mp4,neuraltextures,1,0.052,0.0421,0.0672,0.0,0.0,0.0
FaceForensics/original/989.mp4,FaceForensics/original/989.mp4,original,0,0.0,0.0,0.0,0.0,0.0,0.0
FaceForensics/Deepfakes/989_993.mp4,FaceForensics/original/989.mp4,deepfakes,1,0.0,0.0,0.3148,0.1275,0.0448,0.0
FaceForensics/Face2Face/989_993.mp4,FaceForensics/original/989.mp4,face2face,1,0.0,0.0,0.1671,0.0,0.0,0.0
FaceForensics/FaceShifter/989_993.mp4,FaceForensics/original/989.mp4,faceshifter,1,0.0,0.0,0.0,0.0724,0.0,0.0541
FaceForensics/FaceSwap/989_993.mp4,FaceForensics/original/989.mp4,faceswap,1,0.0716,0.0816,0.0,0.0597,0.0,0.0
FaceForensics/NeuralTextures/989_993.mp4,FaceForensics/original/989.mp4,neuraltextures,1,0.0,0.0,0.0916,0.0,0.0,0.0
FaceForensics/original/990.mp4,FaceForensics/original/990.mp4,original,0,0.0,0.0,0.0,0.0,0.0,0.0
FaceForensics/Deepfakes/990_008.mp4,FaceForensics/original/990.mp4,deepfakes,1,0.0,0.0,0.0,0.0,0.0,0.0
FaceForensics/Face2Face/990_008.mp4,FaceForensics/original/990.mp4,face2face,1,0.0,0.0,0.0,0.0,0.0,0.0
FaceForensics/FaceShifter/990_008.mp4,FaceForensics/original/990.mp4,faceshifter,1,0.0,0.0,0.0,0.0,0.0,0.0
FaceForensics/FaceSwap/990_008.mp4,FaceForensics/original/990.mp4,faceswap,1,0.0,0.0,0.0,0.0,0.0,0.0
FaceForensics/NeuralTextures/990_008.mp4,FaceForensics/original/990.mp4,neuraltextures,1,0.0,0.0,0.0,0.0,0.0,0.0
FaceForensics/original/991.mp4,FaceForensics/original/991.mp4,original,0,0.0,0.0,0.0,0.0,0.0,0.0
FaceForensics/Deepfakes/991_064.mp4,FaceForensics/original/991.mp4,deepfakes,1,0.0,0.0,0.0813,0.0,0.0,0.0
FaceForensics/Face2Face/991_064.mp4,FaceForensics/original/991.mp4,face2face,1,0.0518,0.0,0.1334,0.0,0.0432,0.0
FaceForensics/FaceShifter/991_064.mp4,FaceForensics/original/991.mp4,faceshifter,1,0.0582,0.0,0.0,0.0462,0.0,0.0
FaceForensics/FaceSwap/991_064.mp4,FaceForensics/original/991.mp4,faceswap,1,0.0517,0.0,0.0,0.0,0.0,0.0
FaceForensics/NeuralTextures/991_064.mp4,FaceForensics/original/991.mp4,neuraltextures,1,0.0,0.0,0.1367,0.0,0.0,0.0
FaceForensics/original/992.mp4,FaceForensics/original/992.mp4,original,0,0.0,0.0,0.0,0.0,0.0,0.0
FaceForensics/Deepfakes/992_980.mp4,FaceForensics/original/992.mp4,deepfakes,1,0.0,0.0,0.1584,0.0,0.0,0.0
FaceForensics/Face2Face/992_980.mp4,FaceForensics/original/992.mp4,face2face,1,0.0,0.0,0.1119,0.0,0.0,0.0
FaceForensics/FaceShifter/992_980.mp4,FaceForensics/original/992.mp4,faceshifter,1,0.129,0.0511,0.0642,0.0,0.0,0.0
FaceForensics/FaceSwap/992_980.mp4,FaceForensics/original/992.mp4,faceswap,1,0.0,0.0,0.0,0.0,0.0,0.0
FaceForensics/NeuralTextures/992_980.mp4,FaceForensics/original/992.mp4,neuraltextures,1,0.0,0.0,0.0,0.0615,0.0441,0.0
FaceForensics/original/993.mp4,FaceForensics/original/993.mp4,original,0,0.0,0.0,0.0,0.0,0.0,0.0
FaceForensics/Deepfakes/993_989.mp4,FaceForensics/original/993.mp4,deepfakes,1,0.1094,0.0512,0.1767,0.0668,0.082,0.0
FaceForensics/Face2Face/993_989.mp4,FaceForensics/original/993.mp4,face2face,1,0.0,0.0,0.1379,0.0793,0.0649,0.0
FaceForensics/FaceShifter/993_989.mp4,FaceForensics/original/993.mp4,faceshifter,1,0.0,0.0,0.0,0.0,0.0,0.0
FaceForensics/FaceSwap/993_989.mp4,FaceForensics/original/993.mp4,faceswap,1,0.0,0.0,0.0,0.0,0.0,0.0
FaceForensics/NeuralTextures/993_989.mp4,FaceForensics/original/993.mp4,neuraltextures,1,0.0,0.0,0.0,0.0,0.0,0.0
FaceForensics/original/994.mp4,FaceForensics/original/994.mp4,original,0,0.0,0.0,0.0,0.0,0.0,0.0
FaceForensics/Deepfakes/994_986.mp4,FaceForensics/original/994.mp4,deepfakes,1,0.2432,0.0658,0.0,0.0,0.0425,0.0
FaceForensics/Face2Face/994_986.mp4,FaceForensics/original/994.mp4,face2face,1,0.0,0.0,0.0,0.0,0.0,0.0
FaceForensics/FaceShifter/994_986.mp4,FaceForensics/original/994.mp4,faceshifter,1,0.148,0.0894,0.0,0.0,0.0,0.0
FaceForensics/FaceSwap/994_986.mp4,FaceForensics/original/994.mp4,faceswap,1,0.0443,0.0,0.0,0.0,0.0,0.0
FaceForensics/NeuralTextures/994_986.mp4,FaceForensics/original/994.mp4,neuraltextures,1,0.0,0.0,0.0,0.0,0.0,0.0
FaceForensics/original/995.mp4,FaceForensics/original/995.mp4,original,0,0.0,0.0,0.0,0.0,0.0,0.0
FaceForensics/Deepfakes/995_233.mp4,FaceForensics/original/995.mp4,deepfakes,1,0.0,0.0,0.4083,0.1168,0.0,0.0
FaceForensics/Face2Face/995_233.mp4,FaceForensics/original/995.mp4,face2face,1,0.0,0.0,0.3238,0.0,0.0,0.0
FaceForensics/FaceShifter/995_233.mp4,FaceForensics/original/995.mp4,faceshifter,1,0.0,0.0,0.0,0.0,0.0,0.0
FaceForensics/FaceSwap/995_233.mp4,FaceForensics/original/995.mp4,faceswap,1,0.0,0.0,0.1196,0.0,0.0547,0.0
FaceForensics/NeuralTextures/995_233.mp4,FaceForensics/original/995.mp4,neuraltextures,1,0.0907,0.0473,0.1242,0.0,0.0,0.0
FaceForensics/original/996.mp4,FaceForensics/original/996.mp4,original,0,0.0,0.0,0.0,0.0,0.0,0.0
FaceForensics/Deepfakes/996_056.mp4,FaceForensics/original/996.mp4,deepfakes,1,0.0,0.0,0.0433,0.0984,0.0,0.0
FaceForensics/Face2Face/996_056.mp4,FaceForensics/original/996.mp4,face2face,1,0.0634,0.0,0.0,0.0,0.0,0.0
FaceForensics/FaceShifter/996_056.mp4,FaceForensics/original/996.mp4,faceshifter,1,0.0,0.0,0.0,0.0,0.0,0.0
FaceForensics/FaceSwap/996_056.mp4,FaceForensics/original/996.mp4,faceswap,1,0.0,0.0894,0.0,0.0,0.0,0.0
FaceForensics/NeuralTextures/996_056.mp4,FaceForensics/original/996.mp4,neuraltextures,1,0.1013,0.0,0.0,0.0,0.0,0.0
FaceForensics/original/997.mp4,FaceForensics/original/997.mp4,original,0,0.0,0.0,0.0,0.0,0.0,0.0
FaceForensics/Deepfakes/997_040.mp4,FaceForensics/original/997.mp4,deepfakes,1,0.0,0.0,0.284,0.0,0.0,0.0
FaceForensics/Face2Face/997_040.mp4,FaceForensics/original/997.mp4,face2face,1,0.0,0.0,0.328,0.0,0.0,0.0
FaceForensics/FaceShifter/997_040.mp4,FaceForensics/original/997.mp4,faceshifter,1,0.0,0.0,0.0,0.0,0.0,0.0
FaceForensics/FaceSwap/997_040.mp4,FaceForensics/original/997.mp4,faceswap,1,0.0,0.0,0.1464,0.0,0.0,0.0
FaceForensics/NeuralTextures/997_040.mp4,FaceForensics/original/997.mp4,neuraltextures,1,0.0,0.0,0.1934,0.0,0.0,0.0
FaceForensics/original/998.mp4,FaceForensics/original/998.mp4,original,0,0.0,0.0,0.0,0.0,0.0,0.0
FaceForensics/Deepfakes/998_561.mp4,FaceForensics/original/998.mp4,deepfakes,1,0.0,0.0,0.0,0.0,0.0,0.0
FaceForensics/Face2Face/998_561.mp4,FaceForensics/original/998.mp4,face2face,1,0.0,0.0,0.0,0.0,0.0,0.0
FaceForensics/FaceShifter/998_561.mp4,FaceForensics/original/998.mp4,faceshifter,1,0.0,0.0,0.0,0.0,0.0,0.0
FaceForensics/FaceSwap/998_561.mp4,FaceForensics/original/998.mp4,faceswap,1,0.0827,0.0,0.0,0.0,0.0,0.0
FaceForensics/NeuralTextures/998_561.mp4,FaceForensics/original/998.mp4,neuraltextures,1,0.0,0.04,0.0,0.0,0.0529,0.0
FaceForensics/original/999.mp4,FaceForensics/original/999.mp4,original,0,0.0,0.0,0.0,0.0,0.0,0.0
FaceForensics/Deepfakes/999_960.mp4,FaceForensics/original/999.mp4,deepfakes,1,0.2706,0.0665,0.0,0.0574,0.0683,0.0643
FaceForensics/Face2Face/999_960.mp4,FaceForensics/original/999.mp4,face2face,1,0.1381,0.0,0.0432,0.0,0.0595,0.0
FaceForensics/FaceShifter/999_960.mp4,FaceForensics/original/999.mp4,faceshifter,1,0.0,0.0,0.0,0.0,0.0,0.0
FaceForensics/FaceSwap/999_960.mp4,FaceForensics/original/999.mp4,faceswap,1,0.0,0.0,0.0,0.0,0.042,0.0
FaceForensics/NeuralTextures/999_960.mp4,FaceForensics/original/999.mp4,neuraltextures,1,0.0989,0.0,0.0433,0.0,0.0,0.0439
